section,kind_id,instance,fact,lang,representative,run,final_state,present_in_final,blocking_flagged,nonblocking_flagged,final_text_source,qualifies
B,K01,bgroup_B4,MUSE-HC-006,EN,"A call came from an AI agent. That was what it seemed. But while the conversation continued, the voice on the other end was not AI. It was a person.",iter5/instances_s1/bgroup_B4.json,STAGE4_ESCALATION,False,True,False,recorded_after_rewrite,False
B,K01,bgroup_B4,MUSE-HC-006,EN,"A call came from an AI agent. That was what it seemed. But while the conversation continued, the voice on the other end was not AI. It was a person.",iter5/instances_s2/bgroup_B4.json,RESOLVED_REWRITE_THEN_DOWNGRADE,False,True,False,recorded_after_rewrite,False
B,K01,bgroup_B4,MUSE-HC-006,EN,"A call came from an AI agent. That was what it seemed. But while the conversation continued, the voice on the other end was not AI. It was a person.",iter6/instances_s1/bgroup_B4.json,STAGE4_ESCALATION,False,True,False,recorded_after_rewrite,False
B,K01,bgroup_B4,MUSE-HC-006,EN,"A call came from an AI agent. That was what it seemed. But while the conversation continued, the voice on the other end was not AI. It was a person.",iter6/instances_s2/bgroup_B4.json,RESOLVED_REWRITE_THEN_DOWNGRADE,True,False,False,recorded_after_rewrite,True
B,K01,bgroup_B4,MUSE-HC-006,EN,"A call came from an AI agent. That was what it seemed. But while the conversation continued, the voice on the other end was not AI. It was a person.",iter8/instances_s1/bgroup_B4.json,ACCEPTABLE_STAGE1,True,False,False,original_no_rewrite_recorded,True
B,K02,hormuz_run03_standard,HF-009,EN,"Oil prices moved briefly, then returned to a high level.",iter5/instances_s1/hormuz_run03_standard.json,RESOLVED_REWRITE_THEN_DOWNGRADE,True,False,False,recorded_after_rewrite,True
B,K02,hormuz_run03_standard,HF-009,EN,"Oil prices moved briefly, then returned to a high level.",iter5/instances_s2/hormuz_run03_standard.json,STAGE4_ESCALATION,True,False,False,recorded_after_rewrite,False
B,K02,hormuz_run03_standard,HF-009,EN,"Oil prices moved briefly, then returned to a high level.",iter6/instances_s1/hormuz_run03_standard.json,RESOLVED_REWRITE,True,False,False,recorded_after_rewrite,True
B,K02,hormuz_run03_standard,HF-009,EN,"Oil prices moved briefly, then returned to a high level.",iter6/instances_s2/hormuz_run03_standard.json,RESOLVED_REWRITE,True,False,False,recorded_after_rewrite,True
B,K02,hormuz_run03_standard,HF-009,EN,"Oil prices moved briefly, then returned to a high level.",iter7/instances_s1/hormuz_run03_standard.json,STAGE4_ESCALATION,True,False,False,recorded_after_rewrite,False
B,K02,hormuz_run03_standard,HF-009,EN,"Oil prices moved briefly, then returned to a high level.",iter7/instances_s2/hormuz_run03_standard.json,STAGE4_ESCALATION,False,True,False,recorded_after_rewrite,False
B,K02,hormuz_run03_standard,HF-009,EN,"Oil prices moved briefly, then returned to a high level.",iter8/instances_s1/hormuz_run03_standard.json,RESOLVED_STAGE2_DOWNGRADE,True,False,True,original_no_rewrite_recorded,True
B,K02,hormuz_run03_standard,HF-009,EN,"Oil prices moved briefly, then returned to a high level.",iter8/instances_s2/hormuz_run03_standard.json,RESOLVED_STAGE2_DOWNGRADE,True,False,True,original_no_rewrite_recorded,True
B,K02,hormuz_run03_standard,HF-009,EN,"Oil prices moved briefly, then returned to a high level.",rep10/instances_s1/hormuz_run03_standard.json,RESOLVED_REWRITE_THEN_DOWNGRADE,True,False,False,recorded_after_rewrite,True
B,K02,hormuz_run03_standard,HF-009,EN,"Oil prices moved briefly, then returned to a high level.",rep10/instances_s2/hormuz_run03_standard.json,RESOLVED_REWRITE,True,False,False,recorded_after_rewrite,True
B,K02,hormuz_run03_standard,HF-009,EN,"Oil prices moved briefly, then returned to a high level.",rep11/instances_s1/hormuz_run03_standard.json,ACCEPTABLE_STAGE1,True,False,False,original_no_rewrite_recorded,True
B,K02,hormuz_run03_standard,HF-009,EN,"Oil prices moved briefly, then returned to a high level.",rep11/instances_s2/hormuz_run03_standard.json,ACCEPTABLE_STAGE1,True,False,False,original_no_rewrite_recorded,True
B,K02,hormuz_run03_standard,HF-009,EN,"Oil prices moved briefly, then returned to a high level.",rep14/instances_s1/hormuz_run03_standard.json,STAGE4_ESCALATION,True,True,False,recorded_after_rewrite,False
B,K02,hormuz_run03_standard,HF-009,EN,"Oil prices moved briefly, then returned to a high level.",rep14/instances_s2/hormuz_run03_standard.json,STAGE4_ESCALATION,True,True,False,recorded_after_rewrite,False
B,K02,hormuz_run03_standard,HF-009,EN,"Oil prices moved briefly, then returned to a high level.",rep15/instances_s1/hormuz_run03_standard.json,STAGE4_ESCALATION,False,True,False,recorded_after_rewrite,False
B,K02,hormuz_run03_standard,HF-009,EN,"Oil prices moved briefly, then returned to a high level.",rep16/instances_s1/hormuz_run03_standard.json,RESOLVED_STAGE2_DOWNGRADE,True,False,True,original_no_rewrite_recorded,True
B,K02,hormuz_run03_standard,HF-009,EN,"Oil prices moved briefly, then returned to a high level.",rep16/instances_s2/hormuz_run03_standard.json,RESOLVED_STAGE2_DOWNGRADE,True,False,True,original_no_rewrite_recorded,True
B,K02,hormuz_run03_standard,HF-009,EN,"Oil prices moved briefly, then returned to a high level.",rep7/instances_s1/hormuz_run03_standard.json,RESOLVED_REWRITE_THEN_DOWNGRADE,True,False,False,recorded_after_rewrite,True
B,K02,hormuz_run03_standard,HF-009,EN,"Oil prices moved briefly, then returned to a high level.",rep7/instances_s2/hormuz_run03_standard.json,RESOLVED_REWRITE_THEN_DOWNGRADE,True,False,False,recorded_after_rewrite,True
B,K02,hormuz_run03_standard,HF-009,EN,"Oil prices moved briefly, then returned to a high level.",rep8/instances_s1/hormuz_run03_standard.json,RESOLVED_REWRITE,True,False,False,recorded_after_rewrite,True
B,K02,hormuz_run03_standard,HF-009,EN,"Oil prices moved briefly, then returned to a high level.",rep8/instances_s2/hormuz_run03_standard.json,RESOLVED_REWRITE,True,False,False,recorded_after_rewrite,True
B,K02,hormuz_run03_standard,HF-009,EN,"Oil prices moved briefly, then returned to a high level.",rep9/instances_s1/hormuz_run03_standard.json,STAGE4_ESCALATION,False,True,False,recorded_after_rewrite,False
B,K02,hormuz_run03_standard,HF-009,EN,"Oil prices moved briefly, then returned to a high level.",rep9/instances_s2/hormuz_run03_standard.json,RESOLVED_REWRITE_THEN_DOWNGRADE,True,False,False,recorded_after_rewrite,True
B,K03,hormuz_run03_standard,HF-009,EN,"The fee plan vanished, but oil prices stayed high as tensions around the Strait of Hormuz continued.",iter5/instances_s1/hormuz_run03_standard.json,RESOLVED_REWRITE_THEN_DOWNGRADE,True,False,False,recorded_after_rewrite,True
B,K03,hormuz_run03_standard,HF-009,EN,"The fee plan vanished, but oil prices stayed high as tensions around the Strait of Hormuz continued.",iter5/instances_s2/hormuz_run03_standard.json,STAGE4_ESCALATION,True,False,False,recorded_after_rewrite,False
B,K03,hormuz_run03_standard,HF-009,EN,"The fee plan vanished, but oil prices stayed high as tensions around the Strait of Hormuz continued.",iter6/instances_s1/hormuz_run03_standard.json,RESOLVED_REWRITE,True,False,False,recorded_after_rewrite,True
B,K03,hormuz_run03_standard,HF-009,EN,"The fee plan vanished, but oil prices stayed high as tensions around the Strait of Hormuz continued.",iter6/instances_s2/hormuz_run03_standard.json,RESOLVED_REWRITE,True,False,False,recorded_after_rewrite,True
B,K03,hormuz_run03_standard,HF-009,EN,"The fee plan vanished, but oil prices stayed high as tensions around the Strait of Hormuz continued.",iter7/instances_s1/hormuz_run03_standard.json,STAGE4_ESCALATION,True,False,False,recorded_after_rewrite,False
B,K03,hormuz_run03_standard,HF-009,EN,"The fee plan vanished, but oil prices stayed high as tensions around the Strait of Hormuz continued.",iter7/instances_s2/hormuz_run03_standard.json,STAGE4_ESCALATION,False,True,False,recorded_after_rewrite,False
B,K03,hormuz_run03_standard,HF-009,EN,"The fee plan vanished, but oil prices stayed high as tensions around the Strait of Hormuz continued.",iter8/instances_s1/hormuz_run03_standard.json,RESOLVED_STAGE2_DOWNGRADE,True,False,True,original_no_rewrite_recorded,True
B,K03,hormuz_run03_standard,HF-009,EN,"The fee plan vanished, but oil prices stayed high as tensions around the Strait of Hormuz continued.",iter8/instances_s2/hormuz_run03_standard.json,RESOLVED_STAGE2_DOWNGRADE,True,False,True,original_no_rewrite_recorded,True
B,K03,hormuz_run03_standard,HF-009,EN,"The fee plan vanished, but oil prices stayed high as tensions around the Strait of Hormuz continued.",rep10/instances_s1/hormuz_run03_standard.json,RESOLVED_REWRITE_THEN_DOWNGRADE,True,False,False,recorded_after_rewrite,True
B,K03,hormuz_run03_standard,HF-009,EN,"The fee plan vanished, but oil prices stayed high as tensions around the Strait of Hormuz continued.",rep10/instances_s2/hormuz_run03_standard.json,RESOLVED_REWRITE,True,False,False,recorded_after_rewrite,True
B,K03,hormuz_run03_standard,HF-009,EN,"The fee plan vanished, but oil prices stayed high as tensions around the Strait of Hormuz continued.",rep11/instances_s1/hormuz_run03_standard.json,ACCEPTABLE_STAGE1,True,False,False,original_no_rewrite_recorded,True
B,K03,hormuz_run03_standard,HF-009,EN,"The fee plan vanished, but oil prices stayed high as tensions around the Strait of Hormuz continued.",rep11/instances_s2/hormuz_run03_standard.json,ACCEPTABLE_STAGE1,True,False,False,original_no_rewrite_recorded,True
B,K03,hormuz_run03_standard,HF-009,EN,"The fee plan vanished, but oil prices stayed high as tensions around the Strait of Hormuz continued.",rep14/instances_s1/hormuz_run03_standard.json,STAGE4_ESCALATION,False,True,False,recorded_after_rewrite,False
B,K03,hormuz_run03_standard,HF-009,EN,"The fee plan vanished, but oil prices stayed high as tensions around the Strait of Hormuz continued.",rep14/instances_s2/hormuz_run03_standard.json,STAGE4_ESCALATION,False,True,False,recorded_after_rewrite,False
B,K03,hormuz_run03_standard,HF-009,EN,"The fee plan vanished, but oil prices stayed high as tensions around the Strait of Hormuz continued.",rep15/instances_s1/hormuz_run03_standard.json,STAGE4_ESCALATION,False,True,False,recorded_after_rewrite,False
B,K03,hormuz_run03_standard,HF-009,EN,"The fee plan vanished, but oil prices stayed high as tensions around the Strait of Hormuz continued.",rep16/instances_s1/hormuz_run03_standard.json,RESOLVED_STAGE2_DOWNGRADE,True,False,True,original_no_rewrite_recorded,True
B,K03,hormuz_run03_standard,HF-009,EN,"The fee plan vanished, but oil prices stayed high as tensions around the Strait of Hormuz continued.",rep16/instances_s2/hormuz_run03_standard.json,RESOLVED_STAGE2_DOWNGRADE,True,False,True,original_no_rewrite_recorded,True
B,K03,hormuz_run03_standard,HF-009,EN,"The fee plan vanished, but oil prices stayed high as tensions around the Strait of Hormuz continued.",rep7/instances_s1/hormuz_run03_standard.json,RESOLVED_REWRITE_THEN_DOWNGRADE,True,False,False,recorded_after_rewrite,True
B,K03,hormuz_run03_standard,HF-009,EN,"The fee plan vanished, but oil prices stayed high as tensions around the Strait of Hormuz continued.",rep7/instances_s2/hormuz_run03_standard.json,RESOLVED_REWRITE_THEN_DOWNGRADE,True,False,False,recorded_after_rewrite,True
B,K03,hormuz_run03_standard,HF-009,EN,"The fee plan vanished, but oil prices stayed high as tensions around the Strait of Hormuz continued.",rep8/instances_s1/hormuz_run03_standard.json,RESOLVED_REWRITE,True,False,False,recorded_after_rewrite,True
B,K03,hormuz_run03_standard,HF-009,EN,"The fee plan vanished, but oil prices stayed high as tensions around the Strait of Hormuz continued.",rep8/instances_s2/hormuz_run03_standard.json,RESOLVED_REWRITE,True,False,False,recorded_after_rewrite,True
B,K03,hormuz_run03_standard,HF-009,EN,"The fee plan vanished, but oil prices stayed high as tensions around the Strait of Hormuz continued.",rep9/instances_s1/hormuz_run03_standard.json,STAGE4_ESCALATION,False,True,False,recorded_after_rewrite,False
B,K03,hormuz_run03_standard,HF-009,EN,"The fee plan vanished, but oil prices stayed high as tensions around the Strait of Hormuz continued.",rep9/instances_s2/hormuz_run03_standard.json,RESOLVED_REWRITE_THEN_DOWNGRADE,True,False,False,recorded_after_rewrite,True
B,K04,meta_run03_standard,MUSE-HC-010,EN,some calls needed user information to continue.,iter5/instances_s1/meta_run03_standard.json,RESOLVED_REWRITE,False,True,False,recorded_after_rewrite,False
B,K04,meta_run03_standard,MUSE-HC-010,EN,some calls needed user information to continue.,iter5/instances_s2/meta_run03_standard.json,RESOLVED_REWRITE,False,True,False,recorded_after_rewrite,False
B,K04,meta_run03_standard,MUSE-HC-010,EN,some calls needed user information to continue.,iter6/instances_s1/meta_run03_standard.json,STAGE4_ESCALATION,False,True,False,recorded_after_rewrite,False
B,K04,meta_run03_standard,MUSE-HC-010,EN,some calls needed user information to continue.,iter6/instances_s2/meta_run03_standard.json,STAGE4_ESCALATION,False,True,False,recorded_after_rewrite,False
B,K04,meta_run03_standard,MUSE-HC-010,EN,some calls needed user information to continue.,iter7/instances_s1/meta_run03_standard.json,RESOLVED_REWRITE,False,True,False,recorded_after_rewrite,False
B,K04,meta_run03_standard,MUSE-HC-010,EN,some calls needed user information to continue.,iter7/instances_s2/meta_run03_standard.json,RESOLVED_REWRITE,False,True,False,recorded_after_rewrite,False
B,K04,meta_run03_standard,MUSE-HC-010,EN,some calls needed user information to continue.,iter8/instances_s1/meta_run03_standard.json,STAGE4_ESCALATION,False,True,False,recorded_after_rewrite,False
B,K04,meta_run03_standard,MUSE-HC-010,EN,some calls needed user information to continue.,iter8/instances_s2/meta_run03_standard.json,STAGE4_ESCALATION,True,False,False,recorded_after_rewrite,False
B,K04,meta_run03_standard,MUSE-HC-010,EN,some calls needed user information to continue.,rep11/instances_s1/meta_run03_standard.json,STAGE4_ESCALATION,False,True,False,recorded_after_rewrite,False
B,K04,meta_run03_standard,MUSE-HC-010,EN,some calls needed user information to continue.,rep11/instances_s2/meta_run03_standard.json,RESOLVED_REWRITE_THEN_DOWNGRADE,False,True,False,recorded_after_rewrite,False
B,K04,meta_run03_standard,MUSE-HC-010,EN,some calls needed user information to continue.,rep12/instances_s1/meta_run03_standard.json,RESOLVED_REWRITE,False,True,False,recorded_after_rewrite,False
B,K04,meta_run03_standard,MUSE-HC-010,EN,some calls needed user information to continue.,rep12/instances_s2/meta_run03_standard.json,RESOLVED_REWRITE,False,True,False,recorded_after_rewrite,False
B,K04,meta_run03_standard,MUSE-HC-010,EN,some calls needed user information to continue.,rep16/instances_s1/meta_run03_standard.json,RESOLVED_STAGE2_DOWNGRADE,True,False,False,original_no_rewrite_recorded,True
B,K04,meta_run03_standard,MUSE-HC-010,EN,some calls needed user information to continue.,rep16/instances_s2/meta_run03_standard.json,RESOLVED_STAGE2_DOWNGRADE,True,False,False,original_no_rewrite_recorded,True
B,K04,meta_run03_standard,MUSE-HC-010,EN,some calls needed user information to continue.,rep18/instances_s1/meta_run03_standard.json,ACCEPTABLE_STAGE1,True,False,False,original_no_rewrite_recorded,True
B,K04,meta_run03_standard,MUSE-HC-010,EN,some calls needed user information to continue.,rep18/instances_s2/meta_run03_standard.json,ACCEPTABLE_STAGE1,True,False,False,original_no_rewrite_recorded,True
B,K04,meta_run03_standard,MUSE-HC-010,EN,some calls needed user information to continue.,rep19/instances_s1/meta_run03_standard.json,STAGE4_ESCALATION,False,True,False,recorded_after_rewrite,False
B,K04,meta_run03_standard,MUSE-HC-010,EN,some calls needed user information to continue.,rep20/instances_s1/meta_run03_standard.json,RESOLVED_REWRITE_THEN_DOWNGRADE,False,True,False,recorded_after_rewrite,False
B,K04,meta_run03_standard,MUSE-HC-010,EN,some calls needed user information to continue.,rep20/instances_s2/meta_run03_standard.json,STAGE4_ESCALATION,True,False,False,recorded_after_rewrite,False
B,K04,meta_run03_standard,MUSE-HC-010,EN,some calls needed user information to continue.,rep21/instances_s1/meta_run03_standard.json,STAGE4_ESCALATION,True,True,False,recorded_after_rewrite,False
B,K04,meta_run03_standard,MUSE-HC-010,EN,some calls needed user information to continue.,rep21/instances_s2/meta_run03_standard.json,RESOLVED_REWRITE_THEN_DOWNGRADE,True,False,False,recorded_after_rewrite,True
B,K04,meta_run03_standard,MUSE-HC-010,EN,some calls needed user information to continue.,rep9/instances_s1/meta_run03_standard.json,RESOLVED_REWRITE,False,True,False,recorded_after_rewrite,False
B,K04,meta_run03_standard,MUSE-HC-010,EN,some calls needed user information to continue.,rep9/instances_s2/meta_run03_standard.json,RESOLVED_REWRITE_THEN_DOWNGRADE,False,True,False,recorded_after_rewrite,False
B,K05,meta_run03_standard,MUSE-HC-011,EN,human staff made inappropriate comments about race during calls. These calls were about trying to lower internet or cable fees.,iter5/instances_s1/meta_run03_standard.json,RESOLVED_REWRITE,False,True,False,recorded_after_rewrite,False
B,K05,meta_run03_standard,MUSE-HC-011,EN,human staff made inappropriate comments about race during calls. These calls were about trying to lower internet or cable fees.,iter5/instances_s2/meta_run03_standard.json,RESOLVED_REWRITE,False,True,False,recorded_after_rewrite,False
B,K05,meta_run03_standard,MUSE-HC-011,EN,human staff made inappropriate comments about race during calls. These calls were about trying to lower internet or cable fees.,iter6/instances_s1/meta_run03_standard.json,STAGE4_ESCALATION,True,False,False,recorded_after_rewrite,False
B,K05,meta_run03_standard,MUSE-HC-011,EN,human staff made inappropriate comments about race during calls. These calls were about trying to lower internet or cable fees.,iter6/instances_s2/meta_run03_standard.json,STAGE4_ESCALATION,False,True,False,recorded_after_rewrite,False
B,K05,meta_run03_standard,MUSE-HC-011,EN,human staff made inappropriate comments about race during calls. These calls were about trying to lower internet or cable fees.,iter7/instances_s1/meta_run03_standard.json,RESOLVED_REWRITE,True,False,False,recorded_after_rewrite,True
B,K05,meta_run03_standard,MUSE-HC-011,EN,human staff made inappropriate comments about race during calls. These calls were about trying to lower internet or cable fees.,iter7/instances_s2/meta_run03_standard.json,RESOLVED_REWRITE,True,False,False,recorded_after_rewrite,True
B,K05,meta_run03_standard,MUSE-HC-011,EN,human staff made inappropriate comments about race during calls. These calls were about trying to lower internet or cable fees.,iter8/instances_s1/meta_run03_standard.json,STAGE4_ESCALATION,False,True,False,recorded_after_rewrite,False
B,K05,meta_run03_standard,MUSE-HC-011,EN,human staff made inappropriate comments about race during calls. These calls were about trying to lower internet or cable fees.,iter8/instances_s2/meta_run03_standard.json,STAGE4_ESCALATION,False,True,False,recorded_after_rewrite,False
B,K05,meta_run03_standard,MUSE-HC-011,EN,human staff made inappropriate comments about race during calls. These calls were about trying to lower internet or cable fees.,rep11/instances_s1/meta_run03_standard.json,STAGE4_ESCALATION,True,False,False,recorded_after_rewrite,False
B,K05,meta_run03_standard,MUSE-HC-011,EN,human staff made inappropriate comments about race during calls. These calls were about trying to lower internet or cable fees.,rep11/instances_s2/meta_run03_standard.json,RESOLVED_REWRITE_THEN_DOWNGRADE,True,False,False,recorded_after_rewrite,True
B,K05,meta_run03_standard,MUSE-HC-011,EN,human staff made inappropriate comments about race during calls. These calls were about trying to lower internet or cable fees.,rep12/instances_s1/meta_run03_standard.json,RESOLVED_REWRITE,True,False,False,recorded_after_rewrite,True
B,K05,meta_run03_standard,MUSE-HC-011,EN,human staff made inappropriate comments about race during calls. These calls were about trying to lower internet or cable fees.,rep12/instances_s2/meta_run03_standard.json,RESOLVED_REWRITE,True,False,False,recorded_after_rewrite,True
B,K05,meta_run03_standard,MUSE-HC-011,EN,human staff made inappropriate comments about race during calls. These calls were about trying to lower internet or cable fees.,rep16/instances_s1/meta_run03_standard.json,RESOLVED_STAGE2_DOWNGRADE,True,False,False,original_no_rewrite_recorded,True
B,K05,meta_run03_standard,MUSE-HC-011,EN,human staff made inappropriate comments about race during calls. These calls were about trying to lower internet or cable fees.,rep16/instances_s2/meta_run03_standard.json,RESOLVED_STAGE2_DOWNGRADE,True,False,False,original_no_rewrite_recorded,True
B,K05,meta_run03_standard,MUSE-HC-011,EN,human staff made inappropriate comments about race during calls. These calls were about trying to lower internet or cable fees.,rep18/instances_s1/meta_run03_standard.json,ACCEPTABLE_STAGE1,True,False,False,original_no_rewrite_recorded,True
B,K05,meta_run03_standard,MUSE-HC-011,EN,human staff made inappropriate comments about race during calls. These calls were about trying to lower internet or cable fees.,rep18/instances_s2/meta_run03_standard.json,ACCEPTABLE_STAGE1,True,False,False,original_no_rewrite_recorded,True
B,K05,meta_run03_standard,MUSE-HC-011,EN,human staff made inappropriate comments about race during calls. These calls were about trying to lower internet or cable fees.,rep19/instances_s1/meta_run03_standard.json,STAGE4_ESCALATION,False,True,False,recorded_after_rewrite,False
B,K05,meta_run03_standard,MUSE-HC-011,EN,human staff made inappropriate comments about race during calls. These calls were about trying to lower internet or cable fees.,rep20/instances_s1/meta_run03_standard.json,RESOLVED_REWRITE_THEN_DOWNGRADE,False,True,False,recorded_after_rewrite,False
B,K05,meta_run03_standard,MUSE-HC-011,EN,human staff made inappropriate comments about race during calls. These calls were about trying to lower internet or cable fees.,rep20/instances_s2/meta_run03_standard.json,STAGE4_ESCALATION,False,True,False,recorded_after_rewrite,False
B,K05,meta_run03_standard,MUSE-HC-011,EN,human staff made inappropriate comments about race during calls. These calls were about trying to lower internet or cable fees.,rep21/instances_s1/meta_run03_standard.json,STAGE4_ESCALATION,False,True,False,recorded_after_rewrite,False
B,K05,meta_run03_standard,MUSE-HC-011,EN,human staff made inappropriate comments about race during calls. These calls were about trying to lower internet or cable fees.,rep21/instances_s2/meta_run03_standard.json,RESOLVED_REWRITE_THEN_DOWNGRADE,False,True,False,recorded_after_rewrite,False
B,K05,meta_run03_standard,MUSE-HC-011,EN,human staff made inappropriate comments about race during calls. These calls were about trying to lower internet or cable fees.,rep9/instances_s1/meta_run03_standard.json,RESOLVED_REWRITE,False,True,False,recorded_after_rewrite,False
B,K05,meta_run03_standard,MUSE-HC-011,EN,human staff made inappropriate comments about race during calls. These calls were about trying to lower internet or cable fees.,rep9/instances_s2/meta_run03_standard.json,RESOLVED_REWRITE_THEN_DOWNGRADE,False,True,False,recorded_after_rewrite,False
B,K06,meta_run03_standard,MUSE-HC-011,EN,It said human staff made inappropriate comments about race during calls. These calls were about trying to lower internet or cable fees.,iter5/instances_s1/meta_run03_standard.json,RESOLVED_REWRITE,False,True,False,recorded_after_rewrite,False
B,K06,meta_run03_standard,MUSE-HC-011,EN,It said human staff made inappropriate comments about race during calls. These calls were about trying to lower internet or cable fees.,iter5/instances_s2/meta_run03_standard.json,RESOLVED_REWRITE,False,True,False,recorded_after_rewrite,False
B,K06,meta_run03_standard,MUSE-HC-011,EN,It said human staff made inappropriate comments about race during calls. These calls were about trying to lower internet or cable fees.,iter6/instances_s1/meta_run03_standard.json,STAGE4_ESCALATION,True,False,False,recorded_after_rewrite,False
B,K06,meta_run03_standard,MUSE-HC-011,EN,It said human staff made inappropriate comments about race during calls. These calls were about trying to lower internet or cable fees.,iter6/instances_s2/meta_run03_standard.json,STAGE4_ESCALATION,False,True,False,recorded_after_rewrite,False
B,K06,meta_run03_standard,MUSE-HC-011,EN,It said human staff made inappropriate comments about race during calls. These calls were about trying to lower internet or cable fees.,iter7/instances_s1/meta_run03_standard.json,RESOLVED_REWRITE,True,False,False,recorded_after_rewrite,True
B,K06,meta_run03_standard,MUSE-HC-011,EN,It said human staff made inappropriate comments about race during calls. These calls were about trying to lower internet or cable fees.,iter7/instances_s2/meta_run03_standard.json,RESOLVED_REWRITE,True,False,False,recorded_after_rewrite,True
B,K06,meta_run03_standard,MUSE-HC-011,EN,It said human staff made inappropriate comments about race during calls. These calls were about trying to lower internet or cable fees.,iter8/instances_s1/meta_run03_standard.json,STAGE4_ESCALATION,False,True,False,recorded_after_rewrite,False
B,K06,meta_run03_standard,MUSE-HC-011,EN,It said human staff made inappropriate comments about race during calls. These calls were about trying to lower internet or cable fees.,iter8/instances_s2/meta_run03_standard.json,STAGE4_ESCALATION,False,True,False,recorded_after_rewrite,False
B,K06,meta_run03_standard,MUSE-HC-011,EN,It said human staff made inappropriate comments about race during calls. These calls were about trying to lower internet or cable fees.,rep11/instances_s1/meta_run03_standard.json,STAGE4_ESCALATION,True,False,False,recorded_after_rewrite,False
B,K06,meta_run03_standard,MUSE-HC-011,EN,It said human staff made inappropriate comments about race during calls. These calls were about trying to lower internet or cable fees.,rep11/instances_s2/meta_run03_standard.json,RESOLVED_REWRITE_THEN_DOWNGRADE,True,False,False,recorded_after_rewrite,True
B,K06,meta_run03_standard,MUSE-HC-011,EN,It said human staff made inappropriate comments about race during calls. These calls were about trying to lower internet or cable fees.,rep12/instances_s1/meta_run03_standard.json,RESOLVED_REWRITE,True,False,False,recorded_after_rewrite,True
B,K06,meta_run03_standard,MUSE-HC-011,EN,It said human staff made inappropriate comments about race during calls. These calls were about trying to lower internet or cable fees.,rep12/instances_s2/meta_run03_standard.json,RESOLVED_REWRITE,True,False,False,recorded_after_rewrite,True
B,K06,meta_run03_standard,MUSE-HC-011,EN,It said human staff made inappropriate comments about race during calls. These calls were about trying to lower internet or cable fees.,rep16/instances_s1/meta_run03_standard.json,RESOLVED_STAGE2_DOWNGRADE,True,False,False,original_no_rewrite_recorded,True
B,K06,meta_run03_standard,MUSE-HC-011,EN,It said human staff made inappropriate comments about race during calls. These calls were about trying to lower internet or cable fees.,rep16/instances_s2/meta_run03_standard.json,RESOLVED_STAGE2_DOWNGRADE,True,False,False,original_no_rewrite_recorded,True
B,K06,meta_run03_standard,MUSE-HC-011,EN,It said human staff made inappropriate comments about race during calls. These calls were about trying to lower internet or cable fees.,rep18/instances_s1/meta_run03_standard.json,ACCEPTABLE_STAGE1,True,False,False,original_no_rewrite_recorded,True
B,K06,meta_run03_standard,MUSE-HC-011,EN,It said human staff made inappropriate comments about race during calls. These calls were about trying to lower internet or cable fees.,rep18/instances_s2/meta_run03_standard.json,ACCEPTABLE_STAGE1,True,False,False,original_no_rewrite_recorded,True
B,K06,meta_run03_standard,MUSE-HC-011,EN,It said human staff made inappropriate comments about race during calls. These calls were about trying to lower internet or cable fees.,rep19/instances_s1/meta_run03_standard.json,STAGE4_ESCALATION,False,True,False,recorded_after_rewrite,False
B,K06,meta_run03_standard,MUSE-HC-011,EN,It said human staff made inappropriate comments about race during calls. These calls were about trying to lower internet or cable fees.,rep20/instances_s1/meta_run03_standard.json,RESOLVED_REWRITE_THEN_DOWNGRADE,False,True,False,recorded_after_rewrite,False
B,K06,meta_run03_standard,MUSE-HC-011,EN,It said human staff made inappropriate comments about race during calls. These calls were about trying to lower internet or cable fees.,rep20/instances_s2/meta_run03_standard.json,STAGE4_ESCALATION,False,True,False,recorded_after_rewrite,False
B,K06,meta_run03_standard,MUSE-HC-011,EN,It said human staff made inappropriate comments about race during calls. These calls were about trying to lower internet or cable fees.,rep21/instances_s1/meta_run03_standard.json,STAGE4_ESCALATION,False,True,False,recorded_after_rewrite,False
B,K06,meta_run03_standard,MUSE-HC-011,EN,It said human staff made inappropriate comments about race during calls. These calls were about trying to lower internet or cable fees.,rep21/instances_s2/meta_run03_standard.json,RESOLVED_REWRITE_THEN_DOWNGRADE,False,True,False,recorded_after_rewrite,False
B,K06,meta_run03_standard,MUSE-HC-011,EN,It said human staff made inappropriate comments about race during calls. These calls were about trying to lower internet or cable fees.,rep9/instances_s1/meta_run03_standard.json,RESOLVED_REWRITE,False,True,False,recorded_after_rewrite,False
B,K06,meta_run03_standard,MUSE-HC-011,EN,It said human staff made inappropriate comments about race during calls. These calls were about trying to lower internet or cable fees.,rep9/instances_s2/meta_run03_standard.json,RESOLVED_REWRITE_THEN_DOWNGRADE,False,True,False,recorded_after_rewrite,False
B,K07,meta_run03_standard,MUSE-HC-011,EN,These calls were about trying to lower internet or cable fees.,iter5/instances_s1/meta_run03_standard.json,RESOLVED_REWRITE,False,True,False,recorded_after_rewrite,False
B,K07,meta_run03_standard,MUSE-HC-011,EN,These calls were about trying to lower internet or cable fees.,iter5/instances_s2/meta_run03_standard.json,RESOLVED_REWRITE,False,True,False,recorded_after_rewrite,False
B,K07,meta_run03_standard,MUSE-HC-011,EN,These calls were about trying to lower internet or cable fees.,iter6/instances_s1/meta_run03_standard.json,STAGE4_ESCALATION,True,False,False,recorded_after_rewrite,False
B,K07,meta_run03_standard,MUSE-HC-011,EN,These calls were about trying to lower internet or cable fees.,iter6/instances_s2/meta_run03_standard.json,STAGE4_ESCALATION,True,True,False,recorded_after_rewrite,False
B,K07,meta_run03_standard,MUSE-HC-011,EN,These calls were about trying to lower internet or cable fees.,iter7/instances_s1/meta_run03_standard.json,RESOLVED_REWRITE,True,False,False,recorded_after_rewrite,True
B,K07,meta_run03_standard,MUSE-HC-011,EN,These calls were about trying to lower internet or cable fees.,iter7/instances_s2/meta_run03_standard.json,RESOLVED_REWRITE,True,False,False,recorded_after_rewrite,True
B,K07,meta_run03_standard,MUSE-HC-011,EN,These calls were about trying to lower internet or cable fees.,iter8/instances_s1/meta_run03_standard.json,STAGE4_ESCALATION,False,True,False,recorded_after_rewrite,False
B,K07,meta_run03_standard,MUSE-HC-011,EN,These calls were about trying to lower internet or cable fees.,iter8/instances_s2/meta_run03_standard.json,STAGE4_ESCALATION,True,True,False,recorded_after_rewrite,False
B,K07,meta_run03_standard,MUSE-HC-011,EN,These calls were about trying to lower internet or cable fees.,rep11/instances_s1/meta_run03_standard.json,STAGE4_ESCALATION,True,False,False,recorded_after_rewrite,False
B,K07,meta_run03_standard,MUSE-HC-011,EN,These calls were about trying to lower internet or cable fees.,rep11/instances_s2/meta_run03_standard.json,RESOLVED_REWRITE_THEN_DOWNGRADE,True,False,False,recorded_after_rewrite,True
B,K07,meta_run03_standard,MUSE-HC-011,EN,These calls were about trying to lower internet or cable fees.,rep12/instances_s1/meta_run03_standard.json,RESOLVED_REWRITE,True,False,False,recorded_after_rewrite,True
B,K07,meta_run03_standard,MUSE-HC-011,EN,These calls were about trying to lower internet or cable fees.,rep12/instances_s2/meta_run03_standard.json,RESOLVED_REWRITE,True,False,False,recorded_after_rewrite,True
B,K07,meta_run03_standard,MUSE-HC-011,EN,These calls were about trying to lower internet or cable fees.,rep16/instances_s1/meta_run03_standard.json,RESOLVED_STAGE2_DOWNGRADE,True,False,False,original_no_rewrite_recorded,True
B,K07,meta_run03_standard,MUSE-HC-011,EN,These calls were about trying to lower internet or cable fees.,rep16/instances_s2/meta_run03_standard.json,RESOLVED_STAGE2_DOWNGRADE,True,False,False,original_no_rewrite_recorded,True
B,K07,meta_run03_standard,MUSE-HC-011,EN,These calls were about trying to lower internet or cable fees.,rep18/instances_s1/meta_run03_standard.json,ACCEPTABLE_STAGE1,True,False,False,original_no_rewrite_recorded,True
B,K07,meta_run03_standard,MUSE-HC-011,EN,These calls were about trying to lower internet or cable fees.,rep18/instances_s2/meta_run03_standard.json,ACCEPTABLE_STAGE1,True,False,False,original_no_rewrite_recorded,True
B,K07,meta_run03_standard,MUSE-HC-011,EN,These calls were about trying to lower internet or cable fees.,rep19/instances_s1/meta_run03_standard.json,STAGE4_ESCALATION,False,True,False,recorded_after_rewrite,False
B,K07,meta_run03_standard,MUSE-HC-011,EN,These calls were about trying to lower internet or cable fees.,rep20/instances_s1/meta_run03_standard.json,RESOLVED_REWRITE_THEN_DOWNGRADE,False,True,False,recorded_after_rewrite,False
B,K07,meta_run03_standard,MUSE-HC-011,EN,These calls were about trying to lower internet or cable fees.,rep20/instances_s2/meta_run03_standard.json,STAGE4_ESCALATION,False,True,False,recorded_after_rewrite,False
B,K07,meta_run03_standard,MUSE-HC-011,EN,These calls were about trying to lower internet or cable fees.,rep21/instances_s1/meta_run03_standard.json,STAGE4_ESCALATION,False,True,False,recorded_after_rewrite,False
B,K07,meta_run03_standard,MUSE-HC-011,EN,These calls were about trying to lower internet or cable fees.,rep21/instances_s2/meta_run03_standard.json,RESOLVED_REWRITE_THEN_DOWNGRADE,False,True,False,recorded_after_rewrite,False
B,K07,meta_run03_standard,MUSE-HC-011,EN,These calls were about trying to lower internet or cable fees.,rep9/instances_s1/meta_run03_standard.json,RESOLVED_REWRITE,False,True,False,recorded_after_rewrite,False
B,K07,meta_run03_standard,MUSE-HC-011,EN,These calls were about trying to lower internet or cable fees.,rep9/instances_s2/meta_run03_standard.json,RESOLVED_REWRITE_THEN_DOWNGRADE,False,True,False,recorded_after_rewrite,False
B,K08,meta_run03_standard,MUSE-HC-012,EN,"But sometimes, a human was speaking instead.",iter5/instances_s1/meta_run03_standard.json,RESOLVED_REWRITE,True,False,False,recorded_after_rewrite,True
B,K08,meta_run03_standard,MUSE-HC-012,EN,"But sometimes, a human was speaking instead.",iter5/instances_s2/meta_run03_standard.json,RESOLVED_REWRITE,True,False,False,recorded_after_rewrite,True
B,K08,meta_run03_standard,MUSE-HC-012,EN,"But sometimes, a human was speaking instead.",iter6/instances_s1/meta_run03_standard.json,STAGE4_ESCALATION,True,False,False,recorded_after_rewrite,False
B,K08,meta_run03_standard,MUSE-HC-012,EN,"But sometimes, a human was speaking instead.",iter6/instances_s2/meta_run03_standard.json,STAGE4_ESCALATION,True,False,False,recorded_after_rewrite,False
B,K08,meta_run03_standard,MUSE-HC-012,EN,"But sometimes, a human was speaking instead.",iter7/instances_s1/meta_run03_standard.json,RESOLVED_REWRITE,True,False,False,recorded_after_rewrite,True
B,K08,meta_run03_standard,MUSE-HC-012,EN,"But sometimes, a human was speaking instead.",iter7/instances_s2/meta_run03_standard.json,RESOLVED_REWRITE,True,False,False,recorded_after_rewrite,True
B,K08,meta_run03_standard,MUSE-HC-012,EN,"But sometimes, a human was speaking instead.",iter8/instances_s1/meta_run03_standard.json,STAGE4_ESCALATION,True,False,False,recorded_after_rewrite,False
B,K08,meta_run03_standard,MUSE-HC-012,EN,"But sometimes, a human was speaking instead.",iter8/instances_s2/meta_run03_standard.json,STAGE4_ESCALATION,True,False,False,recorded_after_rewrite,False
B,K08,meta_run03_standard,MUSE-HC-012,EN,"But sometimes, a human was speaking instead.",rep11/instances_s1/meta_run03_standard.json,STAGE4_ESCALATION,True,False,True,recorded_after_rewrite,False
B,K08,meta_run03_standard,MUSE-HC-012,EN,"But sometimes, a human was speaking instead.",rep11/instances_s2/meta_run03_standard.json,RESOLVED_REWRITE_THEN_DOWNGRADE,True,False,False,recorded_after_rewrite,True
B,K08,meta_run03_standard,MUSE-HC-012,EN,"But sometimes, a human was speaking instead.",rep12/instances_s1/meta_run03_standard.json,RESOLVED_REWRITE,True,False,False,recorded_after_rewrite,True
B,K08,meta_run03_standard,MUSE-HC-012,EN,"But sometimes, a human was speaking instead.",rep12/instances_s2/meta_run03_standard.json,RESOLVED_REWRITE,True,False,False,recorded_after_rewrite,True
B,K08,meta_run03_standard,MUSE-HC-012,EN,"But sometimes, a human was speaking instead.",rep16/instances_s1/meta_run03_standard.json,RESOLVED_STAGE2_DOWNGRADE,True,False,False,original_no_rewrite_recorded,True
B,K08,meta_run03_standard,MUSE-HC-012,EN,"But sometimes, a human was speaking instead.",rep16/instances_s2/meta_run03_standard.json,RESOLVED_STAGE2_DOWNGRADE,True,False,False,original_no_rewrite_recorded,True
B,K08,meta_run03_standard,MUSE-HC-012,EN,"But sometimes, a human was speaking instead.",rep18/instances_s1/meta_run03_standard.json,ACCEPTABLE_STAGE1,True,False,False,original_no_rewrite_recorded,True
B,K08,meta_run03_standard,MUSE-HC-012,EN,"But sometimes, a human was speaking instead.",rep18/instances_s2/meta_run03_standard.json,ACCEPTABLE_STAGE1,True,False,False,original_no_rewrite_recorded,True
B,K08,meta_run03_standard,MUSE-HC-012,EN,"But sometimes, a human was speaking instead.",rep19/instances_s1/meta_run03_standard.json,STAGE4_ESCALATION,False,True,False,recorded_after_rewrite,False
B,K08,meta_run03_standard,MUSE-HC-012,EN,"But sometimes, a human was speaking instead.",rep20/instances_s1/meta_run03_standard.json,RESOLVED_REWRITE_THEN_DOWNGRADE,True,False,False,recorded_after_rewrite,True
B,K08,meta_run03_standard,MUSE-HC-012,EN,"But sometimes, a human was speaking instead.",rep20/instances_s2/meta_run03_standard.json,STAGE4_ESCALATION,True,False,False,recorded_after_rewrite,False
B,K08,meta_run03_standard,MUSE-HC-012,EN,"But sometimes, a human was speaking instead.",rep21/instances_s1/meta_run03_standard.json,STAGE4_ESCALATION,True,False,False,recorded_after_rewrite,False
B,K08,meta_run03_standard,MUSE-HC-012,EN,"But sometimes, a human was speaking instead.",rep21/instances_s2/meta_run03_standard.json,RESOLVED_REWRITE_THEN_DOWNGRADE,True,False,False,recorded_after_rewrite,True
B,K08,meta_run03_standard,MUSE-HC-012,EN,"But sometimes, a human was speaking instead.",rep9/instances_s1/meta_run03_standard.json,RESOLVED_REWRITE,True,False,False,recorded_after_rewrite,True
B,K08,meta_run03_standard,MUSE-HC-012,EN,"But sometimes, a human was speaking instead.",rep9/instances_s2/meta_run03_standard.json,RESOLVED_REWRITE_THEN_DOWNGRADE,True,False,False,recorded_after_rewrite,True
B,K09,meta_run03_standard,MUSE-HC-012,EN,The problem was telling users who was speaking.,iter5/instances_s1/meta_run03_standard.json,RESOLVED_REWRITE,True,False,False,recorded_after_rewrite,True
B,K09,meta_run03_standard,MUSE-HC-012,EN,The problem was telling users who was speaking.,iter5/instances_s2/meta_run03_standard.json,RESOLVED_REWRITE,True,False,False,recorded_after_rewrite,True
B,K09,meta_run03_standard,MUSE-HC-012,EN,The problem was telling users who was speaking.,iter6/instances_s1/meta_run03_standard.json,STAGE4_ESCALATION,True,False,False,recorded_after_rewrite,False
B,K09,meta_run03_standard,MUSE-HC-012,EN,The problem was telling users who was speaking.,iter6/instances_s2/meta_run03_standard.json,STAGE4_ESCALATION,True,False,False,recorded_after_rewrite,False
B,K09,meta_run03_standard,MUSE-HC-012,EN,The problem was telling users who was speaking.,iter7/instances_s1/meta_run03_standard.json,RESOLVED_REWRITE,True,False,False,recorded_after_rewrite,True
B,K09,meta_run03_standard,MUSE-HC-012,EN,The problem was telling users who was speaking.,iter7/instances_s2/meta_run03_standard.json,RESOLVED_REWRITE,True,False,False,recorded_after_rewrite,True
B,K09,meta_run03_standard,MUSE-HC-012,EN,The problem was telling users who was speaking.,iter8/instances_s1/meta_run03_standard.json,STAGE4_ESCALATION,True,False,False,recorded_after_rewrite,False
B,K09,meta_run03_standard,MUSE-HC-012,EN,The problem was telling users who was speaking.,iter8/instances_s2/meta_run03_standard.json,STAGE4_ESCALATION,True,False,False,recorded_after_rewrite,False
B,K09,meta_run03_standard,MUSE-HC-012,EN,The problem was telling users who was speaking.,rep11/instances_s1/meta_run03_standard.json,STAGE4_ESCALATION,True,False,True,recorded_after_rewrite,False
B,K09,meta_run03_standard,MUSE-HC-012,EN,The problem was telling users who was speaking.,rep11/instances_s2/meta_run03_standard.json,RESOLVED_REWRITE_THEN_DOWNGRADE,True,False,False,recorded_after_rewrite,True
B,K09,meta_run03_standard,MUSE-HC-012,EN,The problem was telling users who was speaking.,rep12/instances_s1/meta_run03_standard.json,RESOLVED_REWRITE,True,False,False,recorded_after_rewrite,True
B,K09,meta_run03_standard,MUSE-HC-012,EN,The problem was telling users who was speaking.,rep12/instances_s2/meta_run03_standard.json,RESOLVED_REWRITE,True,False,False,recorded_after_rewrite,True
B,K09,meta_run03_standard,MUSE-HC-012,EN,The problem was telling users who was speaking.,rep16/instances_s1/meta_run03_standard.json,RESOLVED_STAGE2_DOWNGRADE,True,False,False,original_no_rewrite_recorded,True
B,K09,meta_run03_standard,MUSE-HC-012,EN,The problem was telling users who was speaking.,rep16/instances_s2/meta_run03_standard.json,RESOLVED_STAGE2_DOWNGRADE,True,False,False,original_no_rewrite_recorded,True
B,K09,meta_run03_standard,MUSE-HC-012,EN,The problem was telling users who was speaking.,rep18/instances_s1/meta_run03_standard.json,ACCEPTABLE_STAGE1,True,False,False,original_no_rewrite_recorded,True
B,K09,meta_run03_standard,MUSE-HC-012,EN,The problem was telling users who was speaking.,rep18/instances_s2/meta_run03_standard.json,ACCEPTABLE_STAGE1,True,False,False,original_no_rewrite_recorded,True
B,K09,meta_run03_standard,MUSE-HC-012,EN,The problem was telling users who was speaking.,rep19/instances_s1/meta_run03_standard.json,STAGE4_ESCALATION,False,True,False,recorded_after_rewrite,False
B,K09,meta_run03_standard,MUSE-HC-012,EN,The problem was telling users who was speaking.,rep20/instances_s1/meta_run03_standard.json,RESOLVED_REWRITE_THEN_DOWNGRADE,True,False,False,recorded_after_rewrite,True
B,K09,meta_run03_standard,MUSE-HC-012,EN,The problem was telling users who was speaking.,rep20/instances_s2/meta_run03_standard.json,STAGE4_ESCALATION,True,False,False,recorded_after_rewrite,False
B,K09,meta_run03_standard,MUSE-HC-012,EN,The problem was telling users who was speaking.,rep21/instances_s1/meta_run03_standard.json,STAGE4_ESCALATION,True,False,False,recorded_after_rewrite,False
B,K09,meta_run03_standard,MUSE-HC-012,EN,The problem was telling users who was speaking.,rep21/instances_s2/meta_run03_standard.json,RESOLVED_REWRITE_THEN_DOWNGRADE,True,False,False,recorded_after_rewrite,True
B,K09,meta_run03_standard,MUSE-HC-012,EN,The problem was telling users who was speaking.,rep9/instances_s1/meta_run03_standard.json,RESOLVED_REWRITE,True,False,False,recorded_after_rewrite,True
B,K09,meta_run03_standard,MUSE-HC-012,EN,The problem was telling users who was speaking.,rep9/instances_s2/meta_run03_standard.json,RESOLVED_REWRITE_THEN_DOWNGRADE,True,False,False,recorded_after_rewrite,True
B,K10,meta_run03_standard,MUSE-HC-012,EN,"They enjoyed AI’s convenience, but a human was on the other end.",iter5/instances_s1/meta_run03_standard.json,RESOLVED_REWRITE,False,False,False,recorded_after_rewrite,False
B,K10,meta_run03_standard,MUSE-HC-012,EN,"They enjoyed AI’s convenience, but a human was on the other end.",iter5/instances_s2/meta_run03_standard.json,RESOLVED_REWRITE,False,False,False,recorded_after_rewrite,False
B,K10,meta_run03_standard,MUSE-HC-012,EN,"They enjoyed AI’s convenience, but a human was on the other end.",iter6/instances_s1/meta_run03_standard.json,STAGE4_ESCALATION,True,False,False,recorded_after_rewrite,False
B,K10,meta_run03_standard,MUSE-HC-012,EN,"They enjoyed AI’s convenience, but a human was on the other end.",iter6/instances_s2/meta_run03_standard.json,STAGE4_ESCALATION,False,False,False,recorded_after_rewrite,False
B,K10,meta_run03_standard,MUSE-HC-012,EN,"They enjoyed AI’s convenience, but a human was on the other end.",iter7/instances_s1/meta_run03_standard.json,RESOLVED_REWRITE,True,False,False,recorded_after_rewrite,True
B,K10,meta_run03_standard,MUSE-HC-012,EN,"They enjoyed AI’s convenience, but a human was on the other end.",iter7/instances_s2/meta_run03_standard.json,RESOLVED_REWRITE,True,False,False,recorded_after_rewrite,True
B,K10,meta_run03_standard,MUSE-HC-012,EN,"They enjoyed AI’s convenience, but a human was on the other end.",iter8/instances_s1/meta_run03_standard.json,STAGE4_ESCALATION,True,True,True,recorded_after_rewrite,False
B,K10,meta_run03_standard,MUSE-HC-012,EN,"They enjoyed AI’s convenience, but a human was on the other end.",iter8/instances_s2/meta_run03_standard.json,STAGE4_ESCALATION,True,True,True,recorded_after_rewrite,False
B,K10,meta_run03_standard,MUSE-HC-012,EN,"They enjoyed AI’s convenience, but a human was on the other end.",rep11/instances_s1/meta_run03_standard.json,STAGE4_ESCALATION,False,True,False,recorded_after_rewrite,False
B,K10,meta_run03_standard,MUSE-HC-012,EN,"They enjoyed AI’s convenience, but a human was on the other end.",rep11/instances_s2/meta_run03_standard.json,RESOLVED_REWRITE_THEN_DOWNGRADE,True,False,True,recorded_after_rewrite,True
B,K10,meta_run03_standard,MUSE-HC-012,EN,"They enjoyed AI’s convenience, but a human was on the other end.",rep12/instances_s1/meta_run03_standard.json,RESOLVED_REWRITE,True,False,False,recorded_after_rewrite,True
B,K10,meta_run03_standard,MUSE-HC-012,EN,"They enjoyed AI’s convenience, but a human was on the other end.",rep12/instances_s2/meta_run03_standard.json,RESOLVED_REWRITE,True,False,False,recorded_after_rewrite,True
B,K10,meta_run03_standard,MUSE-HC-012,EN,"They enjoyed AI’s convenience, but a human was on the other end.",rep16/instances_s1/meta_run03_standard.json,RESOLVED_STAGE2_DOWNGRADE,True,False,True,original_no_rewrite_recorded,True
B,K10,meta_run03_standard,MUSE-HC-012,EN,"They enjoyed AI’s convenience, but a human was on the other end.",rep16/instances_s2/meta_run03_standard.json,RESOLVED_STAGE2_DOWNGRADE,True,False,True,original_no_rewrite_recorded,True
B,K10,meta_run03_standard,MUSE-HC-012,EN,"They enjoyed AI’s convenience, but a human was on the other end.",rep18/instances_s1/meta_run03_standard.json,ACCEPTABLE_STAGE1,True,False,False,original_no_rewrite_recorded,True
B,K10,meta_run03_standard,MUSE-HC-012,EN,"They enjoyed AI’s convenience, but a human was on the other end.",rep18/instances_s2/meta_run03_standard.json,ACCEPTABLE_STAGE1,True,False,False,original_no_rewrite_recorded,True
B,K10,meta_run03_standard,MUSE-HC-012,EN,"They enjoyed AI’s convenience, but a human was on the other end.",rep19/instances_s1/meta_run03_standard.json,STAGE4_ESCALATION,False,True,True,recorded_after_rewrite,False
B,K10,meta_run03_standard,MUSE-HC-012,EN,"They enjoyed AI’s convenience, but a human was on the other end.",rep20/instances_s1/meta_run03_standard.json,RESOLVED_REWRITE_THEN_DOWNGRADE,True,False,True,recorded_after_rewrite,True
B,K10,meta_run03_standard,MUSE-HC-012,EN,"They enjoyed AI’s convenience, but a human was on the other end.",rep20/instances_s2/meta_run03_standard.json,STAGE4_ESCALATION,True,False,True,recorded_after_rewrite,False
B,K10,meta_run03_standard,MUSE-HC-012,EN,"They enjoyed AI’s convenience, but a human was on the other end.",rep21/instances_s1/meta_run03_standard.json,STAGE4_ESCALATION,True,False,True,recorded_after_rewrite,False
B,K10,meta_run03_standard,MUSE-HC-012,EN,"They enjoyed AI’s convenience, but a human was on the other end.",rep21/instances_s2/meta_run03_standard.json,RESOLVED_REWRITE_THEN_DOWNGRADE,True,False,True,recorded_after_rewrite,True
B,K10,meta_run03_standard,MUSE-HC-012,EN,"They enjoyed AI’s convenience, but a human was on the other end.",rep9/instances_s1/meta_run03_standard.json,RESOLVED_REWRITE,True,False,False,recorded_after_rewrite,True
B,K10,meta_run03_standard,MUSE-HC-012,EN,"They enjoyed AI’s convenience, but a human was on the other end.",rep9/instances_s2/meta_run03_standard.json,RESOLVED_REWRITE_THEN_DOWNGRADE,True,False,True,recorded_after_rewrite,True
B,K11,neg1_meta_b3prod_a2,MUSE-HC-012,EN,A Meta executive admitted the mistake. The test had begun without clearly telling users.,iter5/instances_s1/neg1_meta_b3prod_a2.json,RESOLVED_REWRITE_THEN_DOWNGRADE,True,False,False,recorded_after_rewrite,True
B,K11,neg1_meta_b3prod_a2,MUSE-HC-012,EN,A Meta executive admitted the mistake. The test had begun without clearly telling users.,iter5/instances_s2/neg1_meta_b3prod_a2.json,RESOLVED_REWRITE_THEN_DOWNGRADE,True,False,False,recorded_after_rewrite,True
B,K11,neg1_meta_b3prod_a2,MUSE-HC-012,EN,A Meta executive admitted the mistake. The test had begun without clearly telling users.,iter6/instances_s1/neg1_meta_b3prod_a2.json,STAGE4_ESCALATION,True,False,False,recorded_after_rewrite,False
B,K11,neg1_meta_b3prod_a2,MUSE-HC-012,EN,A Meta executive admitted the mistake. The test had begun without clearly telling users.,iter6/instances_s2/neg1_meta_b3prod_a2.json,STAGE4_ESCALATION,True,False,False,recorded_after_rewrite,False
B,K11,neg1_meta_b3prod_a2,MUSE-HC-012,EN,A Meta executive admitted the mistake. The test had begun without clearly telling users.,iter7/instances_s1/neg1_meta_b3prod_a2.json,STAGE4_ESCALATION,False,True,False,recorded_after_rewrite,False
B,K11,neg1_meta_b3prod_a2,MUSE-HC-012,EN,A Meta executive admitted the mistake. The test had begun without clearly telling users.,iter7/instances_s2/neg1_meta_b3prod_a2.json,RESOLVED_STAGE2_DOWNGRADE,True,False,False,original_no_rewrite_recorded,True
B,K11,neg1_meta_b3prod_a2,MUSE-HC-012,EN,A Meta executive admitted the mistake. The test had begun without clearly telling users.,iter8/instances_s1/neg1_meta_b3prod_a2.json,ACCEPTABLE_STAGE1,True,False,False,original_no_rewrite_recorded,True
B,K11,neg1_meta_b3prod_a2,MUSE-HC-012,EN,A Meta executive admitted the mistake. The test had begun without clearly telling users.,iter8/instances_s2/neg1_meta_b3prod_a2.json,ACCEPTABLE_STAGE1,True,False,False,original_no_rewrite_recorded,True
B,K11,neg1_meta_b3prod_a2,MUSE-HC-012,EN,A Meta executive admitted the mistake. The test had begun without clearly telling users.,rep11/instances_s1/neg1_meta_b3prod_a2.json,RESOLVED_REWRITE,True,False,False,recorded_after_rewrite,True
B,K11,neg1_meta_b3prod_a2,MUSE-HC-012,EN,A Meta executive admitted the mistake. The test had begun without clearly telling users.,rep11/instances_s2/neg1_meta_b3prod_a2.json,RESOLVED_REWRITE_THEN_DOWNGRADE,True,False,True,recorded_after_rewrite,True
B,K11,neg1_meta_b3prod_a2,MUSE-HC-012,EN,A Meta executive admitted the mistake. The test had begun without clearly telling users.,rep12/instances_s1/neg1_meta_b3prod_a2.json,RESOLVED_STAGE2_DOWNGRADE,True,False,False,original_no_rewrite_recorded,True
B,K11,neg1_meta_b3prod_a2,MUSE-HC-012,EN,A Meta executive admitted the mistake. The test had begun without clearly telling users.,rep12/instances_s2/neg1_meta_b3prod_a2.json,RESOLVED_STAGE2_DOWNGRADE,True,False,False,original_no_rewrite_recorded,True
B,K11,neg1_meta_b3prod_a2,MUSE-HC-012,EN,A Meta executive admitted the mistake. The test had begun without clearly telling users.,rep16/instances_s1/neg1_meta_b3prod_a2.json,RESOLVED_REWRITE,True,False,True,recorded_after_rewrite,True
B,K11,neg1_meta_b3prod_a2,MUSE-HC-012,EN,A Meta executive admitted the mistake. The test had begun without clearly telling users.,rep16/instances_s2/neg1_meta_b3prod_a2.json,RESOLVED_REWRITE,True,False,True,recorded_after_rewrite,True
B,K11,neg1_meta_b3prod_a2,MUSE-HC-012,EN,A Meta executive admitted the mistake. The test had begun without clearly telling users.,rep17/instances_s1/neg1_meta_b3prod_a2.json,RESOLVED_STAGE2_DOWNGRADE,True,False,False,original_no_rewrite_recorded,True
B,K11,neg1_meta_b3prod_a2,MUSE-HC-012,EN,A Meta executive admitted the mistake. The test had begun without clearly telling users.,rep17/instances_s2/neg1_meta_b3prod_a2.json,RESOLVED_STAGE2_DOWNGRADE,True,False,False,original_no_rewrite_recorded,True
B,K11,neg1_meta_b3prod_a2,MUSE-HC-012,EN,A Meta executive admitted the mistake. The test had begun without clearly telling users.,rep7/instances_s1/neg1_meta_b3prod_a2.json,RESOLVED_REWRITE_THEN_DOWNGRADE,True,False,False,recorded_after_rewrite,True
B,K11,neg1_meta_b3prod_a2,MUSE-HC-012,EN,A Meta executive admitted the mistake. The test had begun without clearly telling users.,rep7/instances_s2/neg1_meta_b3prod_a2.json,RESOLVED_REWRITE_THEN_DOWNGRADE,True,False,False,recorded_after_rewrite,True
B,K11,neg1_meta_b3prod_a2,MUSE-HC-012,EN,A Meta executive admitted the mistake. The test had begun without clearly telling users.,rep8/instances_s1/neg1_meta_b3prod_a2.json,RESOLVED_STAGE2_DOWNGRADE,True,False,False,original_no_rewrite_recorded,True
B,K11,neg1_meta_b3prod_a2,MUSE-HC-012,EN,A Meta executive admitted the mistake. The test had begun without clearly telling users.,rep8/instances_s2/neg1_meta_b3prod_a2.json,RESOLVED_STAGE2_DOWNGRADE,True,False,False,original_no_rewrite_recorded,True
B,K11,neg1_meta_b3prod_a2,MUSE-HC-012,EN,A Meta executive admitted the mistake. The test had begun without clearly telling users.,rep9/instances_s1/neg1_meta_b3prod_a2.json,RESOLVED_REWRITE_THEN_DOWNGRADE,True,False,False,recorded_after_rewrite,True
B,K11,neg1_meta_b3prod_a2,MUSE-HC-012,EN,A Meta executive admitted the mistake. The test had begun without clearly telling users.,rep9/instances_s2/neg1_meta_b3prod_a2.json,RESOLVED_STAGE2_DOWNGRADE,True,False,False,original_no_rewrite_recorded,True
B,K12,neg1_meta_b3prod_a2,MUSE-HC-012,EN,"A user might think the exchange was with AI, even though a person was involved.",iter5/instances_s1/neg1_meta_b3prod_a2.json,RESOLVED_REWRITE_THEN_DOWNGRADE,True,False,False,recorded_after_rewrite,True
B,K12,neg1_meta_b3prod_a2,MUSE-HC-012,EN,"A user might think the exchange was with AI, even though a person was involved.",iter5/instances_s2/neg1_meta_b3prod_a2.json,RESOLVED_REWRITE_THEN_DOWNGRADE,True,False,False,recorded_after_rewrite,True
B,K12,neg1_meta_b3prod_a2,MUSE-HC-012,EN,"A user might think the exchange was with AI, even though a person was involved.",iter6/instances_s1/neg1_meta_b3prod_a2.json,STAGE4_ESCALATION,True,False,False,recorded_after_rewrite,False
B,K12,neg1_meta_b3prod_a2,MUSE-HC-012,EN,"A user might think the exchange was with AI, even though a person was involved.",iter6/instances_s2/neg1_meta_b3prod_a2.json,STAGE4_ESCALATION,True,False,False,recorded_after_rewrite,False
B,K12,neg1_meta_b3prod_a2,MUSE-HC-012,EN,"A user might think the exchange was with AI, even though a person was involved.",iter7/instances_s1/neg1_meta_b3prod_a2.json,STAGE4_ESCALATION,False,True,True,recorded_after_rewrite,False
B,K12,neg1_meta_b3prod_a2,MUSE-HC-012,EN,"A user might think the exchange was with AI, even though a person was involved.",iter7/instances_s2/neg1_meta_b3prod_a2.json,RESOLVED_STAGE2_DOWNGRADE,True,False,False,original_no_rewrite_recorded,True
B,K12,neg1_meta_b3prod_a2,MUSE-HC-012,EN,"A user might think the exchange was with AI, even though a person was involved.",iter8/instances_s1/neg1_meta_b3prod_a2.json,ACCEPTABLE_STAGE1,True,False,False,original_no_rewrite_recorded,True
B,K12,neg1_meta_b3prod_a2,MUSE-HC-012,EN,"A user might think the exchange was with AI, even though a person was involved.",iter8/instances_s2/neg1_meta_b3prod_a2.json,ACCEPTABLE_STAGE1,True,False,False,original_no_rewrite_recorded,True
B,K12,neg1_meta_b3prod_a2,MUSE-HC-012,EN,"A user might think the exchange was with AI, even though a person was involved.",rep11/instances_s1/neg1_meta_b3prod_a2.json,RESOLVED_REWRITE,True,False,False,recorded_after_rewrite,True
B,K12,neg1_meta_b3prod_a2,MUSE-HC-012,EN,"A user might think the exchange was with AI, even though a person was involved.",rep11/instances_s2/neg1_meta_b3prod_a2.json,RESOLVED_REWRITE_THEN_DOWNGRADE,True,False,True,recorded_after_rewrite,True
B,K12,neg1_meta_b3prod_a2,MUSE-HC-012,EN,"A user might think the exchange was with AI, even though a person was involved.",rep12/instances_s1/neg1_meta_b3prod_a2.json,RESOLVED_STAGE2_DOWNGRADE,True,False,False,original_no_rewrite_recorded,True
B,K12,neg1_meta_b3prod_a2,MUSE-HC-012,EN,"A user might think the exchange was with AI, even though a person was involved.",rep12/instances_s2/neg1_meta_b3prod_a2.json,RESOLVED_STAGE2_DOWNGRADE,True,False,False,original_no_rewrite_recorded,True
B,K12,neg1_meta_b3prod_a2,MUSE-HC-012,EN,"A user might think the exchange was with AI, even though a person was involved.",rep16/instances_s1/neg1_meta_b3prod_a2.json,RESOLVED_REWRITE,True,False,True,recorded_after_rewrite,True
B,K12,neg1_meta_b3prod_a2,MUSE-HC-012,EN,"A user might think the exchange was with AI, even though a person was involved.",rep16/instances_s2/neg1_meta_b3prod_a2.json,RESOLVED_REWRITE,True,False,True,recorded_after_rewrite,True
B,K12,neg1_meta_b3prod_a2,MUSE-HC-012,EN,"A user might think the exchange was with AI, even though a person was involved.",rep17/instances_s1/neg1_meta_b3prod_a2.json,RESOLVED_STAGE2_DOWNGRADE,True,False,False,original_no_rewrite_recorded,True
B,K12,neg1_meta_b3prod_a2,MUSE-HC-012,EN,"A user might think the exchange was with AI, even though a person was involved.",rep17/instances_s2/neg1_meta_b3prod_a2.json,RESOLVED_STAGE2_DOWNGRADE,True,False,False,original_no_rewrite_recorded,True
B,K12,neg1_meta_b3prod_a2,MUSE-HC-012,EN,"A user might think the exchange was with AI, even though a person was involved.",rep7/instances_s1/neg1_meta_b3prod_a2.json,RESOLVED_REWRITE_THEN_DOWNGRADE,True,False,True,recorded_after_rewrite,True
B,K12,neg1_meta_b3prod_a2,MUSE-HC-012,EN,"A user might think the exchange was with AI, even though a person was involved.",rep7/instances_s2/neg1_meta_b3prod_a2.json,RESOLVED_REWRITE_THEN_DOWNGRADE,True,False,False,recorded_after_rewrite,True
B,K12,neg1_meta_b3prod_a2,MUSE-HC-012,EN,"A user might think the exchange was with AI, even though a person was involved.",rep8/instances_s1/neg1_meta_b3prod_a2.json,RESOLVED_STAGE2_DOWNGRADE,True,False,False,original_no_rewrite_recorded,True
B,K12,neg1_meta_b3prod_a2,MUSE-HC-012,EN,"A user might think the exchange was with AI, even though a person was involved.",rep8/instances_s2/neg1_meta_b3prod_a2.json,RESOLVED_STAGE2_DOWNGRADE,True,False,False,original_no_rewrite_recorded,True
B,K12,neg1_meta_b3prod_a2,MUSE-HC-012,EN,"A user might think the exchange was with AI, even though a person was involved.",rep9/instances_s1/neg1_meta_b3prod_a2.json,RESOLVED_REWRITE_THEN_DOWNGRADE,True,False,False,recorded_after_rewrite,True
B,K12,neg1_meta_b3prod_a2,MUSE-HC-012,EN,"A user might think the exchange was with AI, even though a person was involved.",rep9/instances_s2/neg1_meta_b3prod_a2.json,RESOLVED_STAGE2_DOWNGRADE,True,False,False,original_no_rewrite_recorded,True
B,K13,neg1_meta_b3prod_a2,MUSE-HC-012,EN,The test began without clearly telling users that contract workers would make the calls.,iter5/instances_s1/neg1_meta_b3prod_a2.json,RESOLVED_REWRITE_THEN_DOWNGRADE,True,False,False,recorded_after_rewrite,True
B,K13,neg1_meta_b3prod_a2,MUSE-HC-012,EN,The test began without clearly telling users that contract workers would make the calls.,iter5/instances_s2/neg1_meta_b3prod_a2.json,RESOLVED_REWRITE_THEN_DOWNGRADE,True,False,False,recorded_after_rewrite,True
B,K13,neg1_meta_b3prod_a2,MUSE-HC-012,EN,The test began without clearly telling users that contract workers would make the calls.,iter6/instances_s1/neg1_meta_b3prod_a2.json,STAGE4_ESCALATION,True,False,False,recorded_after_rewrite,False
B,K13,neg1_meta_b3prod_a2,MUSE-HC-012,EN,The test began without clearly telling users that contract workers would make the calls.,iter6/instances_s2/neg1_meta_b3prod_a2.json,STAGE4_ESCALATION,True,False,False,recorded_after_rewrite,False
B,K13,neg1_meta_b3prod_a2,MUSE-HC-012,EN,The test began without clearly telling users that contract workers would make the calls.,iter7/instances_s1/neg1_meta_b3prod_a2.json,STAGE4_ESCALATION,False,True,True,recorded_after_rewrite,False
B,K13,neg1_meta_b3prod_a2,MUSE-HC-012,EN,The test began without clearly telling users that contract workers would make the calls.,iter7/instances_s2/neg1_meta_b3prod_a2.json,RESOLVED_STAGE2_DOWNGRADE,True,False,False,original_no_rewrite_recorded,True
B,K13,neg1_meta_b3prod_a2,MUSE-HC-012,EN,The test began without clearly telling users that contract workers would make the calls.,iter8/instances_s1/neg1_meta_b3prod_a2.json,ACCEPTABLE_STAGE1,True,False,False,original_no_rewrite_recorded,True
B,K13,neg1_meta_b3prod_a2,MUSE-HC-012,EN,The test began without clearly telling users that contract workers would make the calls.,iter8/instances_s2/neg1_meta_b3prod_a2.json,ACCEPTABLE_STAGE1,True,False,False,original_no_rewrite_recorded,True
B,K13,neg1_meta_b3prod_a2,MUSE-HC-012,EN,The test began without clearly telling users that contract workers would make the calls.,rep11/instances_s1/neg1_meta_b3prod_a2.json,RESOLVED_REWRITE,True,False,False,recorded_after_rewrite,True
B,K13,neg1_meta_b3prod_a2,MUSE-HC-012,EN,The test began without clearly telling users that contract workers would make the calls.,rep11/instances_s2/neg1_meta_b3prod_a2.json,RESOLVED_REWRITE_THEN_DOWNGRADE,True,False,True,recorded_after_rewrite,True
B,K13,neg1_meta_b3prod_a2,MUSE-HC-012,EN,The test began without clearly telling users that contract workers would make the calls.,rep12/instances_s1/neg1_meta_b3prod_a2.json,RESOLVED_STAGE2_DOWNGRADE,True,False,False,original_no_rewrite_recorded,True
B,K13,neg1_meta_b3prod_a2,MUSE-HC-012,EN,The test began without clearly telling users that contract workers would make the calls.,rep12/instances_s2/neg1_meta_b3prod_a2.json,RESOLVED_STAGE2_DOWNGRADE,True,False,False,original_no_rewrite_recorded,True
B,K13,neg1_meta_b3prod_a2,MUSE-HC-012,EN,The test began without clearly telling users that contract workers would make the calls.,rep16/instances_s1/neg1_meta_b3prod_a2.json,RESOLVED_REWRITE,True,False,True,recorded_after_rewrite,True
B,K13,neg1_meta_b3prod_a2,MUSE-HC-012,EN,The test began without clearly telling users that contract workers would make the calls.,rep16/instances_s2/neg1_meta_b3prod_a2.json,RESOLVED_REWRITE,True,False,True,recorded_after_rewrite,True
B,K13,neg1_meta_b3prod_a2,MUSE-HC-012,EN,The test began without clearly telling users that contract workers would make the calls.,rep17/instances_s1/neg1_meta_b3prod_a2.json,RESOLVED_STAGE2_DOWNGRADE,True,False,False,original_no_rewrite_recorded,True
B,K13,neg1_meta_b3prod_a2,MUSE-HC-012,EN,The test began without clearly telling users that contract workers would make the calls.,rep17/instances_s2/neg1_meta_b3prod_a2.json,RESOLVED_STAGE2_DOWNGRADE,True,False,False,original_no_rewrite_recorded,True
B,K13,neg1_meta_b3prod_a2,MUSE-HC-012,EN,The test began without clearly telling users that contract workers would make the calls.,rep7/instances_s1/neg1_meta_b3prod_a2.json,RESOLVED_REWRITE_THEN_DOWNGRADE,True,False,True,recorded_after_rewrite,True
B,K13,neg1_meta_b3prod_a2,MUSE-HC-012,EN,The test began without clearly telling users that contract workers would make the calls.,rep7/instances_s2/neg1_meta_b3prod_a2.json,RESOLVED_REWRITE_THEN_DOWNGRADE,True,False,False,recorded_after_rewrite,True
B,K13,neg1_meta_b3prod_a2,MUSE-HC-012,EN,The test began without clearly telling users that contract workers would make the calls.,rep8/instances_s1/neg1_meta_b3prod_a2.json,RESOLVED_STAGE2_DOWNGRADE,True,False,False,original_no_rewrite_recorded,True
B,K13,neg1_meta_b3prod_a2,MUSE-HC-012,EN,The test began without clearly telling users that contract workers would make the calls.,rep8/instances_s2/neg1_meta_b3prod_a2.json,RESOLVED_STAGE2_DOWNGRADE,True,False,False,original_no_rewrite_recorded,True
B,K13,neg1_meta_b3prod_a2,MUSE-HC-012,EN,The test began without clearly telling users that contract workers would make the calls.,rep9/instances_s1/neg1_meta_b3prod_a2.json,RESOLVED_REWRITE_THEN_DOWNGRADE,True,False,False,recorded_after_rewrite,True
B,K13,neg1_meta_b3prod_a2,MUSE-HC-012,EN,The test began without clearly telling users that contract workers would make the calls.,rep9/instances_s2/neg1_meta_b3prod_a2.json,RESOLVED_STAGE2_DOWNGRADE,True,False,False,original_no_rewrite_recorded,True
B,K14,neg3_hormuz_prodrunner_b1b,HF-003,JA,トランプ氏は、アメリカがホルムズ海峡の安全確保に使う費用について、海峡を通るすべての貨物に二割の償還を求めると投稿した。,iter5/instances_s1/neg3_hormuz_prodrunner_b1b.json,STAGE4_ESCALATION,True,False,False,original_no_rewrite_recorded,False
B,K14,neg3_hormuz_prodrunner_b1b,HF-003,JA,トランプ氏は、アメリカがホルムズ海峡の安全確保に使う費用について、海峡を通るすべての貨物に二割の償還を求めると投稿した。,iter5/instances_s2/neg3_hormuz_prodrunner_b1b.json,RESOLVED_REWRITE,True,False,False,original_no_rewrite_recorded,True
B,K14,neg3_hormuz_prodrunner_b1b,HF-003,JA,トランプ氏は、アメリカがホルムズ海峡の安全確保に使う費用について、海峡を通るすべての貨物に二割の償還を求めると投稿した。,iter6/instances_s1/neg3_hormuz_prodrunner_b1b.json,RESOLVED_REWRITE,True,False,False,original_no_rewrite_recorded,True
B,K14,neg3_hormuz_prodrunner_b1b,HF-003,JA,トランプ氏は、アメリカがホルムズ海峡の安全確保に使う費用について、海峡を通るすべての貨物に二割の償還を求めると投稿した。,iter6/instances_s2/neg3_hormuz_prodrunner_b1b.json,STAGE4_ESCALATION,True,False,False,original_no_rewrite_recorded,False
B,K14,neg3_hormuz_prodrunner_b1b,HF-003,JA,トランプ氏は、アメリカがホルムズ海峡の安全確保に使う費用について、海峡を通るすべての貨物に二割の償還を求めると投稿した。,iter7/instances_s1/neg3_hormuz_prodrunner_b1b.json,RESOLVED_REWRITE,True,False,False,original_no_rewrite_recorded,True
B,K14,neg3_hormuz_prodrunner_b1b,HF-003,JA,トランプ氏は、アメリカがホルムズ海峡の安全確保に使う費用について、海峡を通るすべての貨物に二割の償還を求めると投稿した。,iter7/instances_s2/neg3_hormuz_prodrunner_b1b.json,RESOLVED_REWRITE,True,False,False,original_no_rewrite_recorded,True
B,K14,neg3_hormuz_prodrunner_b1b,HF-003,JA,トランプ氏は、アメリカがホルムズ海峡の安全確保に使う費用について、海峡を通るすべての貨物に二割の償還を求めると投稿した。,iter8/instances_s1/neg3_hormuz_prodrunner_b1b.json,RESOLVED_REWRITE,True,False,False,original_no_rewrite_recorded,True
B,K14,neg3_hormuz_prodrunner_b1b,HF-003,JA,トランプ氏は、アメリカがホルムズ海峡の安全確保に使う費用について、海峡を通るすべての貨物に二割の償還を求めると投稿した。,iter8/instances_s2/neg3_hormuz_prodrunner_b1b.json,RESOLVED_REWRITE,True,False,False,original_no_rewrite_recorded,True
B,K14,neg3_hormuz_prodrunner_b1b,HF-003,JA,トランプ氏は、アメリカがホルムズ海峡の安全確保に使う費用について、海峡を通るすべての貨物に二割の償還を求めると投稿した。,rep10/instances_s1/neg3_hormuz_prodrunner_b1b.json,RESOLVED_REWRITE,True,False,False,original_no_rewrite_recorded,True
B,K14,neg3_hormuz_prodrunner_b1b,HF-003,JA,トランプ氏は、アメリカがホルムズ海峡の安全確保に使う費用について、海峡を通るすべての貨物に二割の償還を求めると投稿した。,rep10/instances_s2/neg3_hormuz_prodrunner_b1b.json,RESOLVED_REWRITE,True,False,False,original_no_rewrite_recorded,True
B,K14,neg3_hormuz_prodrunner_b1b,HF-003,JA,トランプ氏は、アメリカがホルムズ海峡の安全確保に使う費用について、海峡を通るすべての貨物に二割の償還を求めると投稿した。,rep16/instances_s1/neg3_hormuz_prodrunner_b1b.json,STAGE4_ESCALATION,True,True,False,recorded_after_rewrite,False
B,K14,neg3_hormuz_prodrunner_b1b,HF-003,JA,トランプ氏は、アメリカがホルムズ海峡の安全確保に使う費用について、海峡を通るすべての貨物に二割の償還を求めると投稿した。,rep17/instances_s1/neg3_hormuz_prodrunner_b1b.json,RESOLVED_REWRITE,True,False,False,original_no_rewrite_recorded,True
B,K14,neg3_hormuz_prodrunner_b1b,HF-003,JA,トランプ氏は、アメリカがホルムズ海峡の安全確保に使う費用について、海峡を通るすべての貨物に二割の償還を求めると投稿した。,rep17/instances_s2/neg3_hormuz_prodrunner_b1b.json,RESOLVED_REWRITE_THEN_DOWNGRADE,True,False,False,original_no_rewrite_recorded,True
B,K14,neg3_hormuz_prodrunner_b1b,HF-003,JA,トランプ氏は、アメリカがホルムズ海峡の安全確保に使う費用について、海峡を通るすべての貨物に二割の償還を求めると投稿した。,rep9/instances_s1/neg3_hormuz_prodrunner_b1b.json,RESOLVED_REWRITE,True,False,False,original_no_rewrite_recorded,True
B,K14,neg3_hormuz_prodrunner_b1b,HF-003,JA,トランプ氏は、アメリカがホルムズ海峡の安全確保に使う費用について、海峡を通るすべての貨物に二割の償還を求めると投稿した。,rep9/instances_s2/neg3_hormuz_prodrunner_b1b.json,STAGE4_ESCALATION,True,False,False,original_no_rewrite_recorded,False
B,K15,neg3_hormuz_prodrunner_b1b,HF-009,EN,"During that period, attacks between the United States and Iran, a sea blockade, and concerns about tanker safety continued.",iter5/instances_s1/neg3_hormuz_prodrunner_b1b.json,STAGE4_ESCALATION,True,False,False,recorded_after_rewrite,False
B,K15,neg3_hormuz_prodrunner_b1b,HF-009,EN,"During that period, attacks between the United States and Iran, a sea blockade, and concerns about tanker safety continued.",iter5/instances_s2/neg3_hormuz_prodrunner_b1b.json,RESOLVED_REWRITE,True,False,False,recorded_after_rewrite,True
B,K15,neg3_hormuz_prodrunner_b1b,HF-009,EN,"During that period, attacks between the United States and Iran, a sea blockade, and concerns about tanker safety continued.",iter6/instances_s1/neg3_hormuz_prodrunner_b1b.json,RESOLVED_REWRITE,True,False,False,recorded_after_rewrite,True
B,K15,neg3_hormuz_prodrunner_b1b,HF-009,EN,"During that period, attacks between the United States and Iran, a sea blockade, and concerns about tanker safety continued.",iter6/instances_s2/neg3_hormuz_prodrunner_b1b.json,STAGE4_ESCALATION,True,False,False,recorded_after_rewrite,False
B,K15,neg3_hormuz_prodrunner_b1b,HF-009,EN,"During that period, attacks between the United States and Iran, a sea blockade, and concerns about tanker safety continued.",iter7/instances_s1/neg3_hormuz_prodrunner_b1b.json,RESOLVED_REWRITE,True,False,False,recorded_after_rewrite,True
B,K15,neg3_hormuz_prodrunner_b1b,HF-009,EN,"During that period, attacks between the United States and Iran, a sea blockade, and concerns about tanker safety continued.",iter7/instances_s2/neg3_hormuz_prodrunner_b1b.json,RESOLVED_REWRITE,True,False,False,recorded_after_rewrite,True
B,K15,neg3_hormuz_prodrunner_b1b,HF-009,EN,"During that period, attacks between the United States and Iran, a sea blockade, and concerns about tanker safety continued.",iter8/instances_s1/neg3_hormuz_prodrunner_b1b.json,RESOLVED_REWRITE,False,True,False,recorded_after_rewrite,False
B,K15,neg3_hormuz_prodrunner_b1b,HF-009,EN,"During that period, attacks between the United States and Iran, a sea blockade, and concerns about tanker safety continued.",iter8/instances_s2/neg3_hormuz_prodrunner_b1b.json,RESOLVED_REWRITE,False,True,False,recorded_after_rewrite,False
B,K15,neg3_hormuz_prodrunner_b1b,HF-009,EN,"During that period, attacks between the United States and Iran, a sea blockade, and concerns about tanker safety continued.",rep10/instances_s1/neg3_hormuz_prodrunner_b1b.json,RESOLVED_REWRITE,True,False,False,recorded_after_rewrite,True
B,K15,neg3_hormuz_prodrunner_b1b,HF-009,EN,"During that period, attacks between the United States and Iran, a sea blockade, and concerns about tanker safety continued.",rep10/instances_s2/neg3_hormuz_prodrunner_b1b.json,RESOLVED_REWRITE,True,False,False,recorded_after_rewrite,True
B,K15,neg3_hormuz_prodrunner_b1b,HF-009,EN,"During that period, attacks between the United States and Iran, a sea blockade, and concerns about tanker safety continued.",rep16/instances_s1/neg3_hormuz_prodrunner_b1b.json,STAGE4_ESCALATION,True,True,False,recorded_after_rewrite,False
B,K15,neg3_hormuz_prodrunner_b1b,HF-009,EN,"During that period, attacks between the United States and Iran, a sea blockade, and concerns about tanker safety continued.",rep17/instances_s1/neg3_hormuz_prodrunner_b1b.json,RESOLVED_REWRITE,False,True,False,recorded_after_rewrite,False
B,K15,neg3_hormuz_prodrunner_b1b,HF-009,EN,"During that period, attacks between the United States and Iran, a sea blockade, and concerns about tanker safety continued.",rep17/instances_s2/neg3_hormuz_prodrunner_b1b.json,RESOLVED_REWRITE_THEN_DOWNGRADE,False,True,False,recorded_after_rewrite,False
B,K15,neg3_hormuz_prodrunner_b1b,HF-009,EN,"During that period, attacks between the United States and Iran, a sea blockade, and concerns about tanker safety continued.",rep9/instances_s1/neg3_hormuz_prodrunner_b1b.json,RESOLVED_REWRITE,True,False,False,recorded_after_rewrite,True
B,K15,neg3_hormuz_prodrunner_b1b,HF-009,EN,"During that period, attacks between the United States and Iran, a sea blockade, and concerns about tanker safety continued.",rep9/instances_s2/neg3_hormuz_prodrunner_b1b.json,STAGE4_ESCALATION,True,False,False,recorded_after_rewrite,False
B,K16,neg3_hormuz_prodrunner_b1b,HF-009,EN,"The fee plan left the stage, but the events driving oil prices—and the prices themselves—quickly returned.",iter5/instances_s1/neg3_hormuz_prodrunner_b1b.json,STAGE4_ESCALATION,False,True,False,recorded_after_rewrite,False
B,K16,neg3_hormuz_prodrunner_b1b,HF-009,EN,"The fee plan left the stage, but the events driving oil prices—and the prices themselves—quickly returned.",iter5/instances_s2/neg3_hormuz_prodrunner_b1b.json,RESOLVED_REWRITE,False,True,False,recorded_after_rewrite,False
B,K16,neg3_hormuz_prodrunner_b1b,HF-009,EN,"The fee plan left the stage, but the events driving oil prices—and the prices themselves—quickly returned.",iter6/instances_s1/neg3_hormuz_prodrunner_b1b.json,RESOLVED_REWRITE,False,True,False,recorded_after_rewrite,False
B,K16,neg3_hormuz_prodrunner_b1b,HF-009,EN,"The fee plan left the stage, but the events driving oil prices—and the prices themselves—quickly returned.",iter6/instances_s2/neg3_hormuz_prodrunner_b1b.json,STAGE4_ESCALATION,False,True,False,recorded_after_rewrite,False
B,K16,neg3_hormuz_prodrunner_b1b,HF-009,EN,"The fee plan left the stage, but the events driving oil prices—and the prices themselves—quickly returned.",iter7/instances_s1/neg3_hormuz_prodrunner_b1b.json,RESOLVED_REWRITE,False,True,False,recorded_after_rewrite,False
B,K16,neg3_hormuz_prodrunner_b1b,HF-009,EN,"The fee plan left the stage, but the events driving oil prices—and the prices themselves—quickly returned.",iter7/instances_s2/neg3_hormuz_prodrunner_b1b.json,RESOLVED_REWRITE,False,True,False,recorded_after_rewrite,False
B,K16,neg3_hormuz_prodrunner_b1b,HF-009,EN,"The fee plan left the stage, but the events driving oil prices—and the prices themselves—quickly returned.",iter8/instances_s1/neg3_hormuz_prodrunner_b1b.json,RESOLVED_REWRITE,False,True,False,recorded_after_rewrite,False
B,K16,neg3_hormuz_prodrunner_b1b,HF-009,EN,"The fee plan left the stage, but the events driving oil prices—and the prices themselves—quickly returned.",iter8/instances_s2/neg3_hormuz_prodrunner_b1b.json,RESOLVED_REWRITE,False,True,False,recorded_after_rewrite,False
B,K16,neg3_hormuz_prodrunner_b1b,HF-009,EN,"The fee plan left the stage, but the events driving oil prices—and the prices themselves—quickly returned.",rep10/instances_s1/neg3_hormuz_prodrunner_b1b.json,RESOLVED_REWRITE,False,True,False,recorded_after_rewrite,False
B,K16,neg3_hormuz_prodrunner_b1b,HF-009,EN,"The fee plan left the stage, but the events driving oil prices—and the prices themselves—quickly returned.",rep10/instances_s2/neg3_hormuz_prodrunner_b1b.json,RESOLVED_REWRITE,False,True,False,recorded_after_rewrite,False
B,K16,neg3_hormuz_prodrunner_b1b,HF-009,EN,"The fee plan left the stage, but the events driving oil prices—and the prices themselves—quickly returned.",rep16/instances_s1/neg3_hormuz_prodrunner_b1b.json,STAGE4_ESCALATION,True,True,False,recorded_after_rewrite,False
B,K16,neg3_hormuz_prodrunner_b1b,HF-009,EN,"The fee plan left the stage, but the events driving oil prices—and the prices themselves—quickly returned.",rep17/instances_s1/neg3_hormuz_prodrunner_b1b.json,RESOLVED_REWRITE,False,True,False,recorded_after_rewrite,False
B,K16,neg3_hormuz_prodrunner_b1b,HF-009,EN,"The fee plan left the stage, but the events driving oil prices—and the prices themselves—quickly returned.",rep17/instances_s2/neg3_hormuz_prodrunner_b1b.json,RESOLVED_REWRITE_THEN_DOWNGRADE,False,True,False,recorded_after_rewrite,False
B,K16,neg3_hormuz_prodrunner_b1b,HF-009,EN,"The fee plan left the stage, but the events driving oil prices—and the prices themselves—quickly returned.",rep9/instances_s1/neg3_hormuz_prodrunner_b1b.json,RESOLVED_REWRITE,False,True,False,recorded_after_rewrite,False
B,K16,neg3_hormuz_prodrunner_b1b,HF-009,EN,"The fee plan left the stage, but the events driving oil prices—and the prices themselves—quickly returned.",rep9/instances_s2/neg3_hormuz_prodrunner_b1b.json,STAGE4_ESCALATION,False,True,False,recorded_after_rewrite,False
B,K17,neg3_hormuz_prodrunner_b1b,HF-009,EN,"The fee plan may be replaced, but events continuing at the same time do not simply disappear backstage because of one announcement.",iter5/instances_s1/neg3_hormuz_prodrunner_b1b.json,STAGE4_ESCALATION,True,False,False,recorded_after_rewrite,False
B,K17,neg3_hormuz_prodrunner_b1b,HF-009,EN,"The fee plan may be replaced, but events continuing at the same time do not simply disappear backstage because of one announcement.",iter5/instances_s2/neg3_hormuz_prodrunner_b1b.json,RESOLVED_REWRITE,True,False,False,recorded_after_rewrite,True
B,K17,neg3_hormuz_prodrunner_b1b,HF-009,EN,"The fee plan may be replaced, but events continuing at the same time do not simply disappear backstage because of one announcement.",iter6/instances_s1/neg3_hormuz_prodrunner_b1b.json,RESOLVED_REWRITE,True,False,False,recorded_after_rewrite,True
B,K17,neg3_hormuz_prodrunner_b1b,HF-009,EN,"The fee plan may be replaced, but events continuing at the same time do not simply disappear backstage because of one announcement.",iter6/instances_s2/neg3_hormuz_prodrunner_b1b.json,STAGE4_ESCALATION,True,False,False,recorded_after_rewrite,False
B,K17,neg3_hormuz_prodrunner_b1b,HF-009,EN,"The fee plan may be replaced, but events continuing at the same time do not simply disappear backstage because of one announcement.",iter7/instances_s1/neg3_hormuz_prodrunner_b1b.json,RESOLVED_REWRITE,True,False,False,recorded_after_rewrite,True
B,K17,neg3_hormuz_prodrunner_b1b,HF-009,EN,"The fee plan may be replaced, but events continuing at the same time do not simply disappear backstage because of one announcement.",iter7/instances_s2/neg3_hormuz_prodrunner_b1b.json,RESOLVED_REWRITE,True,False,False,recorded_after_rewrite,True
B,K17,neg3_hormuz_prodrunner_b1b,HF-009,EN,"The fee plan may be replaced, but events continuing at the same time do not simply disappear backstage because of one announcement.",iter8/instances_s1/neg3_hormuz_prodrunner_b1b.json,RESOLVED_REWRITE,False,True,False,recorded_after_rewrite,False
B,K17,neg3_hormuz_prodrunner_b1b,HF-009,EN,"The fee plan may be replaced, but events continuing at the same time do not simply disappear backstage because of one announcement.",iter8/instances_s2/neg3_hormuz_prodrunner_b1b.json,RESOLVED_REWRITE,False,True,False,recorded_after_rewrite,False
B,K17,neg3_hormuz_prodrunner_b1b,HF-009,EN,"The fee plan may be replaced, but events continuing at the same time do not simply disappear backstage because of one announcement.",rep10/instances_s1/neg3_hormuz_prodrunner_b1b.json,RESOLVED_REWRITE,True,False,False,recorded_after_rewrite,True
B,K17,neg3_hormuz_prodrunner_b1b,HF-009,EN,"The fee plan may be replaced, but events continuing at the same time do not simply disappear backstage because of one announcement.",rep10/instances_s2/neg3_hormuz_prodrunner_b1b.json,RESOLVED_REWRITE,True,False,False,recorded_after_rewrite,True
B,K17,neg3_hormuz_prodrunner_b1b,HF-009,EN,"The fee plan may be replaced, but events continuing at the same time do not simply disappear backstage because of one announcement.",rep16/instances_s1/neg3_hormuz_prodrunner_b1b.json,STAGE4_ESCALATION,True,True,False,recorded_after_rewrite,False
B,K17,neg3_hormuz_prodrunner_b1b,HF-009,EN,"The fee plan may be replaced, but events continuing at the same time do not simply disappear backstage because of one announcement.",rep17/instances_s1/neg3_hormuz_prodrunner_b1b.json,RESOLVED_REWRITE,False,True,False,recorded_after_rewrite,False
B,K17,neg3_hormuz_prodrunner_b1b,HF-009,EN,"The fee plan may be replaced, but events continuing at the same time do not simply disappear backstage because of one announcement.",rep17/instances_s2/neg3_hormuz_prodrunner_b1b.json,RESOLVED_REWRITE_THEN_DOWNGRADE,False,True,False,recorded_after_rewrite,False
B,K17,neg3_hormuz_prodrunner_b1b,HF-009,EN,"The fee plan may be replaced, but events continuing at the same time do not simply disappear backstage because of one announcement.",rep9/instances_s1/neg3_hormuz_prodrunner_b1b.json,RESOLVED_REWRITE,True,False,False,recorded_after_rewrite,True
B,K17,neg3_hormuz_prodrunner_b1b,HF-009,EN,"The fee plan may be replaced, but events continuing at the same time do not simply disappear backstage because of one announcement.",rep9/instances_s2/neg3_hormuz_prodrunner_b1b.json,STAGE4_ESCALATION,True,False,False,recorded_after_rewrite,False
B,K18,safety_A2A3,HF-003,JA,アメリカが海峡の安全を守るために使う費用を、貨物を運ぶ側に返してもらうという考えです。,iter5/instances_s1/safety_A2A3.json,RESOLVED_REWRITE_THEN_DOWNGRADE,False,False,False,recorded_after_rewrite,False
B,K18,safety_A2A3,HF-003,JA,アメリカが海峡の安全を守るために使う費用を、貨物を運ぶ側に返してもらうという考えです。,iter5/instances_s2/safety_A2A3.json,RESOLVED_REWRITE_THEN_DOWNGRADE,False,False,False,recorded_after_rewrite,False
B,K18,safety_A2A3,HF-003,JA,アメリカが海峡の安全を守るために使う費用を、貨物を運ぶ側に返してもらうという考えです。,iter6/instances_s1/safety_A2A3.json,RESOLVED_REWRITE_THEN_DOWNGRADE,False,False,False,recorded_after_rewrite,False
B,K18,safety_A2A3,HF-003,JA,アメリカが海峡の安全を守るために使う費用を、貨物を運ぶ側に返してもらうという考えです。,iter6/instances_s2/safety_A2A3.json,RESOLVED_REWRITE_THEN_DOWNGRADE,False,False,False,recorded_after_rewrite,False
B,K18,safety_A2A3,HF-003,JA,アメリカが海峡の安全を守るために使う費用を、貨物を運ぶ側に返してもらうという考えです。,iter7/instances_s1/safety_A2A3.json,STAGE4_ESCALATION,False,True,False,recorded_after_rewrite,False
B,K18,safety_A2A3,HF-003,JA,アメリカが海峡の安全を守るために使う費用を、貨物を運ぶ側に返してもらうという考えです。,iter7/instances_s2/safety_A2A3.json,STAGE4_ESCALATION,False,True,False,recorded_after_rewrite,False
B,K18,safety_A2A3,HF-003,JA,アメリカが海峡の安全を守るために使う費用を、貨物を運ぶ側に返してもらうという考えです。,iter8/instances_s1/safety_A2A3.json,STAGE4_ESCALATION,True,False,False,original_no_rewrite_recorded,False
B,K18,safety_A2A3,HF-003,JA,アメリカが海峡の安全を守るために使う費用を、貨物を運ぶ側に返してもらうという考えです。,iter8/instances_s2/safety_A2A3.json,RESOLVED_STAGE2_DOWNGRADE,True,False,False,original_no_rewrite_recorded,True
B,K18,safety_A2A3,HF-003,JA,アメリカが海峡の安全を守るために使う費用を、貨物を運ぶ側に返してもらうという考えです。,rep10/instances_s1/safety_A2A3.json,RESOLVED_REWRITE_THEN_DOWNGRADE,True,False,False,recorded_after_rewrite,True
B,K18,safety_A2A3,HF-003,JA,アメリカが海峡の安全を守るために使う費用を、貨物を運ぶ側に返してもらうという考えです。,rep10/instances_s2/safety_A2A3.json,RESOLVED_REWRITE_THEN_DOWNGRADE,True,False,False,recorded_after_rewrite,True
B,K18,safety_A2A3,HF-003,JA,アメリカが海峡の安全を守るために使う費用を、貨物を運ぶ側に返してもらうという考えです。,rep18/instances_s1/safety_A2A3.json,STAGE4_ESCALATION,True,False,False,original_no_rewrite_recorded,False
B,K18,safety_A2A3,HF-003,JA,アメリカが海峡の安全を守るために使う費用を、貨物を運ぶ側に返してもらうという考えです。,rep18/instances_s2/safety_A2A3.json,STAGE4_ESCALATION,True,False,False,original_no_rewrite_recorded,False
B,K18,safety_A2A3,HF-003,JA,アメリカが海峡の安全を守るために使う費用を、貨物を運ぶ側に返してもらうという考えです。,rep9/instances_s1/safety_A2A3.json,RESOLVED_REWRITE_THEN_DOWNGRADE,True,False,False,recorded_after_rewrite,True
B,K19,safety_A2A3,HF-009,EN,"Just after the charge plan disappeared, prices began to fall. Soon, however, they returned to a high level.",iter5/instances_s1/safety_A2A3.json,RESOLVED_REWRITE_THEN_DOWNGRADE,True,False,False,recorded_after_rewrite,True
B,K19,safety_A2A3,HF-009,EN,"Just after the charge plan disappeared, prices began to fall. Soon, however, they returned to a high level.",iter5/instances_s2/safety_A2A3.json,RESOLVED_REWRITE_THEN_DOWNGRADE,True,False,False,recorded_after_rewrite,True
B,K19,safety_A2A3,HF-009,EN,"Just after the charge plan disappeared, prices began to fall. Soon, however, they returned to a high level.",iter6/instances_s1/safety_A2A3.json,RESOLVED_REWRITE_THEN_DOWNGRADE,False,True,False,recorded_after_rewrite,False
B,K19,safety_A2A3,HF-009,EN,"Just after the charge plan disappeared, prices began to fall. Soon, however, they returned to a high level.",iter6/instances_s2/safety_A2A3.json,RESOLVED_REWRITE_THEN_DOWNGRADE,True,False,False,recorded_after_rewrite,True
B,K19,safety_A2A3,HF-009,EN,"Just after the charge plan disappeared, prices began to fall. Soon, however, they returned to a high level.",iter7/instances_s1/safety_A2A3.json,STAGE4_ESCALATION,True,False,False,recorded_after_rewrite,False
B,K19,safety_A2A3,HF-009,EN,"Just after the charge plan disappeared, prices began to fall. Soon, however, they returned to a high level.",iter7/instances_s2/safety_A2A3.json,STAGE4_ESCALATION,True,False,False,recorded_after_rewrite,False
B,K19,safety_A2A3,HF-009,EN,"Just after the charge plan disappeared, prices began to fall. Soon, however, they returned to a high level.",iter8/instances_s1/safety_A2A3.json,STAGE4_ESCALATION,True,False,False,original_no_rewrite_recorded,False
B,K19,safety_A2A3,HF-009,EN,"Just after the charge plan disappeared, prices began to fall. Soon, however, they returned to a high level.",iter8/instances_s2/safety_A2A3.json,RESOLVED_STAGE2_DOWNGRADE,True,False,False,original_no_rewrite_recorded,True
B,K19,safety_A2A3,HF-009,EN,"Just after the charge plan disappeared, prices began to fall. Soon, however, they returned to a high level.",rep10/instances_s1/safety_A2A3.json,RESOLVED_REWRITE_THEN_DOWNGRADE,True,False,False,recorded_after_rewrite,True
B,K19,safety_A2A3,HF-009,EN,"Just after the charge plan disappeared, prices began to fall. Soon, however, they returned to a high level.",rep10/instances_s2/safety_A2A3.json,RESOLVED_REWRITE_THEN_DOWNGRADE,True,False,False,recorded_after_rewrite,True
B,K19,safety_A2A3,HF-009,EN,"Just after the charge plan disappeared, prices began to fall. Soon, however, they returned to a high level.",rep18/instances_s1/safety_A2A3.json,STAGE4_ESCALATION,True,False,False,original_no_rewrite_recorded,False
B,K19,safety_A2A3,HF-009,EN,"Just after the charge plan disappeared, prices began to fall. Soon, however, they returned to a high level.",rep18/instances_s2/safety_A2A3.json,STAGE4_ESCALATION,True,False,False,original_no_rewrite_recorded,False
B,K19,safety_A2A3,HF-009,EN,"Just after the charge plan disappeared, prices began to fall. Soon, however, they returned to a high level.",rep9/instances_s1/safety_A2A3.json,RESOLVED_REWRITE_THEN_DOWNGRADE,True,False,False,recorded_after_rewrite,True
B,K20,safety_A4,MUSE-HC-006,EN,"The idea was practical: when AI struggled, a person could help.",iter5/instances_s1/safety_A4.json,RESOLVED_REWRITE_THEN_DOWNGRADE,False,True,False,recorded_after_rewrite,False
B,K20,safety_A4,MUSE-HC-006,EN,"The idea was practical: when AI struggled, a person could help.",iter5/instances_s2/safety_A4.json,RESOLVED_REWRITE_THEN_DOWNGRADE,False,True,False,recorded_after_rewrite,False
B,K20,safety_A4,MUSE-HC-006,EN,"The idea was practical: when AI struggled, a person could help.",iter6/instances_s1/safety_A4.json,RESOLVED_REWRITE_THEN_DOWNGRADE,False,True,False,recorded_after_rewrite,False
B,K20,safety_A4,MUSE-HC-006,EN,"The idea was practical: when AI struggled, a person could help.",iter6/instances_s2/safety_A4.json,STAGE4_ESCALATION,True,True,False,recorded_after_rewrite,False
B,K20,safety_A4,MUSE-HC-006,EN,"The idea was practical: when AI struggled, a person could help.",iter8/instances_s1/safety_A4.json,STAGE4_ESCALATION,True,False,False,original_no_rewrite_recorded,False
B,K21,safety_A4,MUSE-HC-006,EN,"The idea was practical: when AI struggled, a person could help. Keeping a human in reserve seemed safer than leaving everything to AI.",iter5/instances_s1/safety_A4.json,RESOLVED_REWRITE_THEN_DOWNGRADE,False,True,False,recorded_after_rewrite,False
B,K21,safety_A4,MUSE-HC-006,EN,"The idea was practical: when AI struggled, a person could help. Keeping a human in reserve seemed safer than leaving everything to AI.",iter5/instances_s2/safety_A4.json,RESOLVED_REWRITE_THEN_DOWNGRADE,False,True,False,recorded_after_rewrite,False
B,K21,safety_A4,MUSE-HC-006,EN,"The idea was practical: when AI struggled, a person could help. Keeping a human in reserve seemed safer than leaving everything to AI.",iter6/instances_s1/safety_A4.json,RESOLVED_REWRITE_THEN_DOWNGRADE,False,True,True,recorded_after_rewrite,False
B,K21,safety_A4,MUSE-HC-006,EN,"The idea was practical: when AI struggled, a person could help. Keeping a human in reserve seemed safer than leaving everything to AI.",iter6/instances_s2/safety_A4.json,STAGE4_ESCALATION,True,True,False,recorded_after_rewrite,False
B,K21,safety_A4,MUSE-HC-006,EN,"The idea was practical: when AI struggled, a person could help. Keeping a human in reserve seemed safer than leaving everything to AI.",iter8/instances_s1/safety_A4.json,STAGE4_ESCALATION,True,False,False,original_no_rewrite_recorded,False
B,K22,safety_A4,MUSE-HC-006,EN,"when AI struggled, a person could help",iter5/instances_s1/safety_A4.json,RESOLVED_REWRITE_THEN_DOWNGRADE,False,True,False,recorded_after_rewrite,False
B,K22,safety_A4,MUSE-HC-006,EN,"when AI struggled, a person could help",iter5/instances_s2/safety_A4.json,RESOLVED_REWRITE_THEN_DOWNGRADE,False,True,False,recorded_after_rewrite,False
B,K22,safety_A4,MUSE-HC-006,EN,"when AI struggled, a person could help",iter6/instances_s1/safety_A4.json,RESOLVED_REWRITE_THEN_DOWNGRADE,False,True,False,recorded_after_rewrite,False
B,K22,safety_A4,MUSE-HC-006,EN,"when AI struggled, a person could help",iter6/instances_s2/safety_A4.json,STAGE4_ESCALATION,True,True,False,recorded_after_rewrite,False
B,K22,safety_A4,MUSE-HC-006,EN,"when AI struggled, a person could help",iter8/instances_s1/safety_A4.json,STAGE4_ESCALATION,True,False,False,original_no_rewrite_recorded,False
B,K23,safety_A4,MUSE-HC-012,EN,An AI called. That was what people thought as they spoke.,iter5/instances_s1/safety_A4.json,RESOLVED_REWRITE_THEN_DOWNGRADE,False,True,False,recorded_after_rewrite,False
B,K23,safety_A4,MUSE-HC-012,EN,An AI called. That was what people thought as they spoke.,iter5/instances_s2/safety_A4.json,RESOLVED_REWRITE_THEN_DOWNGRADE,False,True,False,recorded_after_rewrite,False
B,K23,safety_A4,MUSE-HC-012,EN,An AI called. That was what people thought as they spoke.,iter6/instances_s1/safety_A4.json,RESOLVED_REWRITE_THEN_DOWNGRADE,False,True,False,recorded_after_rewrite,False
B,K23,safety_A4,MUSE-HC-012,EN,An AI called. That was what people thought as they spoke.,iter6/instances_s2/safety_A4.json,STAGE4_ESCALATION,False,True,False,recorded_after_rewrite,False
B,K23,safety_A4,MUSE-HC-012,EN,An AI called. That was what people thought as they spoke.,iter8/instances_s1/safety_A4.json,STAGE4_ESCALATION,True,True,True,original_no_rewrite_recorded,False
C2,,bgroup_B4,MUSE-HC-012,EN,“I Thought It Was an AI Call—But There Was a Person Inside?” and “Meta had run a test that produced exactly this kind of surprise.”,iter5/instances_s1/bgroup_B4.json,STAGE4_ESCALATION,,True,,cycle3,
C2,,bgroup_B4,MUSE-HC-006,EN,"“I Thought It Was an AI Call—But There Was a Person Inside?”; “A call came from an AI agent. That was what it seemed. But while the conversation continued, the voice on the other end was not AI. It was a person.”; “Meta had run a test that produced exactly this kind of surprise.”",iter5/instances_s2/bgroup_B4.json,RESOLVED_REWRITE_THEN_DOWNGRADE,,True,,cycle2,
C2,,bgroup_B4,MUSE-HC-006,EN,"The headline says “I Thought It Was an AI Call—But There Was a Person Inside?” and the opening says, “A call came from an AI agent. That was what it seemed.”",iter6/instances_s1/bgroup_B4.json,STAGE4_ESCALATION,,True,,cycle3,
C2,,neg1_meta_b3prod_a2,MUSE-HC-006,EN,"“Meta had run a test that caused exactly this surprise,” reinforced by the headline “We Thought It Was AI—But There Was a Person Inside Meta’s Muse.”",iter6/instances_s1/neg1_meta_b3prod_a2.json,STAGE4_ESCALATION,,True,,cycle2,
C2,,neg1_meta_b3prod_a2,MUSE-HC-006,EN,Headline: “We Thought It Was AI—But There Was a Person Inside Meta’s Muse.”,iter6/instances_s1/neg1_meta_b3prod_a2.json,STAGE4_ESCALATION,,True,,cycle3,
C2,,hormuz_run03_standard,HF-009,EN,“High Oil Prices Stay” (headline); “oil prices stayed high” (one-line summary).,rep9/instances_s1/hormuz_run03_standard.json,STAGE4_ESCALATION,,True,,cycle3,
A5,A,meta_run03_standard,MUSE-HC-010,EN,"Also, some calls needed user information to continue.",iter5/instances_s1/meta_run03_standard.json,RESOLVED_REWRITE,False,True,False,recorded_after_rewrite,False
A5,A,meta_run03_standard,MUSE-HC-010,EN,"Also, some calls needed user information to continue.",iter5/instances_s2/meta_run03_standard.json,RESOLVED_REWRITE,False,True,False,recorded_after_rewrite,False
A5,A,meta_run03_standard,MUSE-HC-010,EN,"Also, some calls needed user information to continue.",iter6/instances_s1/meta_run03_standard.json,STAGE4_ESCALATION,False,True,False,recorded_after_rewrite,False
A5,A,meta_run03_standard,MUSE-HC-010,EN,"Also, some calls needed user information to continue.",iter6/instances_s2/meta_run03_standard.json,STAGE4_ESCALATION,False,True,False,recorded_after_rewrite,False
A5,A,meta_run03_standard,MUSE-HC-010,EN,"Also, some calls needed user information to continue.",iter7/instances_s1/meta_run03_standard.json,RESOLVED_REWRITE,False,True,False,recorded_after_rewrite,False
A5,A,meta_run03_standard,MUSE-HC-010,EN,"Also, some calls needed user information to continue.",iter7/instances_s2/meta_run03_standard.json,RESOLVED_REWRITE,False,True,False,recorded_after_rewrite,False
A5,A,meta_run03_standard,MUSE-HC-010,EN,"Also, some calls needed user information to continue.",iter8/instances_s1/meta_run03_standard.json,STAGE4_ESCALATION,False,True,False,recorded_after_rewrite,False
A5,A,meta_run03_standard,MUSE-HC-010,EN,"Also, some calls needed user information to continue.",iter8/instances_s2/meta_run03_standard.json,STAGE4_ESCALATION,True,False,False,recorded_after_rewrite,False
A5,A,meta_run03_standard,MUSE-HC-010,EN,"Also, some calls needed user information to continue.",rep11/instances_s1/meta_run03_standard.json,STAGE4_ESCALATION,False,True,False,recorded_after_rewrite,False
A5,A,meta_run03_standard,MUSE-HC-010,EN,"Also, some calls needed user information to continue.",rep11/instances_s2/meta_run03_standard.json,RESOLVED_REWRITE_THEN_DOWNGRADE,False,True,False,recorded_after_rewrite,False
A5,A,meta_run03_standard,MUSE-HC-010,EN,"Also, some calls needed user information to continue.",rep12/instances_s1/meta_run03_standard.json,RESOLVED_REWRITE,False,True,False,recorded_after_rewrite,False
A5,A,meta_run03_standard,MUSE-HC-010,EN,"Also, some calls needed user information to continue.",rep12/instances_s2/meta_run03_standard.json,RESOLVED_REWRITE,False,True,False,recorded_after_rewrite,False
A5,A,meta_run03_standard,MUSE-HC-010,EN,"Also, some calls needed user information to continue.",rep16/instances_s1/meta_run03_standard.json,RESOLVED_STAGE2_DOWNGRADE,True,False,False,original_no_rewrite_recorded,True
A5,A,meta_run03_standard,MUSE-HC-010,EN,"Also, some calls needed user information to continue.",rep16/instances_s2/meta_run03_standard.json,RESOLVED_STAGE2_DOWNGRADE,True,False,False,original_no_rewrite_recorded,True
A5,A,meta_run03_standard,MUSE-HC-010,EN,"Also, some calls needed user information to continue.",rep18/instances_s1/meta_run03_standard.json,ACCEPTABLE_STAGE1,True,False,False,original_no_rewrite_recorded,True
A5,A,meta_run03_standard,MUSE-HC-010,EN,"Also, some calls needed user information to continue.",rep18/instances_s2/meta_run03_standard.json,ACCEPTABLE_STAGE1,True,False,False,original_no_rewrite_recorded,True
A5,A,meta_run03_standard,MUSE-HC-010,EN,"Also, some calls needed user information to continue.",rep19/instances_s1/meta_run03_standard.json,STAGE4_ESCALATION,False,True,False,recorded_after_rewrite,False
A5,A,meta_run03_standard,MUSE-HC-010,EN,"Also, some calls needed user information to continue.",rep20/instances_s1/meta_run03_standard.json,RESOLVED_REWRITE_THEN_DOWNGRADE,False,True,False,recorded_after_rewrite,False
A5,A,meta_run03_standard,MUSE-HC-010,EN,"Also, some calls needed user information to continue.",rep20/instances_s2/meta_run03_standard.json,STAGE4_ESCALATION,True,False,False,recorded_after_rewrite,False
A5,A,meta_run03_standard,MUSE-HC-010,EN,"Also, some calls needed user information to continue.",rep21/instances_s1/meta_run03_standard.json,STAGE4_ESCALATION,True,True,False,recorded_after_rewrite,False
A5,A,meta_run03_standard,MUSE-HC-010,EN,"Also, some calls needed user information to continue.",rep21/instances_s2/meta_run03_standard.json,RESOLVED_REWRITE_THEN_DOWNGRADE,True,False,False,recorded_after_rewrite,True
A5,A,meta_run03_standard,MUSE-HC-010,EN,"Also, some calls needed user information to continue.",rep9/instances_s1/meta_run03_standard.json,RESOLVED_REWRITE,False,True,False,recorded_after_rewrite,False
A5,A,meta_run03_standard,MUSE-HC-010,EN,"Also, some calls needed user information to continue.",rep9/instances_s2/meta_run03_standard.json,RESOLVED_REWRITE_THEN_DOWNGRADE,False,True,False,recorded_after_rewrite,False
A5,A,meta_run03_standard,MUSE-HC-010,EN,"Also, some calls needed user information to continue.",rep22/instances_s1/meta_run03_standard.json,RESOLVED_REWRITE_THEN_DOWNGRADE,True,False,False,recorded_after_rewrite,True
A5,A,meta_run03_standard,MUSE-HC-010,EN,"Also, some calls needed user information to continue.",rep22/instances_s2/meta_run03_standard.json,STAGE4_ESCALATION,False,True,False,recorded_after_rewrite,False
A5,A,meta_run03_standard,MUSE-HC-010,EN,"Also, some calls needed user information to continue.",rep22/instances_s3/meta_run03_standard.json,RESOLVED_REWRITE_THEN_DOWNGRADE,True,False,False,recorded_after_rewrite,True
A5,A,meta_run03_standard,MUSE-HC-010,EN,"Also, some calls needed user information to continue.",rep22/instances_s4/meta_run03_standard.json,RESOLVED_REWRITE_THEN_DOWNGRADE,True,False,False,recorded_after_rewrite,True
