time,n_python,max_ws_bytes,max_private_bytes,free_phys_kb,total_virt_kb,free_virt_kb
19:20:46,12,67178496,1057939456,4546888,30833860,9420272
19:21:01,12,303362048,1283756032,3765000,30833860,8563384
19:21:17,12,303362048,1283756032,3765580,30833860,8597676
19:21:32,12,308670464,1289027584,3756700,30833860,8571512
19:21:47,12,308604928,1289535488,3733040,30833860,8566628
19:22:03,12,308736000,1289535488,3642516,30833860,8521584
19:22:18,12,308736000,1289740288,3851232,30833860,8551952
19:22:34,12,308830208,1289875456,3872240,30833860,8554872
19:22:50,12,308908032,1289838592,3881964,30833860,8559200
19:23:05,12,308903936,1289764864,3886860,30833860,8571880
19:23:20,12,308903936,1289211904,4042328,30833860,8752788
19:23:36,12,308903936,1289211904,3800200,30833860,8467344
19:23:51,12,308973568,1289252864,3779208,30833860,8463028
19:24:07,12,309006336,1289252864,4004020,30833860,9691652
19:24:22,12,309043200,1289211904,3792368,30833860,8480612
19:24:38,14,308293632,1289129984,3841332,30833860,7578240
19:24:53,16,308293632,1289129984,3476420,30833860,6202644
19:25:09,16,306925568,1289129984,3556020,30833860,6179932
19:25:24,16,304386048,1289093120,3633468,30833860,6230252
19:25:40,16,308011008,1289101312,3631644,30833860,6244348
19:25:55,16,308011008,1289101312,3635180,30833860,6271932
19:26:11,18,308154368,1289236480,3497708,30833860,5129556
19:26:26,18,308084736,1289236480,3502608,30833860,5153156
19:26:42,18,308084736,1289199616,3509868,30833860,5137224
19:26:57,18,308084736,1289125888,3523348,30833860,5154056
19:27:13,18,308084736,1289125888,3515520,30833860,5148284
19:27:28,18,308031488,1289125888,3524708,30833860,5165580
19:27:43,18,308031488,1289162752,3521132,30833860,5151044
19:27:59,18,308031488,1289162752,3528668,30833860,5178632
19:28:14,14,308031488,1289162752,3786512,30833860,7442404
19:28:30,14,308031488,1289162752,3698348,30833860,7352492
19:28:45,14,308031488,1289162752,3743788,30833860,7340780
19:29:01,14,308457472,1289461760,3741800,30833860,7373740
19:29:16,16,308490240,1289342976,3694228,30833860,6227912
19:29:32,16,308559872,1289412608,3700268,30833860,6269336
19:29:47,16,308559872,1289412608,3704652,30833860,6261496
19:30:03,16,308813824,1289756672,3725236,30833860,6313924
19:30:18,16,308846592,1289719808,3729652,30833860,6310744
19:30:34,16,308826112,1289646080,3720064,30833860,6299452
19:30:49,16,308850688,1289646080,3722820,30833860,6325004
19:31:04,16,308850688,1289646080,3842832,30833860,6467172
19:31:20,16,308137984,1289125888,3690612,30833860,6274444
19:31:35,16,308654080,1289379840,3702692,30833860,6269552
19:31:51,16,308781056,1289584640,3703212,30833860,6291704
19:32:06,16,308711424,1289465856,3705656,30833860,6309660
19:32:22,16,308711424,1289465856,3701732,30833860,6338420
19:32:37,16,308772864,1289465856,3704160,30833860,6313472
19:32:53,16,308772864,1289465856,3573104,30833860,6226452
19:33:08,14,308760576,1289428992,3678904,30833860,7333760
19:33:24,14,308846592,1289490432,3675840,30833860,7383668
19:33:39,14,308846592,1289490432,3569760,30833860,7235552
19:33:55,14,308846592,1289490432,3713600,30833860,7436660
19:34:10,14,308875264,1289490432,3715292,30833860,7367248
19:34:26,14,308875264,1289490432,3586364,30833860,7247348
19:34:41,14,308445184,1289371648,3851196,30833860,7572404
19:34:56,14,308514816,1289371648,3666584,30833860,7442400
19:35:12,14,308502528,1289334784,3680140,30833860,7390524
19:35:27,14,308502528,1289396224,3662632,30833860,7421428
19:35:43,14,308502528,1289396224,3670920,30833860,7404028
19:35:58,14,308502528,1289396224,3665644,30833860,7432204
19:36:14,14,308633600,1289396224,3656980,30833860,7406508
19:36:29,14,308645888,1289531392,3619448,30833860,7364184
19:36:45,16,308744192,1289531392,3654268,30833860,6216552
19:37:00,16,308744192,1289531392,3888492,30833860,6555928
19:37:16,16,308744192,1289531392,3898944,30833860,6704308
19:37:31,14,308817920,1289531392,4175428,30833860,8041956
19:37:47,14,308817920,1289531392,4188844,30833860,8092596
19:38:02,14,308703232,1289187328,4388036,30833860,8300064
19:38:17,14,308703232,1289187328,4155932,30833860,8076572
19:38:33,14,308703232,1289187328,4102684,30833860,7977104
19:38:48,14,308703232,1289187328,4103416,30833860,7989392
19:39:04,16,308703232,1289183232,3969664,30833860,6858812
19:39:19,16,308703232,1289252864,3984292,30833860,6873048
19:39:35,18,308703232,1289216000,3908968,30833860,5833156
19:39:50,16,308387840,1289142272,4058296,30833860,6949148
19:40:06,16,308432896,1289277440,3438752,30833860,6319884
19:40:21,16,308449280,1289277440,3549224,30833860,6459664
19:40:37,16,308539392,1289277440,3562216,30833860,6417008
19:40:52,16,308539392,1289277440,3610764,30833860,6495816
19:41:08,16,308539392,1289277440,3648824,30833860,6485276
19:41:23,16,308539392,1289330688,3062916,30833860,5809256
19:41:39,16,308613120,1289330688,3537696,30833860,6321960
19:41:54,16,308617216,1289220096,3641644,30833860,6541668
19:42:10,16,308281344,1288982528,3663680,30833860,6550764
19:42:25,18,308314112,1289256960,3179916,30833860,5068320
19:42:41,18,308510720,1289293824,3286596,30833860,5203312
19:42:56,18,308510720,1289293824,3351972,30833860,5285896
19:43:12,18,308551680,1289314304,3290116,30833860,5135304
19:43:27,16,308649984,1289519104,3791008,30833860,6701620
19:43:43,16,308649984,1289519104,3496108,30833860,6325288
19:43:58,16,308723712,1289519104,3534460,30833860,6438428
19:44:14,16,308686848,1289408512,3258636,30833860,6103072
19:44:29,16,308715520,1289408512,3019412,30833860,5921384
19:44:45,16,308756480,1289408512,3432524,30833860,6361404
19:45:00,16,308764672,1289408512,3593332,30833860,6527804
19:45:15,16,308793344,1289408512,3588532,30833860,6535728
19:45:31,16,308793344,1289408512,3584508,30833860,6570604
19:45:46,16,308793344,1289408512,3319628,30833860,6256448
19:46:02,14,308916224,1289547776,3434184,30833860,7351736
19:46:17,14,308920320,1289547776,3620208,30833860,7586476
19:46:33,14,308920320,1289547776,3494724,30833860,7443128
19:46:48,14,308346880,1288880128,3754292,30833860,7298172
19:47:04,14,308346880,1288880128,3661508,30833860,7233936
19:47:19,14,308346880,1288880128,3602860,30833860,7144616
19:47:35,14,308346880,1288880128,3829056,30833860,7414572
19:47:50,14,307986432,1288667136,3913212,30833860,7449348
19:48:06,14,307924992,1289007104,3961180,30833860,7494740
19:48:21,14,307924992,1289007104,3882404,30833860,7431416
19:48:37,14,307924992,1289007104,3879376,30833860,7438588
19:48:52,14,307957760,1288896512,3900212,30833860,7486880
19:49:08,14,308572160,1289670656,3955572,30833860,7504868
19:49:23,14,308719616,1289715712,3944176,30833860,7533320
19:49:39,14,308719616,1289715712,3983860,30833860,7539664
19:49:54,16,308867072,1289875456,3779404,30833860,6342076
19:50:10,16,308867072,1289875456,3813544,30833860,6399472
19:50:25,16,308867072,1289875456,3819356,30833860,6416640
19:50:41,16,308867072,1289875456,3817872,30833860,6397328
19:50:56,16,308854784,1289838592,3820548,30833860,6437040
19:51:12,16,308813824,1289764864,3736932,30833860,6292188
19:51:27,18,308813824,1289764864,3652260,30833860,5191444
19:51:43,16,308813824,1289764864,3983732,30833860,6442104
19:51:58,16,308813824,1289764864,3978120,30833860,6461264
19:52:14,18,308813824,1289764864,3797272,30833860,5273996
19:52:29,18,308813824,1289764864,3795444,30833860,5299840
19:52:45,18,308813824,1289764864,3787532,30833860,5255212
19:53:00,18,308813824,1289764864,3786896,30833860,5287216
19:53:16,18,308813824,1289764864,3781984,30833860,5248152
19:53:31,18,308813824,1289764864,3767676,30833860,5249380
19:53:47,18,308813824,1289764864,3771412,30833860,5224000
19:54:02,18,308899840,1289764864,3754260,30833860,5251228
19:54:18,16,308477952,1289551872,3897204,30833860,6388708
19:54:33,16,308477952,1289551872,3824240,30833860,6356312
19:54:48,16,308477952,1289551872,3886736,30833860,6416404
19:55:04,16,308477952,1289551872,3892688,30833860,6424056
19:55:19,16,308584448,1289588736,3920688,30833860,6438116
19:55:35,14,308563968,1289551872,4076636,30833860,7586812
19:55:50,12,308260864,1289072640,4172200,30833860,8676752
19:56:06,14,308305920,1289207808,4009088,30833860,7442844
19:56:21,14,308264960,1289097216,4028380,30833860,7502876
19:56:37,14,308256768,1289056256,4219632,30833860,8272436
19:56:52,14,308256768,1289162752,4115424,30833860,7517492
19:57:08,14,308420608,1289232384,4554836,30833860,7898420
19:57:23,16,308482048,1289236480,4049980,30833860,6415404
19:57:39,16,308412416,1289195520,3877012,30833860,6232212
19:57:54,16,308412416,1289121792,3807256,30833860,6160744
19:58:10,16,308412416,1289256960,3770856,30833860,6101312
19:58:25,16,308412416,1289256960,3761752,30833860,6114976
19:58:41,16,308400128,1289080832,3698780,30833860,6008672
19:58:56,16,308408320,1289388032,3741464,30833860,6107288
19:59:12,16,308559872,1289457664,3777444,30833860,6117444
19:59:27,16,308559872,1289457664,3771768,30833860,6141904
19:59:43,20,308629504,1289519104,3529516,30833860,3911408
19:59:58,20,308629504,1289519104,3528996,30833860,3922140
20:00:14,20,308629504,1289519104,4109076,30833860,4456648
20:00:29,20,308629504,1289519104,4006392,30833860,4359920
20:00:45,20,308617216,1289482240,3558464,30833860,3845620
20:01:00,20,308576256,1289408512,3511240,30833860,3910488
20:01:16,20,308576256,1289408512,3423052,30833860,3861076
20:01:32,20,308576256,1289408512,3481248,30833860,3920060
20:01:47,20,308576256,1289408512,3817540,30833860,4130948
20:02:02,18,308576256,1289408512,3994872,30833860,5353556
20:02:18,18,308576256,1289408512,3995760,30833860,5355168
20:02:33,16,308576256,1289408512,3947136,30833860,6249548
20:02:49,16,308576256,1289408512,4087860,30833860,6415464
20:03:04,16,308576256,1289408512,4078516,30833860,6384936
20:03:20,16,308576256,1289408512,3997788,30833860,6337604
20:03:35,16,308576256,1289408512,3922268,30833860,6202116
20:03:51,16,308686848,1289691136,3947348,30833860,6241536
20:04:06,16,308686848,1289654272,4015028,30833860,6320340
20:04:22,16,308690944,1289580544,4027580,30833860,6371900
20:04:37,12,308690944,1289580544,4468832,30833860,8805504
20:04:53,8,308690944,1289580544,4871264,30833860,11219884
20:05:08,8,308244480,1289113600,4874844,30833860,11191096
20:05:24,8,303120384,1283629056,4884804,30833860,11231764
20:05:39,8,308641792,1289371648,4857188,30833860,11181316
20:05:55,10,308744192,1289576448,4622624,30833860,9994616
20:06:10,10,308744192,1289576448,4573656,30833860,9972916
20:06:26,12,308678656,1289461760,4480632,30833860,8918084
20:06:41,12,308678656,1289461760,4466832,30833860,8923336
20:06:57,12,308678656,1289461760,4639348,30833860,8939688
20:07:12,12,308678656,1289461760,4634540,30833860,8950536
20:07:28,12,308625408,1289351168,4501872,30833860,8840004
20:07:43,12,308625408,1289351168,4604168,30833860,8945872
20:07:59,12,308625408,1289351168,4606412,30833860,8981892
20:08:14,12,308625408,1289351168,4587492,30833860,8943220
20:08:30,12,308625408,1289351168,4434056,30833860,8794508
20:08:45,12,308625408,1289351168,4526980,30833860,8879480
20:09:01,12,308625408,1289351168,4550104,30833860,8927124
20:09:16,12,308625408,1289351168,4478952,30833860,8837148
20:09:32,12,308625408,1289351168,4574112,30833860,8968048
20:09:47,12,308625408,1289351168,4564484,30833860,8960216
20:10:03,12,308625408,1289351168,4563064,30833860,8955748
20:10:18,12,308711424,1289351168,4561608,30833860,8930468
20:10:34,8,308576256,1289158656,4979560,30833860,11358348
20:10:49,8,308576256,1289158656,4939128,30833860,11317288
20:11:05,8,308576256,1289158656,5097756,30833860,11486372
20:11:20,8,308576256,1289158656,5115820,30833860,11515104
20:11:36,8,308576256,1289158656,5144040,30833860,11536348
20:11:51,8,308555776,1289121792,5280256,30833860,11554456
20:12:07,8,308555776,1289121792,5197040,30833860,11447124
20:12:22,8,308555776,1289121792,5249884,30833860,11526796
20:12:37,8,308555776,1289121792,5258336,30833860,11517468
20:12:53,8,308555776,1289121792,5043060,30833860,11313960
20:13:08,8,308555776,1289121792,5248496,30833860,11516804
20:13:24,8,308555776,1289121792,5223392,30833860,11508576
20:13:39,6,210825216,1192189952,5360944,30833860,12626672
