run,cycle,claim_text,fact_id,ledger_excerpt,checker_ai,checker_machine,llm_materiality,floor_reason,final_materiality,true_problem,true_critical,rewrite_needed_fact_level,label_source,note_fill_Y_N_UNDECIDABLE
bgroup_B3,1,# 20% Withdrawn—but the Oil Chart Was Not Finished Yet,HF-007,[VERIFIED] HF-007: トランプ大統領は7月14日午前11時4分（米東部夏時間）、20％の米国償還料を、湾岸諸国による対米貿易・投資案件に置き換えると投稿した。 /   scope: 7月13日に提案したホルムズ海峡通航貨物への20％償還料 /   conditions: トランプ氏は、中東指導者との「非常に生産的な協議」に基づく決定だと説明した。 /   numeric_value: 20% (numeric_scope: 撤回・置換対象となった償還率) /   date_or_period: 2026-07-14 11:04 EDT /   causal_strength: CAUSAL_STATED_BY_SOURCE /   notes_for_writer: この投稿は7月13日の提案から約24時間48分後。Ledger上では必ず7月13日の提案より後に位置付ける。 / ,False,True,ACCEPTABLE,,ACCEPTABLE,N,N,Y,sonnet_w3_2026-10-06,
bgroup_B3,1,"Concerns about US-Iran attacks, the sea blockade, and tanker safety continued on July 14, so the flashy 20% plan left the stage, but the chart only pulled back briefly before recovering: the policy turn and the oil chart’s “not over yet” movement happened on the same day.",HF-007,[VERIFIED] HF-007: トランプ大統領は7月14日午前11時4分（米東部夏時間）、20％の米国償還料を、湾岸諸国による対米貿易・投資案件に置き換えると投稿した。 /   scope: 7月13日に提案したホルムズ海峡通航貨物への20％償還料 /   conditions: トランプ氏は、中東指導者との「非常に生産的な協議」に基づく決定だと説明した。 /   numeric_value: 20% (numeric_scope: 撤回・置換対象となった償還率) /   date_or_period: 2026-07-14 11:04 EDT /   causal_strength: CAUSAL_STATED_BY_SOURCE /   notes_for_writer: この投稿は7月13日の提案から約24時間48分後。Ledger上では必ず7月13日の提案より後に位置付ける。 / ,True,False,BLOCKING,,BLOCKING,Y,Y,Y,sonnet_w3_2026-10-06,
bgroup_B3,1,Act One was “20%.,HF-007,[VERIFIED] HF-007: トランプ大統領は7月14日午前11時4分（米東部夏時間）、20％の米国償還料を、湾岸諸国による対米貿易・投資案件に置き換えると投稿した。 /   scope: 7月13日に提案したホルムズ海峡通航貨物への20％償還料 /   conditions: トランプ氏は、中東指導者との「非常に生産的な協議」に基づく決定だと説明した。 /   numeric_value: 20% (numeric_scope: 撤回・置換対象となった償還率) /   date_or_period: 2026-07-14 11:04 EDT /   causal_strength: CAUSAL_STATED_BY_SOURCE /   notes_for_writer: この投稿は7月13日の提案から約24時間48分後。Ledger上では必ず7月13日の提案より後に位置付ける。 / ,,,ACCEPTABLE,,ACCEPTABLE,N,N,Y,sonnet_w3_2026-10-06,
bgroup_B3,1,Trump posted that the United States would seek a 20% charge on all cargo passing through the Strait of Hormuz.,HF-007,[VERIFIED] HF-007: トランプ大統領は7月14日午前11時4分（米東部夏時間）、20％の米国償還料を、湾岸諸国による対米貿易・投資案件に置き換えると投稿した。 /   scope: 7月13日に提案したホルムズ海峡通航貨物への20％償還料 /   conditions: トランプ氏は、中東指導者との「非常に生産的な協議」に基づく決定だと説明した。 /   numeric_value: 20% (numeric_scope: 撤回・置換対象となった償還率) /   date_or_period: 2026-07-14 11:04 EDT /   causal_strength: CAUSAL_STATED_BY_SOURCE /   notes_for_writer: この投稿は7月13日の提案から約24時間48分後。Ledger上では必ず7月13日の提案より後に位置付ける。 / ,,,ACCEPTABLE,,ACCEPTABLE,N,N,Y,sonnet_w3_2026-10-06,
bgroup_B3,1,But “20%” was not a finished system.,HF-007,[VERIFIED] HF-007: トランプ大統領は7月14日午前11時4分（米東部夏時間）、20％の米国償還料を、湾岸諸国による対米貿易・投資案件に置き換えると投稿した。 /   scope: 7月13日に提案したホルムズ海峡通航貨物への20％償還料 /   conditions: トランプ氏は、中東指導者との「非常に生産的な協議」に基づく決定だと説明した。 /   numeric_value: 20% (numeric_scope: 撤回・置換対象となった償還率) /   date_or_period: 2026-07-14 11:04 EDT /   causal_strength: CAUSAL_STATED_BY_SOURCE /   notes_for_writer: この投稿は7月13日の提案から約24時間48分後。Ledger上では必ず7月13日の提案より後に位置付ける。 / ,,,ACCEPTABLE,,ACCEPTABLE,N,N,Y,sonnet_w3_2026-10-06,
bgroup_B3,1,"The next day, Trump said the 20% plan would be replaced by trade and investment projects between Gulf states and the US.",HF-007,[VERIFIED] HF-007: トランプ大統領は7月14日午前11時4分（米東部夏時間）、20％の米国償還料を、湾岸諸国による対米貿易・投資案件に置き換えると投稿した。 /   scope: 7月13日に提案したホルムズ海峡通航貨物への20％償還料 /   conditions: トランプ氏は、中東指導者との「非常に生産的な協議」に基づく決定だと説明した。 /   numeric_value: 20% (numeric_scope: 撤回・置換対象となった償還率) /   date_or_period: 2026-07-14 11:04 EDT /   causal_strength: CAUSAL_STATED_BY_SOURCE /   notes_for_writer: この投稿は7月13日の提案から約24時間48分後。Ledger上では必ず7月13日の提案より後に位置付ける。 / ,,,ACCEPTABLE,,ACCEPTABLE,N,N,Y,sonnet_w3_2026-10-06,
bgroup_B3,1,"The rise was linked to concern about a US sea blockade of Iran, planned for the next day, and energy shipments through the Strait of Hormuz.",HF-007,[VERIFIED] HF-007: トランプ大統領は7月14日午前11時4分（米東部夏時間）、20％の米国償還料を、湾岸諸国による対米貿易・投資案件に置き換えると投稿した。 /   scope: 7月13日に提案したホルムズ海峡通航貨物への20％償還料 /   conditions: トランプ氏は、中東指導者との「非常に生産的な協議」に基づく決定だと説明した。 /   numeric_value: 20% (numeric_scope: 撤回・置換対象となった償還率) /   date_or_period: 2026-07-14 11:04 EDT /   causal_strength: CAUSAL_STATED_BY_SOURCE /   notes_for_writer: この投稿は7月13日の提案から約24時間48分後。Ledger上では必ず7月13日の提案より後に位置付ける。 / ,,,ACCEPTABLE,,ACCEPTABLE,N,N,Y,sonnet_w3_2026-10-06,
bgroup_B3,1,"On July 14, after the withdrawal and replacement announcement, Brent crude futures briefly gave back some of their gains.",HF-007,[VERIFIED] HF-007: トランプ大統領は7月14日午前11時4分（米東部夏時間）、20％の米国償還料を、湾岸諸国による対米貿易・投資案件に置き換えると投稿した。 /   scope: 7月13日に提案したホルムズ海峡通航貨物への20％償還料 /   conditions: トランプ氏は、中東指導者との「非常に生産的な協議」に基づく決定だと説明した。 /   numeric_value: 20% (numeric_scope: 撤回・置換対象となった償還率) /   date_or_period: 2026-07-14 11:04 EDT /   causal_strength: CAUSAL_STATED_BY_SOURCE /   notes_for_writer: この投稿は7月13日の提案から約24時間48分後。Ledger上では必ず7月13日の提案より後に位置付ける。 / ,,,ACCEPTABLE,,ACCEPTABLE,N,N,Y,sonnet_w3_2026-10-06,
bgroup_B3,2,"Concerns about US-Iran attacks, the sea blockade, and tanker safety continued on July 14, and the flashy 20% plan left the stage, but the chart only pulled back briefly before recovering: the policy turn and the oil chart’s “not over yet” movement happened on the same day.",HF-011,[VERIFIED] HF-011: Brent原油先物は7月14日に1.43ドル、1.7％上昇し、1バレル84.73ドルで清算された。これは2営業日連続で6月12日以来の高い清算値だった。 /   scope: Brent原油先物の当日清算値と前日比 /   conditions: 20％償還料案は同日の取引時間中に撤回されたが、海上封鎖、米・イラン間の攻撃、タンカー被害などの供給懸念は継続していた。 /   numeric_value: $84.73/バレル、前日比 +$1.43、+1.7% (numeric_scope: 7月14日のBrent原油先物清算値。日中高値ではない) /   date_or_period: 2026-07-14清算時点 /   causal_strength: OBSERVED_REPORTED /   notes_for_writer: 7月14日は撤回があったにもかかわらず日次清算値は上昇した。これだけから撤回が価格を上昇させた、または下落させなかったと因果推論しない。 / ,,,ACCEPTABLE,,ACCEPTABLE,UNLABELED,N,,sonnet_w3_2026-10-06,
bgroup_B3,2,"Concerns about US-Iran attacks, the sea blockade, and tanker safety continued on July 14, and the flashy 20% plan left the stage, but the chart only pulled back briefly before recovering: the policy turn and the oil chart’s “not over yet” movement happened on the same day.",HF-007,[VERIFIED] HF-007: トランプ大統領は7月14日午前11時4分（米東部夏時間）、20％の米国償還料を、湾岸諸国による対米貿易・投資案件に置き換えると投稿した。 /   scope: 7月13日に提案したホルムズ海峡通航貨物への20％償還料 /   conditions: トランプ氏は、中東指導者との「非常に生産的な協議」に基づく決定だと説明した。 /   numeric_value: 20% (numeric_scope: 撤回・置換対象となった償還率) /   date_or_period: 2026-07-14 11:04 EDT /   causal_strength: CAUSAL_STATED_BY_SOURCE /   notes_for_writer: この投稿は7月13日の提案から約24時間48分後。Ledger上では必ず7月13日の提案より後に位置付ける。 / ,,,ACCEPTABLE,,ACCEPTABLE,UNLABELED,N,,sonnet_w3_2026-10-06,
bgroup_B3,3,Act Three was an unexpected move in oil prices.,HF-009,[VERIFIED] HF-009: Yahoo Financeは、7月14日の撤回・投資案件への置換発表後、Brent先物が一時的に上げ幅を縮小したものの、ほどなく発表前に近い高い水準へ戻ったと報じた。記事掲載時点ではBrent先物は約2.6％高で、1バレル85ドルを上回っていた。 /   scope: 国際指標Brent原油先物の短時間の値動き /   conditions: 撤回発表以外にも、米・イラン間の攻撃、海上封鎖、タンカー安全上の懸念が継続していた。 /   numeric_value: 約 +2.6%、$85/バレル超 (numeric_scope: 記事掲載時点のリアルタイムに近い価格スナップショット。日中高値でも終値でもない) /   date_or_period: 2026-07-14、撤回発表後の取引時間中 /   causal_strength: CAUSAL_STATED_BY_SOURCE /   notes_for_writer: 撤回後に原油価格が全面的に下落したとは書かない。観測されたのは一時的な上げ幅縮小と、その後の回復。 / ,,,QUALITY,,QUALITY,UNLABELED,N,,sonnet_w3_2026-10-06,
bgroup_B3,3,"For the moment, only a large number stood at center stage.",HF-003,[VERIFIED] HF-003: 7月13日の20％償還料の投稿および同日の発言では、徴収主体、支払義務者、評価方法、徴収通貨、免除、執行方法、法的根拠などの具体的制度設計は示されなかった。 /   scope: ホルムズ海峡の貨物通航に対する米国の償還料案 /   numeric_value: 20% (numeric_scope: 提案された率のみが示され、算定・徴収方法は未提示) /   date_or_period: 2026-07-13 /   notes_for_writer: 「米国が20％通航料を導入した」と確定形で書かず、「提案した」「徴収方針を表明した」とする。 / ,,,ACCEPTABLE,,ACCEPTABLE,UNLABELED,N,,sonnet_w3_2026-10-06,
bgroup_B3,3,### The 20% plan changes overnight,HF-007,[VERIFIED] HF-007: トランプ大統領は7月14日午前11時4分（米東部夏時間）、20％の米国償還料を、湾岸諸国による対米貿易・投資案件に置き換えると投稿した。 /   scope: 7月13日に提案したホルムズ海峡通航貨物への20％償還料 /   conditions: トランプ氏は、中東指導者との「非常に生産的な協議」に基づく決定だと説明した。 /   numeric_value: 20% (numeric_scope: 撤回・置換対象となった償還率) /   date_or_period: 2026-07-14 11:04 EDT /   causal_strength: CAUSAL_STATED_BY_SOURCE /   notes_for_writer: この投稿は7月13日の提案から約24時間48分後。Ledger上では必ず7月13日の提案より後に位置付ける。 / ,,,QUALITY,,QUALITY,UNLABELED,N,,sonnet_w3_2026-10-06,
bgroup_B3,3,# 20% Withdrawn—but the Oil Chart Was Not Finished Yet,HF-007,[VERIFIED] HF-007: トランプ大統領は7月14日午前11時4分（米東部夏時間）、20％の米国償還料を、湾岸諸国による対米貿易・投資案件に置き換えると投稿した。 /   scope: 7月13日に提案したホルムズ海峡通航貨物への20％償還料 /   conditions: トランプ氏は、中東指導者との「非常に生産的な協議」に基づく決定だと説明した。 /   numeric_value: 20% (numeric_scope: 撤回・置換対象となった償還率) /   date_or_period: 2026-07-14 11:04 EDT /   causal_strength: CAUSAL_STATED_BY_SOURCE /   notes_for_writer: この投稿は7月13日の提案から約24時間48分後。Ledger上では必ず7月13日の提案より後に位置付ける。 / ,False,True,ACCEPTABLE,,ACCEPTABLE,N,N,,sonnet_w3_2026-10-06,
bgroup_B3,3,"Concerns about US-Iran attacks, the sea blockade, and tanker safety continued on July 14, and the flashy 20% plan left the stage, but the chart only pulled back briefly before recovering: the policy turn and the oil chart’s “not over yet” movement happened on the same day.",HF-007,[VERIFIED] HF-007: トランプ大統領は7月14日午前11時4分（米東部夏時間）、20％の米国償還料を、湾岸諸国による対米貿易・投資案件に置き換えると投稿した。 /   scope: 7月13日に提案したホルムズ海峡通航貨物への20％償還料 /   conditions: トランプ氏は、中東指導者との「非常に生産的な協議」に基づく決定だと説明した。 /   numeric_value: 20% (numeric_scope: 撤回・置換対象となった償還率) /   date_or_period: 2026-07-14 11:04 EDT /   causal_strength: CAUSAL_STATED_BY_SOURCE /   notes_for_writer: この投稿は7月13日の提案から約24時間48分後。Ledger上では必ず7月13日の提案より後に位置付ける。 / ,,,ACCEPTABLE,,ACCEPTABLE,UNLABELED,N,,sonnet_w3_2026-10-06,
hormuz_run03_advanced,1,"# The Fee Plan Leaves, High Oil Prices Stay",HF-009,[VERIFIED] HF-009: Yahoo Financeは、7月14日の撤回・投資案件への置換発表後、Brent先物が一時的に上げ幅を縮小したものの、ほどなく発表前に近い高い水準へ戻ったと報じた。記事掲載時点ではBrent先物は約2.6％高で、1バレル85ドルを上回っていた。 /   scope: 国際指標Brent原油先物の短時間の値動き /   conditions: 撤回発表以外にも、米・イラン間の攻撃、海上封鎖、タンカー安全上の懸念が継続していた。 /   numeric_value: 約 +2.6%、$85/バレル超 (numeric_scope: 記事掲載時点のリアルタイムに近い価格スナップショット。日中高値でも終値でもない) /   date_or_period: 2026-07-14、撤回発表後の取引時間中 /   causal_strength: CAUSAL_STATED_BY_SOURCE /   notes_for_writer: 撤回後に原油価格が全面的に下落したとは書かない。観測されたのは一時的な上げ幅縮小と、その後の回復。 / ,True,False,ACCEPTABLE,,ACCEPTABLE,N,N,,sonnet_w2_2026-10-06,
hormuz_run03_advanced,1,"But important details—such as who would collect the fee, who would pay it, and how it would be calculated—were still blank.",HF-003,[VERIFIED] HF-003: 7月13日の20％償還料の投稿および同日の発言では、徴収主体、支払義務者、評価方法、徴収通貨、免除、執行方法、法的根拠などの具体的制度設計は示されなかった。 /   scope: ホルムズ海峡の貨物通航に対する米国の償還料案 /   numeric_value: 20% (numeric_scope: 提案された率のみが示され、算定・徴収方法は未提示) /   date_or_period: 2026-07-13 /   notes_for_writer: 「米国が20％通航料を導入した」と確定形で書かず、「提案した」「徴収方針を表明した」とする。 / ,False,True,ACCEPTABLE,,ACCEPTABLE,N,N,,sonnet_w2_2026-10-06,
hormuz_run03_advanced,1,"In other words, fee collection had not actually begun.",HF-003,[VERIFIED] HF-003: 7月13日の20％償還料の投稿および同日の発言では、徴収主体、支払義務者、評価方法、徴収通貨、免除、執行方法、法的根拠などの具体的制度設計は示されなかった。 /   scope: ホルムズ海峡の貨物通航に対する米国の償還料案 /   numeric_value: 20% (numeric_scope: 提案された率のみが示され、算定・徴収方法は未提示) /   date_or_period: 2026-07-13 /   notes_for_writer: 「米国が20％通航料を導入した」と確定形で書かず、「提案した」「徴収方針を表明した」とする。 / ,True,False,ACCEPTABLE,,ACCEPTABLE,N,N,,sonnet_w2_2026-10-06,
hormuz_run03_advanced,1,"Just when it seemed that prices might start to fall, they soon returned to a high level close to where they had been before the announcement.",HF-009,[VERIFIED] HF-009: Yahoo Financeは、7月14日の撤回・投資案件への置換発表後、Brent先物が一時的に上げ幅を縮小したものの、ほどなく発表前に近い高い水準へ戻ったと報じた。記事掲載時点ではBrent先物は約2.6％高で、1バレル85ドルを上回っていた。 /   scope: 国際指標Brent原油先物の短時間の値動き /   conditions: 撤回発表以外にも、米・イラン間の攻撃、海上封鎖、タンカー安全上の懸念が継続していた。 /   numeric_value: 約 +2.6%、$85/バレル超 (numeric_scope: 記事掲載時点のリアルタイムに近い価格スナップショット。日中高値でも終値でもない) /   date_or_period: 2026-07-14、撤回発表後の取引時間中 /   causal_strength: CAUSAL_STATED_BY_SOURCE /   notes_for_writer: 撤回後に原油価格が全面的に下落したとは書かない。観測されたのは一時的な上げ幅縮小と、その後の回復。 / ,True,False,ACCEPTABLE,,ACCEPTABLE,N,N,,sonnet_w2_2026-10-06,
hormuz_run03_advanced,1,What we can see here is that oil prices did not fall across the board immediately after the plan was withdrawn.,HF-009,[VERIFIED] HF-009: Yahoo Financeは、7月14日の撤回・投資案件への置換発表後、Brent先物が一時的に上げ幅を縮小したものの、ほどなく発表前に近い高い水準へ戻ったと報じた。記事掲載時点ではBrent先物は約2.6％高で、1バレル85ドルを上回っていた。 /   scope: 国際指標Brent原油先物の短時間の値動き /   conditions: 撤回発表以外にも、米・イラン間の攻撃、海上封鎖、タンカー安全上の懸念が継続していた。 /   numeric_value: 約 +2.6%、$85/バレル超 (numeric_scope: 記事掲載時点のリアルタイムに近い価格スナップショット。日中高値でも終値でもない) /   date_or_period: 2026-07-14、撤回発表後の取引時間中 /   causal_strength: CAUSAL_STATED_BY_SOURCE /   notes_for_writer: 撤回後に原油価格が全面的に下落したとは書かない。観測されたのは一時的な上げ幅縮小と、その後の回復。 / ,True,False,ACCEPTABLE,,ACCEPTABLE,N,N,,sonnet_w2_2026-10-06,
hormuz_run03_advanced,1,"Even though political statements changed greatly, oil prices moved briefly and then returned to a high level.",HF-009,[VERIFIED] HF-009: Yahoo Financeは、7月14日の撤回・投資案件への置換発表後、Brent先物が一時的に上げ幅を縮小したものの、ほどなく発表前に近い高い水準へ戻ったと報じた。記事掲載時点ではBrent先物は約2.6％高で、1バレル85ドルを上回っていた。 /   scope: 国際指標Brent原油先物の短時間の値動き /   conditions: 撤回発表以外にも、米・イラン間の攻撃、海上封鎖、タンカー安全上の懸念が継続していた。 /   numeric_value: 約 +2.6%、$85/バレル超 (numeric_scope: 記事掲載時点のリアルタイムに近い価格スナップショット。日中高値でも終値でもない) /   date_or_period: 2026-07-14、撤回発表後の取引時間中 /   causal_strength: CAUSAL_STATED_BY_SOURCE /   notes_for_writer: 撤回後に原油価格が全面的に下落したとは書かない。観測されたのは一時的な上げ幅縮小と、その後の回復。 / ,True,False,ACCEPTABLE,,ACCEPTABLE,N,N,,sonnet_w2_2026-10-06,
hormuz_run03_advanced,1,What is interesting this time is that it seemed one headline alone could not decide how the story would end.,HF-009,[VERIFIED] HF-009: Yahoo Financeは、7月14日の撤回・投資案件への置換発表後、Brent先物が一時的に上げ幅を縮小したものの、ほどなく発表前に近い高い水準へ戻ったと報じた。記事掲載時点ではBrent先物は約2.6％高で、1バレル85ドルを上回っていた。 /   scope: 国際指標Brent原油先物の短時間の値動き /   conditions: 撤回発表以外にも、米・イラン間の攻撃、海上封鎖、タンカー安全上の懸念が継続していた。 /   numeric_value: 約 +2.6%、$85/バレル超 (numeric_scope: 記事掲載時点のリアルタイムに近い価格スナップショット。日中高値でも終値でもない) /   date_or_period: 2026-07-14、撤回発表後の取引時間中 /   causal_strength: CAUSAL_STATED_BY_SOURCE /   notes_for_writer: 撤回後に原油価格が全面的に下落したとは書かない。観測されたのは一時的な上げ幅縮小と、その後の回復。 / ,True,False,ACCEPTABLE,,ACCEPTABLE,N,N,,sonnet_w2_2026-10-06,
hormuz_run03_advanced,1,"The fee plan vanished, but oil prices stayed high as tensions around the Strait of Hormuz continued.",HF-009,[VERIFIED] HF-009: Yahoo Financeは、7月14日の撤回・投資案件への置換発表後、Brent先物が一時的に上げ幅を縮小したものの、ほどなく発表前に近い高い水準へ戻ったと報じた。記事掲載時点ではBrent先物は約2.6％高で、1バレル85ドルを上回っていた。 /   scope: 国際指標Brent原油先物の短時間の値動き /   conditions: 撤回発表以外にも、米・イラン間の攻撃、海上封鎖、タンカー安全上の懸念が継続していた。 /   numeric_value: 約 +2.6%、$85/バレル超 (numeric_scope: 記事掲載時点のリアルタイムに近い価格スナップショット。日中高値でも終値でもない) /   date_or_period: 2026-07-14、撤回発表後の取引時間中 /   causal_strength: CAUSAL_STATED_BY_SOURCE /   notes_for_writer: 撤回後に原油価格が全面的に下落したとは書かない。観測されたのは一時的な上げ幅縮小と、その後の回復。 / ,True,False,ACCEPTABLE,,ACCEPTABLE,N,N,,sonnet_w2_2026-10-06,
hormuz_run03_advanced,1,"After the withdrawal and replacement of the fee plan were announced, Brent crude oil futures briefly gave up some of their gains.",HF-009,[VERIFIED] HF-009: Yahoo Financeは、7月14日の撤回・投資案件への置換発表後、Brent先物が一時的に上げ幅を縮小したものの、ほどなく発表前に近い高い水準へ戻ったと報じた。記事掲載時点ではBrent先物は約2.6％高で、1バレル85ドルを上回っていた。 /   scope: 国際指標Brent原油先物の短時間の値動き /   conditions: 撤回発表以外にも、米・イラン間の攻撃、海上封鎖、タンカー安全上の懸念が継続していた。 /   numeric_value: 約 +2.6%、$85/バレル超 (numeric_scope: 記事掲載時点のリアルタイムに近い価格スナップショット。日中高値でも終値でもない) /   date_or_period: 2026-07-14、撤回発表後の取引時間中 /   causal_strength: CAUSAL_STATED_BY_SOURCE /   notes_for_writer: 撤回後に原油価格が全面的に下落したとは書かない。観測されたのは一時的な上げ幅縮小と、その後の回復。 / ,,,ACCEPTABLE,,ACCEPTABLE,N,N,,sonnet_w2_2026-10-06,
hormuz_run03_advanced,1,"On July 13, a plan suddenly appeared to charge a 20 percent fee on cargo passing through the Strait of Hormuz.",HF-009,[VERIFIED] HF-009: Yahoo Financeは、7月14日の撤回・投資案件への置換発表後、Brent先物が一時的に上げ幅を縮小したものの、ほどなく発表前に近い高い水準へ戻ったと報じた。記事掲載時点ではBrent先物は約2.6％高で、1バレル85ドルを上回っていた。 /   scope: 国際指標Brent原油先物の短時間の値動き /   conditions: 撤回発表以外にも、米・イラン間の攻撃、海上封鎖、タンカー安全上の懸念が継続していた。 /   numeric_value: 約 +2.6%、$85/バレル超 (numeric_scope: 記事掲載時点のリアルタイムに近い価格スナップショット。日中高値でも終値でもない) /   date_or_period: 2026-07-14、撤回発表後の取引時間中 /   causal_strength: CAUSAL_STATED_BY_SOURCE /   notes_for_writer: 撤回後に原油価格が全面的に下落したとは書かない。観測されたのは一時的な上げ幅縮小と、その後の回復。 / ,,,ACCEPTABLE,,ACCEPTABLE,N,N,,sonnet_w2_2026-10-06,
hormuz_run03_advanced,1,But news about tensions around the strait remained on stage.,HF-009,[VERIFIED] HF-009: Yahoo Financeは、7月14日の撤回・投資案件への置換発表後、Brent先物が一時的に上げ幅を縮小したものの、ほどなく発表前に近い高い水準へ戻ったと報じた。記事掲載時点ではBrent先物は約2.6％高で、1バレル85ドルを上回っていた。 /   scope: 国際指標Brent原油先物の短時間の値動き /   conditions: 撤回発表以外にも、米・イラン間の攻撃、海上封鎖、タンカー安全上の懸念が継続していた。 /   numeric_value: 約 +2.6%、$85/バレル超 (numeric_scope: 記事掲載時点のリアルタイムに近い価格スナップショット。日中高値でも終値でもない) /   date_or_period: 2026-07-14、撤回発表後の取引時間中 /   causal_strength: CAUSAL_STATED_BY_SOURCE /   notes_for_writer: 撤回後に原油価格が全面的に下落したとは書かない。観測されたのは一時的な上げ幅縮小と、その後の回復。 / ,,,ACCEPTABLE,,ACCEPTABLE,N,N,,sonnet_w2_2026-10-06,
hormuz_run03_standard,1,"# The Fee Plan Leaves, But High Oil Prices Stay",HF-009,[VERIFIED] HF-009: Yahoo Financeは、7月14日の撤回・投資案件への置換発表後、Brent先物が一時的に上げ幅を縮小したものの、ほどなく発表前に近い高い水準へ戻ったと報じた。記事掲載時点ではBrent先物は約2.6％高で、1バレル85ドルを上回っていた。 /   scope: 国際指標Brent原油先物の短時間の値動き /   conditions: 撤回発表以外にも、米・イラン間の攻撃、海上封鎖、タンカー安全上の懸念が継続していた。 /   numeric_value: 約 +2.6%、$85/バレル超 (numeric_scope: 記事掲載時点のリアルタイムに近い価格スナップショット。日中高値でも終値でもない) /   date_or_period: 2026-07-14、撤回発表後の取引時間中 /   causal_strength: CAUSAL_STATED_BY_SOURCE /   notes_for_writer: 撤回後に原油価格が全面的に下落したとは書かない。観測されたのは一時的な上げ幅縮小と、その後の回復。 / ,True,False,ACCEPTABLE,,ACCEPTABLE,N,N,,sonnet_w1_2026-10-06,
hormuz_run03_standard,1,But important details were still missing.,HF-003,[VERIFIED] HF-003: 7月13日の20％償還料の投稿および同日の発言では、徴収主体、支払義務者、評価方法、徴収通貨、免除、執行方法、法的根拠などの具体的制度設計は示されなかった。 /   scope: ホルムズ海峡の貨物通航に対する米国の償還料案 /   numeric_value: 20% (numeric_scope: 提案された率のみが示され、算定・徴収方法は未提示) /   date_or_period: 2026-07-13 /   notes_for_writer: 「米国が20％通航料を導入した」と確定形で書かず、「提案した」「徴収方針を表明した」とする。 / ,False,True,ACCEPTABLE,,ACCEPTABLE,N,N,,sonnet_w1_2026-10-06,
hormuz_run03_standard,1,"These included who would collect the fee, who would pay it, and how its amount would be decided.",HF-003,[VERIFIED] HF-003: 7月13日の20％償還料の投稿および同日の発言では、徴収主体、支払義務者、評価方法、徴収通貨、免除、執行方法、法的根拠などの具体的制度設計は示されなかった。 /   scope: ホルムズ海峡の貨物通航に対する米国の償還料案 /   numeric_value: 20% (numeric_scope: 提案された率のみが示され、算定・徴収方法は未提示) /   date_or_period: 2026-07-13 /   notes_for_writer: 「米国が20％通航料を導入した」と確定形で書かず、「提案した」「徴収方針を表明した」とする。 / ,False,True,ACCEPTABLE,,ACCEPTABLE,N,N,,sonnet_w1_2026-10-06,
hormuz_run03_standard,1,"In other words, no one had actually started collecting the fee.",HF-003,[VERIFIED] HF-003: 7月13日の20％償還料の投稿および同日の発言では、徴収主体、支払義務者、評価方法、徴収通貨、免除、執行方法、法的根拠などの具体的制度設計は示されなかった。 /   scope: ホルムズ海峡の貨物通航に対する米国の償還料案 /   numeric_value: 20% (numeric_scope: 提案された率のみが示され、算定・徴収方法は未提示) /   date_or_period: 2026-07-13 /   notes_for_writer: 「米国が20％通航料を導入した」と確定形で書かず、「提案した」「徴収方針を表明した」とする。 / ,True,False,ACCEPTABLE,,ACCEPTABLE,N,N,,sonnet_w1_2026-10-06,
hormuz_run03_standard,1,It was a proposal with the number 20 percent.,HF-003,[VERIFIED] HF-003: 7月13日の20％償還料の投稿および同日の発言では、徴収主体、支払義務者、評価方法、徴収通貨、免除、執行方法、法的根拠などの具体的制度設計は示されなかった。 /   scope: ホルムズ海峡の貨物通航に対する米国の償還料案 /   numeric_value: 20% (numeric_scope: 提案された率のみが示され、算定・徴収方法は未提示) /   date_or_period: 2026-07-13 /   notes_for_writer: 「米国が20％通航料を導入した」と確定形で書かず、「提案した」「徴収方針を表明した」とする。 / ,False,True,ACCEPTABLE,,ACCEPTABLE,N,N,,sonnet_w1_2026-10-06,
hormuz_run03_standard,1,Prices seemed ready to fall.,HF-009,[VERIFIED] HF-009: Yahoo Financeは、7月14日の撤回・投資案件への置換発表後、Brent先物が一時的に上げ幅を縮小したものの、ほどなく発表前に近い高い水準へ戻ったと報じた。記事掲載時点ではBrent先物は約2.6％高で、1バレル85ドルを上回っていた。 /   scope: 国際指標Brent原油先物の短時間の値動き /   conditions: 撤回発表以外にも、米・イラン間の攻撃、海上封鎖、タンカー安全上の懸念が継続していた。 /   numeric_value: 約 +2.6%、$85/バレル超 (numeric_scope: 記事掲載時点のリアルタイムに近い価格スナップショット。日中高値でも終値でもない) /   date_or_period: 2026-07-14、撤回発表後の取引時間中 /   causal_strength: CAUSAL_STATED_BY_SOURCE /   notes_for_writer: 撤回後に原油価格が全面的に下落したとは書かない。観測されたのは一時的な上げ幅縮小と、その後の回復。 / ,True,False,QUALITY,,QUALITY,N,N,,sonnet_w1_2026-10-06,
hormuz_run03_standard,1,Oil prices did not fall across the whole market after the plan was withdrawn.,HF-009,[VERIFIED] HF-009: Yahoo Financeは、7月14日の撤回・投資案件への置換発表後、Brent先物が一時的に上げ幅を縮小したものの、ほどなく発表前に近い高い水準へ戻ったと報じた。記事掲載時点ではBrent先物は約2.6％高で、1バレル85ドルを上回っていた。 /   scope: 国際指標Brent原油先物の短時間の値動き /   conditions: 撤回発表以外にも、米・イラン間の攻撃、海上封鎖、タンカー安全上の懸念が継続していた。 /   numeric_value: 約 +2.6%、$85/バレル超 (numeric_scope: 記事掲載時点のリアルタイムに近い価格スナップショット。日中高値でも終値でもない) /   date_or_period: 2026-07-14、撤回発表後の取引時間中 /   causal_strength: CAUSAL_STATED_BY_SOURCE /   notes_for_writer: 撤回後に原油価格が全面的に下落したとは書かない。観測されたのは一時的な上げ幅縮小と、その後の回復。 / ,True,False,ACCEPTABLE,,ACCEPTABLE,N,N,,sonnet_w1_2026-10-06,
hormuz_run03_standard,1,The interesting point this time was simple.,,,False,True,ACCEPTABLE,,ACCEPTABLE,N,N,,sonnet_w1_2026-10-06,
hormuz_run03_standard,1,"The fee plan vanished, but oil prices stayed high as tensions around the Strait of Hormuz continued.",HF-009,[VERIFIED] HF-009: Yahoo Financeは、7月14日の撤回・投資案件への置換発表後、Brent先物が一時的に上げ幅を縮小したものの、ほどなく発表前に近い高い水準へ戻ったと報じた。記事掲載時点ではBrent先物は約2.6％高で、1バレル85ドルを上回っていた。 /   scope: 国際指標Brent原油先物の短時間の値動き /   conditions: 撤回発表以外にも、米・イラン間の攻撃、海上封鎖、タンカー安全上の懸念が継続していた。 /   numeric_value: 約 +2.6%、$85/バレル超 (numeric_scope: 記事掲載時点のリアルタイムに近い価格スナップショット。日中高値でも終値でもない) /   date_or_period: 2026-07-14、撤回発表後の取引時間中 /   causal_strength: CAUSAL_STATED_BY_SOURCE /   notes_for_writer: 撤回後に原油価格が全面的に下落したとは書かない。観測されたのは一時的な上げ幅縮小と、その後の回復。 / ,True,False,ACCEPTABLE,,ACCEPTABLE,N,N,,sonnet_w1_2026-10-06,
hormuz_run03_standard,1,"After the fee plan was withdrawn and replaced, Brent crude oil futures briefly lost some of their gains.",HF-009,[VERIFIED] HF-009: Yahoo Financeは、7月14日の撤回・投資案件への置換発表後、Brent先物が一時的に上げ幅を縮小したものの、ほどなく発表前に近い高い水準へ戻ったと報じた。記事掲載時点ではBrent先物は約2.6％高で、1バレル85ドルを上回っていた。 /   scope: 国際指標Brent原油先物の短時間の値動き /   conditions: 撤回発表以外にも、米・イラン間の攻撃、海上封鎖、タンカー安全上の懸念が継続していた。 /   numeric_value: 約 +2.6%、$85/バレル超 (numeric_scope: 記事掲載時点のリアルタイムに近い価格スナップショット。日中高値でも終値でもない) /   date_or_period: 2026-07-14、撤回発表後の取引時間中 /   causal_strength: CAUSAL_STATED_BY_SOURCE /   notes_for_writer: 撤回後に原油価格が全面的に下落したとは書かない。観測されたのは一時的な上げ幅縮小と、その後の回復。 / ,,,ACCEPTABLE,,ACCEPTABLE,N,N,,sonnet_w1_2026-10-06,
hormuz_run03_standard,1,"Oil prices moved briefly, then returned to a high level.",HF-009,[VERIFIED] HF-009: Yahoo Financeは、7月14日の撤回・投資案件への置換発表後、Brent先物が一時的に上げ幅を縮小したものの、ほどなく発表前に近い高い水準へ戻ったと報じた。記事掲載時点ではBrent先物は約2.6％高で、1バレル85ドルを上回っていた。 /   scope: 国際指標Brent原油先物の短時間の値動き /   conditions: 撤回発表以外にも、米・イラン間の攻撃、海上封鎖、タンカー安全上の懸念が継続していた。 /   numeric_value: 約 +2.6%、$85/バレル超 (numeric_scope: 記事掲載時点のリアルタイムに近い価格スナップショット。日中高値でも終値でもない) /   date_or_period: 2026-07-14、撤回発表後の取引時間中 /   causal_strength: CAUSAL_STATED_BY_SOURCE /   notes_for_writer: 撤回後に原油価格が全面的に下落したとは書かない。観測されたのは一時的な上げ幅縮小と、その後の回復。 / ,,,ACCEPTABLE,,ACCEPTABLE,Y,N,,sonnet_w1_2026-10-06,
hormuz_run03_standard,1,It would charge a 20 percent fee on cargo passing through the Strait of Hormuz.,HF-003,[VERIFIED] HF-003: 7月13日の20％償還料の投稿および同日の発言では、徴収主体、支払義務者、評価方法、徴収通貨、免除、執行方法、法的根拠などの具体的制度設計は示されなかった。 /   scope: ホルムズ海峡の貨物通航に対する米国の償還料案 /   numeric_value: 20% (numeric_scope: 提案された率のみが示され、算定・徴収方法は未提示) /   date_or_period: 2026-07-13 /   notes_for_writer: 「米国が20％通航料を導入した」と確定形で書かず、「提案した」「徴収方針を表明した」とする。 / ,,,ACCEPTABLE,,ACCEPTABLE,N,N,,sonnet_w1_2026-10-06,
hormuz_run03_standard,1,Trump said he would drop the 20 percent fee plan.,HF-003,[VERIFIED] HF-003: 7月13日の20％償還料の投稿および同日の発言では、徴収主体、支払義務者、評価方法、徴収通貨、免除、執行方法、法的根拠などの具体的制度設計は示されなかった。 /   scope: ホルムズ海峡の貨物通航に対する米国の償還料案 /   numeric_value: 20% (numeric_scope: 提案された率のみが示され、算定・徴収方法は未提示) /   date_or_period: 2026-07-13 /   notes_for_writer: 「米国が20％通航料を導入した」と確定形で書かず、「提案した」「徴収方針を表明した」とする。 / ,,,ACCEPTABLE,,ACCEPTABLE,N,N,,sonnet_w1_2026-10-06,
hormuz_run03_standard,1,The 20 percent plan left the stage about one day after it appeared.,HF-003,[VERIFIED] HF-003: 7月13日の20％償還料の投稿および同日の発言では、徴収主体、支払義務者、評価方法、徴収通貨、免除、執行方法、法的根拠などの具体的制度設計は示されなかった。 /   scope: ホルムズ海峡の貨物通航に対する米国の償還料案 /   numeric_value: 20% (numeric_scope: 提案された率のみが示され、算定・徴収方法は未提示) /   date_or_period: 2026-07-13 /   notes_for_writer: 「米国が20％通航料を導入した」と確定形で書かず、「提案した」「徴収方針を表明した」とする。 / ,,,ACCEPTABLE,,ACCEPTABLE,N,N,,sonnet_w1_2026-10-06,
hormuz_run03_standard,1,But news about tensions around the strait stayed on stage.,HF-009,[VERIFIED] HF-009: Yahoo Financeは、7月14日の撤回・投資案件への置換発表後、Brent先物が一時的に上げ幅を縮小したものの、ほどなく発表前に近い高い水準へ戻ったと報じた。記事掲載時点ではBrent先物は約2.6％高で、1バレル85ドルを上回っていた。 /   scope: 国際指標Brent原油先物の短時間の値動き /   conditions: 撤回発表以外にも、米・イラン間の攻撃、海上封鎖、タンカー安全上の懸念が継続していた。 /   numeric_value: 約 +2.6%、$85/バレル超 (numeric_scope: 記事掲載時点のリアルタイムに近い価格スナップショット。日中高値でも終値でもない) /   date_or_period: 2026-07-14、撤回発表後の取引時間中 /   causal_strength: CAUSAL_STATED_BY_SOURCE /   notes_for_writer: 撤回後に原油価格が全面的に下落したとは書かない。観測されたのは一時的な上げ幅縮小と、その後の回復。 / ,,,ACCEPTABLE,,ACCEPTABLE,N,N,,sonnet_w1_2026-10-06,
meta_run03_advanced,1,"Behind a service that lets people ask AI to make phone calls, humans were actually making the calls.",MUSE-HC-006,[VERIFIED] MUSE-HC-006: MetaはMuse経由の電話の一部について、AIではなく訓練を受けた人間の契約スタッフが電話をかけ、相手とのやり取りを完了させる「human concierge」「human agent calls」のテストを実施した。 /   scope: Muse経由で発信された電話の一部 /   conditions: Museから人間の訓練済みエージェントへ依頼が引き渡されるテスト条件 /   date_or_period: 2026年9月中旬 /   notes_for_writer: 全ての電話を人間が担当したとは書かない。「一部の電話」「テスト」と限定する。 ([channelnewsasia.com](https://www.channelnewsasia.com/business/exclusive-meta-testing-human-concierge-its-new-personal-ai-agent-muse-6402946)) / ,True,False,ACCEPTABLE,,QUALITY,Y,N,,sonnet_w2_2026-10-06,
meta_run03_advanced,1,People who asked Muse to make a call might think that AI was making it.,MUSE-HC-012,[VERIFIED] MUSE-HC-012: MetaのSuperintelligence Labs部門の副社長は、適切な開示なしに契約スタッフが電話をかけるテストを開始したことを「ミス」だったと認め、機能を当面ロールバックしたと社内投稿で説明した。 /   scope: Meta社内テストの人間コンシェルジュ機能 /   conditions: 適切な開示なしで契約スタッフが電話を担当していたテスト /   date_or_period: 2026年9月22日まで /   notes_for_writer: 「サービス全体を停止した」とは書かない。ロールバック対象は人間コンシェルジュ機能として扱う。 ([channelnewsasia.com](https://www.channelnewsasia.com/business/exclusive-meta-testing-human-concierge-its-new-personal-ai-agent-muse-6402946)) / ,True,False,ACCEPTABLE,,ACCEPTABLE,N,N,,sonnet_w2_2026-10-06,
meta_run03_advanced,1,"And if this was not properly explained, users had no way to know whether they were talking to AI or a person.",MUSE-HC-012,[VERIFIED] MUSE-HC-012: MetaのSuperintelligence Labs部門の副社長は、適切な開示なしに契約スタッフが電話をかけるテストを開始したことを「ミス」だったと認め、機能を当面ロールバックしたと社内投稿で説明した。 /   scope: Meta社内テストの人間コンシェルジュ機能 /   conditions: 適切な開示なしで契約スタッフが電話を担当していたテスト /   date_or_period: 2026年9月22日まで /   notes_for_writer: 「サービス全体を停止した」とは書かない。ロールバック対象は人間コンシェルジュ機能として扱う。 ([channelnewsasia.com](https://www.channelnewsasia.com/business/exclusive-meta-testing-human-concierge-its-new-personal-ai-agent-muse-6402946)) / ,True,False,QUALITY,,QUALITY,N,N,,sonnet_w2_2026-10-06,
meta_run03_advanced,1,"They were enjoying the convenience of AI, only to find a human on the other end of the call without realizing it.",MUSE-HC-006,[VERIFIED] MUSE-HC-006: MetaはMuse経由の電話の一部について、AIではなく訓練を受けた人間の契約スタッフが電話をかけ、相手とのやり取りを完了させる「human concierge」「human agent calls」のテストを実施した。 /   scope: Muse経由で発信された電話の一部 /   conditions: Museから人間の訓練済みエージェントへ依頼が引き渡されるテスト条件 /   date_or_period: 2026年9月中旬 /   notes_for_writer: 全ての電話を人間が担当したとは書かない。「一部の電話」「テスト」と限定する。 ([channelnewsasia.com](https://www.channelnewsasia.com/business/exclusive-meta-testing-human-concierge-its-new-personal-ai-agent-muse-6402946)) / ,True,False,ACCEPTABLE,,ACCEPTABLE,Y,N,,sonnet_w2_2026-10-06,
meta_run03_advanced,1,"The company also restored the human concierge feature to the way it had been before, at least for now.",MUSE-HC-012,[VERIFIED] MUSE-HC-012: MetaのSuperintelligence Labs部門の副社長は、適切な開示なしに契約スタッフが電話をかけるテストを開始したことを「ミス」だったと認め、機能を当面ロールバックしたと社内投稿で説明した。 /   scope: Meta社内テストの人間コンシェルジュ機能 /   conditions: 適切な開示なしで契約スタッフが電話を担当していたテスト /   date_or_period: 2026年9月22日まで /   notes_for_writer: 「サービス全体を停止した」とは書かない。ロールバック対象は人間コンシェルジュ機能として扱う。 ([channelnewsasia.com](https://www.channelnewsasia.com/business/exclusive-meta-testing-human-concierge-its-new-personal-ai-agent-muse-6402946)) / ,False,True,ACCEPTABLE,,ACCEPTABLE,Y,Y,,sonnet_w2_2026-10-06+fable_2026-10-06,
meta_run03_advanced,1,"The more useful a service is, the less it should hide the people working behind the scenes.",MUSE-HC-006,[VERIFIED] MUSE-HC-006: MetaはMuse経由の電話の一部について、AIではなく訓練を受けた人間の契約スタッフが電話をかけ、相手とのやり取りを完了させる「human concierge」「human agent calls」のテストを実施した。 /   scope: Muse経由で発信された電話の一部 /   conditions: Museから人間の訓練済みエージェントへ依頼が引き渡されるテスト条件 /   date_or_period: 2026年9月中旬 /   notes_for_writer: 全ての電話を人間が担当したとは書かない。「一部の電話」「テスト」と限定する。 ([channelnewsasia.com](https://www.channelnewsasia.com/business/exclusive-meta-testing-human-concierge-its-new-personal-ai-agent-muse-6402946)) / ,,,ACCEPTABLE,,ACCEPTABLE,N,N,,sonnet_w2_2026-10-06,
meta_run03_advanced,1,"Some calls made through Meta’s AI assistant were actually handled by humans, without users being properly told.",MUSE-HC-006,[VERIFIED] MUSE-HC-006: MetaはMuse経由の電話の一部について、AIではなく訓練を受けた人間の契約スタッフが電話をかけ、相手とのやり取りを完了させる「human concierge」「human agent calls」のテストを実施した。 /   scope: Muse経由で発信された電話の一部 /   conditions: Museから人間の訓練済みエージェントへ依頼が引き渡されるテスト条件 /   date_or_period: 2026年9月中旬 /   notes_for_writer: 全ての電話を人間が担当したとは書かない。「一部の電話」「テスト」と限定する。 ([channelnewsasia.com](https://www.channelnewsasia.com/business/exclusive-meta-testing-human-concierge-its-new-personal-ai-agent-muse-6402946)) / ,,,ACCEPTABLE,,ACCEPTABLE,N,N,,sonnet_w2_2026-10-06,
meta_run03_advanced,1,It is whether they can honestly tell people who is on the other end of the call.,MUSE-HC-012,[VERIFIED] MUSE-HC-012: MetaのSuperintelligence Labs部門の副社長は、適切な開示なしに契約スタッフが電話をかけるテストを開始したことを「ミス」だったと認め、機能を当面ロールバックしたと社内投稿で説明した。 /   scope: Meta社内テストの人間コンシェルジュ機能 /   conditions: 適切な開示なしで契約スタッフが電話を担当していたテスト /   date_or_period: 2026年9月22日まで /   notes_for_writer: 「サービス全体を停止した」とは書かない。ロールバック対象は人間コンシェルジュ機能として扱う。 ([channelnewsasia.com](https://www.channelnewsasia.com/business/exclusive-meta-testing-human-concierge-its-new-personal-ai-agent-muse-6402946)) / ,,,ACCEPTABLE,,ACCEPTABLE,N,N,,sonnet_w2_2026-10-06,
meta_run03_standard,1,"In some tests, trained human contract workers made the calls, not AI.",MUSE-HC-006,[VERIFIED] MUSE-HC-006: MetaはMuse経由の電話の一部について、AIではなく訓練を受けた人間の契約スタッフが電話をかけ、相手とのやり取りを完了させる「human concierge」「human agent calls」のテストを実施した。 /   scope: Muse経由で発信された電話の一部 /   conditions: Museから人間の訓練済みエージェントへ依頼が引き渡されるテスト条件 /   date_or_period: 2026年9月中旬 /   notes_for_writer: 全ての電話を人間が担当したとは書かない。「一部の電話」「テスト」と限定する。 ([channelnewsasia.com](https://www.channelnewsasia.com/business/exclusive-meta-testing-human-concierge-its-new-personal-ai-agent-muse-6402946)) / ,False,True,ACCEPTABLE,,ACCEPTABLE,N,N,,sonnet_w1_2026-10-06,
meta_run03_standard,1,The problem was not that humans made the calls.,MUSE-HC-012,[VERIFIED] MUSE-HC-012: MetaのSuperintelligence Labs部門の副社長は、適切な開示なしに契約スタッフが電話をかけるテストを開始したことを「ミス」だったと認め、機能を当面ロールバックしたと社内投稿で説明した。 /   scope: Meta社内テストの人間コンシェルジュ機能 /   conditions: 適切な開示なしで契約スタッフが電話を担当していたテスト /   date_or_period: 2026年9月22日まで /   notes_for_writer: 「サービス全体を停止した」とは書かない。ロールバック対象は人間コンシェルジュ機能として扱う。 ([channelnewsasia.com](https://www.channelnewsasia.com/business/exclusive-meta-testing-human-concierge-its-new-personal-ai-agent-muse-6402946)) / ,True,False,ACCEPTABLE,,ACCEPTABLE,N,N,,sonnet_w1_2026-10-06,
meta_run03_standard,1,The problem was telling users who was speaking.,MUSE-HC-012,[VERIFIED] MUSE-HC-012: MetaのSuperintelligence Labs部門の副社長は、適切な開示なしに契約スタッフが電話をかけるテストを開始したことを「ミス」だったと認め、機能を当面ロールバックしたと社内投稿で説明した。 /   scope: Meta社内テストの人間コンシェルジュ機能 /   conditions: 適切な開示なしで契約スタッフが電話を担当していたテスト /   date_or_period: 2026年9月22日まで /   notes_for_writer: 「サービス全体を停止した」とは書かない。ロールバック対象は人間コンシェルジュ機能として扱う。 ([channelnewsasia.com](https://www.channelnewsasia.com/business/exclusive-meta-testing-human-concierge-its-new-personal-ai-agent-muse-6402946)) / ,False,True,ACCEPTABLE,,ACCEPTABLE,N,N,,sonnet_w1_2026-10-06,
meta_run03_standard,1,People asking Muse to call might think AI was calling.,MUSE-HC-012,[VERIFIED] MUSE-HC-012: MetaのSuperintelligence Labs部門の副社長は、適切な開示なしに契約スタッフが電話をかけるテストを開始したことを「ミス」だったと認め、機能を当面ロールバックしたと社内投稿で説明した。 /   scope: Meta社内テストの人間コンシェルジュ機能 /   conditions: 適切な開示なしで契約スタッフが電話を担当していたテスト /   date_or_period: 2026年9月22日まで /   notes_for_writer: 「サービス全体を停止した」とは書かない。ロールバック対象は人間コンシェルジュ機能として扱う。 ([channelnewsasia.com](https://www.channelnewsasia.com/business/exclusive-meta-testing-human-concierge-its-new-personal-ai-agent-muse-6402946)) / ,True,False,ACCEPTABLE,,ACCEPTABLE,N,N,,sonnet_w1_2026-10-06,
meta_run03_standard,1,"If no one explained this clearly, users could not know.",MUSE-HC-012,[VERIFIED] MUSE-HC-012: MetaのSuperintelligence Labs部門の副社長は、適切な開示なしに契約スタッフが電話をかけるテストを開始したことを「ミス」だったと認め、機能を当面ロールバックしたと社内投稿で説明した。 /   scope: Meta社内テストの人間コンシェルジュ機能 /   conditions: 適切な開示なしで契約スタッフが電話を担当していたテスト /   date_or_period: 2026年9月22日まで /   notes_for_writer: 「サービス全体を停止した」とは書かない。ロールバック対象は人間コンシェルジュ機能として扱う。 ([channelnewsasia.com](https://www.channelnewsasia.com/business/exclusive-meta-testing-human-concierge-its-new-personal-ai-agent-muse-6402946)) / ,True,False,ACCEPTABLE,,ACCEPTABLE,N,N,,sonnet_w1_2026-10-06,
meta_run03_standard,1,They could not tell if it was AI or a person.,MUSE-HC-012,[VERIFIED] MUSE-HC-012: MetaのSuperintelligence Labs部門の副社長は、適切な開示なしに契約スタッフが電話をかけるテストを開始したことを「ミス」だったと認め、機能を当面ロールバックしたと社内投稿で説明した。 /   scope: Meta社内テストの人間コンシェルジュ機能 /   conditions: 適切な開示なしで契約スタッフが電話を担当していたテスト /   date_or_period: 2026年9月22日まで /   notes_for_writer: 「サービス全体を停止した」とは書かない。ロールバック対象は人間コンシェルジュ機能として扱う。 ([channelnewsasia.com](https://www.channelnewsasia.com/business/exclusive-meta-testing-human-concierge-its-new-personal-ai-agent-muse-6402946)) / ,True,False,ACCEPTABLE,,ACCEPTABLE,N,N,,sonnet_w1_2026-10-06,
meta_run03_standard,1,"They enjoyed AI’s convenience, but a human was on the other end.",MUSE-HC-006,[VERIFIED] MUSE-HC-006: MetaはMuse経由の電話の一部について、AIではなく訓練を受けた人間の契約スタッフが電話をかけ、相手とのやり取りを完了させる「human concierge」「human agent calls」のテストを実施した。 /   scope: Muse経由で発信された電話の一部 /   conditions: Museから人間の訓練済みエージェントへ依頼が引き渡されるテスト条件 /   date_or_period: 2026年9月中旬 /   notes_for_writer: 全ての電話を人間が担当したとは書かない。「一部の電話」「テスト」と限定する。 ([channelnewsasia.com](https://www.channelnewsasia.com/business/exclusive-meta-testing-human-concierge-its-new-personal-ai-agent-muse-6402946)) / ,True,False,ACCEPTABLE,,ACCEPTABLE,Y,N,,sonnet_w1_2026-10-06,
meta_run03_standard,1,They did not realize it.,MUSE-HC-012,[VERIFIED] MUSE-HC-012: MetaのSuperintelligence Labs部門の副社長は、適切な開示なしに契約スタッフが電話をかけるテストを開始したことを「ミス」だったと認め、機能を当面ロールバックしたと社内投稿で説明した。 /   scope: Meta社内テストの人間コンシェルジュ機能 /   conditions: 適切な開示なしで契約スタッフが電話を担当していたテスト /   date_or_period: 2026年9月22日まで /   notes_for_writer: 「サービス全体を停止した」とは書かない。ロールバック対象は人間コンシェルジュ機能として扱う。 ([channelnewsasia.com](https://www.channelnewsasia.com/business/exclusive-meta-testing-human-concierge-its-new-personal-ai-agent-muse-6402946)) / ,True,False,ACCEPTABLE,,ACCEPTABLE,N,N,,sonnet_w1_2026-10-06,
meta_run03_standard,1,It said human staff made inappropriate comments about race during calls.,MUSE-HC-011,[VERIFIED] MUSE-HC-011: Museにインターネット・ケーブル料金の交渉を依頼した従業員は、電話の記録に人間の契約スタッフによる人種に関する不適切な発言があったと報告した。 /   scope: インターネット・ケーブル料金交渉の1件として報道された事例 /   conditions: 人間の契約スタッフが電話を担当したケース /   numeric_value: 1件の従業員報告 (numeric_scope: 報道で紹介された個別事例) /   date_or_period: 2026年9月時点 /   causal_strength: OBSERVED_REPORTED /   notes_for_writer: 従業員の報告として記録する。契約スタッフ全体の行動や実験全体の性質へ一般化しない。 ([channelnewsasia.com](https://www.channelnewsasia.com/business/exclusive-meta-testing-human-concierge-its-new-personal-ai-agent-muse-6402946)) / ,True,False,BLOCKING,deterministic_floor:changed_number,BLOCKING,Y,Y,Y,sonnet_w1_2026-10-06,
meta_run03_standard,1,These calls were about trying to lower internet or cable fees.,MUSE-HC-011,[VERIFIED] MUSE-HC-011: Museにインターネット・ケーブル料金の交渉を依頼した従業員は、電話の記録に人間の契約スタッフによる人種に関する不適切な発言があったと報告した。 /   scope: インターネット・ケーブル料金交渉の1件として報道された事例 /   conditions: 人間の契約スタッフが電話を担当したケース /   numeric_value: 1件の従業員報告 (numeric_scope: 報道で紹介された個別事例) /   date_or_period: 2026年9月時点 /   causal_strength: OBSERVED_REPORTED /   notes_for_writer: 従業員の報告として記録する。契約スタッフ全体の行動や実験全体の性質へ一般化しない。 ([channelnewsasia.com](https://www.channelnewsasia.com/business/exclusive-meta-testing-human-concierge-its-new-personal-ai-agent-muse-6402946)) / ,True,False,BLOCKING,deterministic_floor:changed_number,BLOCKING,Y,N,Y,sonnet_w1_2026-10-06,
meta_run03_standard,1,That was a mistake.,MUSE-HC-012,[VERIFIED] MUSE-HC-012: MetaのSuperintelligence Labs部門の副社長は、適切な開示なしに契約スタッフが電話をかけるテストを開始したことを「ミス」だったと認め、機能を当面ロールバックしたと社内投稿で説明した。 /   scope: Meta社内テストの人間コンシェルジュ機能 /   conditions: 適切な開示なしで契約スタッフが電話を担当していたテスト /   date_or_period: 2026年9月22日まで /   notes_for_writer: 「サービス全体を停止した」とは書かない。ロールバック対象は人間コンシェルジュ機能として扱う。 ([channelnewsasia.com](https://www.channelnewsasia.com/business/exclusive-meta-testing-human-concierge-its-new-personal-ai-agent-muse-6402946)) / ,False,True,ACCEPTABLE,,ACCEPTABLE,N,N,,sonnet_w1_2026-10-06,
meta_run03_standard,1,But humans made some of the calls behind the scenes.,MUSE-HC-006,[VERIFIED] MUSE-HC-006: MetaはMuse経由の電話の一部について、AIではなく訓練を受けた人間の契約スタッフが電話をかけ、相手とのやり取りを完了させる「human concierge」「human agent calls」のテストを実施した。 /   scope: Muse経由で発信された電話の一部 /   conditions: Museから人間の訓練済みエージェントへ依頼が引き渡されるテスト条件 /   date_or_period: 2026年9月中旬 /   notes_for_writer: 全ての電話を人間が担当したとは書かない。「一部の電話」「テスト」と限定する。 ([channelnewsasia.com](https://www.channelnewsasia.com/business/exclusive-meta-testing-human-concierge-its-new-personal-ai-agent-muse-6402946)) / ,,,ACCEPTABLE,,ACCEPTABLE,N,N,,sonnet_w1_2026-10-06,
meta_run03_standard,2,"In some tests, trained human contract workers made the calls, not AI.",MUSE-HC-006,[VERIFIED] MUSE-HC-006: MetaはMuse経由の電話の一部について、AIではなく訓練を受けた人間の契約スタッフが電話をかけ、相手とのやり取りを完了させる「human concierge」「human agent calls」のテストを実施した。 /   scope: Muse経由で発信された電話の一部 /   conditions: Museから人間の訓練済みエージェントへ依頼が引き渡されるテスト条件 /   date_or_period: 2026年9月中旬 /   notes_for_writer: 全ての電話を人間が担当したとは書かない。「一部の電話」「テスト」と限定する。 ([channelnewsasia.com](https://www.channelnewsasia.com/business/exclusive-meta-testing-human-concierge-its-new-personal-ai-agent-muse-6402946)) / ,False,True,ACCEPTABLE,,ACCEPTABLE,N,N,,sonnet_w1_2026-10-06,
meta_run03_standard,2,The problem was telling users who was speaking.,MUSE-HC-012,[VERIFIED] MUSE-HC-012: MetaのSuperintelligence Labs部門の副社長は、適切な開示なしに契約スタッフが電話をかけるテストを開始したことを「ミス」だったと認め、機能を当面ロールバックしたと社内投稿で説明した。 /   scope: Meta社内テストの人間コンシェルジュ機能 /   conditions: 適切な開示なしで契約スタッフが電話を担当していたテスト /   date_or_period: 2026年9月22日まで /   notes_for_writer: 「サービス全体を停止した」とは書かない。ロールバック対象は人間コンシェルジュ機能として扱う。 ([channelnewsasia.com](https://www.channelnewsasia.com/business/exclusive-meta-testing-human-concierge-its-new-personal-ai-agent-muse-6402946)) / ,False,True,ACCEPTABLE,,ACCEPTABLE,N,N,,sonnet_w1_2026-10-06,
meta_run03_standard,2,People asking Muse to call might think AI was calling.,MUSE-HC-012,[VERIFIED] MUSE-HC-012: MetaのSuperintelligence Labs部門の副社長は、適切な開示なしに契約スタッフが電話をかけるテストを開始したことを「ミス」だったと認め、機能を当面ロールバックしたと社内投稿で説明した。 /   scope: Meta社内テストの人間コンシェルジュ機能 /   conditions: 適切な開示なしで契約スタッフが電話を担当していたテスト /   date_or_period: 2026年9月22日まで /   notes_for_writer: 「サービス全体を停止した」とは書かない。ロールバック対象は人間コンシェルジュ機能として扱う。 ([channelnewsasia.com](https://www.channelnewsasia.com/business/exclusive-meta-testing-human-concierge-its-new-personal-ai-agent-muse-6402946)) / ,True,False,ACCEPTABLE,,ACCEPTABLE,N,N,,sonnet_w1_2026-10-06,
meta_run03_standard,2,"If no one explained this clearly, users could not know.",MUSE-HC-012,[VERIFIED] MUSE-HC-012: MetaのSuperintelligence Labs部門の副社長は、適切な開示なしに契約スタッフが電話をかけるテストを開始したことを「ミス」だったと認め、機能を当面ロールバックしたと社内投稿で説明した。 /   scope: Meta社内テストの人間コンシェルジュ機能 /   conditions: 適切な開示なしで契約スタッフが電話を担当していたテスト /   date_or_period: 2026年9月22日まで /   notes_for_writer: 「サービス全体を停止した」とは書かない。ロールバック対象は人間コンシェルジュ機能として扱う。 ([channelnewsasia.com](https://www.channelnewsasia.com/business/exclusive-meta-testing-human-concierge-its-new-personal-ai-agent-muse-6402946)) / ,True,False,ACCEPTABLE,,ACCEPTABLE,N,N,,sonnet_w1_2026-10-06,
meta_run03_standard,2,They could not tell if it was AI or a person.,MUSE-HC-012,[VERIFIED] MUSE-HC-012: MetaのSuperintelligence Labs部門の副社長は、適切な開示なしに契約スタッフが電話をかけるテストを開始したことを「ミス」だったと認め、機能を当面ロールバックしたと社内投稿で説明した。 /   scope: Meta社内テストの人間コンシェルジュ機能 /   conditions: 適切な開示なしで契約スタッフが電話を担当していたテスト /   date_or_period: 2026年9月22日まで /   notes_for_writer: 「サービス全体を停止した」とは書かない。ロールバック対象は人間コンシェルジュ機能として扱う。 ([channelnewsasia.com](https://www.channelnewsasia.com/business/exclusive-meta-testing-human-concierge-its-new-personal-ai-agent-muse-6402946)) / ,True,False,ACCEPTABLE,,ACCEPTABLE,N,N,,sonnet_w1_2026-10-06,
meta_run03_standard,2,"They enjoyed AI’s convenience, but a human was on the other end.",MUSE-HC-006,[VERIFIED] MUSE-HC-006: MetaはMuse経由の電話の一部について、AIではなく訓練を受けた人間の契約スタッフが電話をかけ、相手とのやり取りを完了させる「human concierge」「human agent calls」のテストを実施した。 /   scope: Muse経由で発信された電話の一部 /   conditions: Museから人間の訓練済みエージェントへ依頼が引き渡されるテスト条件 /   date_or_period: 2026年9月中旬 /   notes_for_writer: 全ての電話を人間が担当したとは書かない。「一部の電話」「テスト」と限定する。 ([channelnewsasia.com](https://www.channelnewsasia.com/business/exclusive-meta-testing-human-concierge-its-new-personal-ai-agent-muse-6402946)) / ,True,False,ACCEPTABLE,,ACCEPTABLE,Y,N,,sonnet_w1_2026-10-06,
meta_run03_standard,2,They did not realize it.,MUSE-HC-012,[VERIFIED] MUSE-HC-012: MetaのSuperintelligence Labs部門の副社長は、適切な開示なしに契約スタッフが電話をかけるテストを開始したことを「ミス」だったと認め、機能を当面ロールバックしたと社内投稿で説明した。 /   scope: Meta社内テストの人間コンシェルジュ機能 /   conditions: 適切な開示なしで契約スタッフが電話を担当していたテスト /   date_or_period: 2026年9月22日まで /   notes_for_writer: 「サービス全体を停止した」とは書かない。ロールバック対象は人間コンシェルジュ機能として扱う。 ([channelnewsasia.com](https://www.channelnewsasia.com/business/exclusive-meta-testing-human-concierge-its-new-personal-ai-agent-muse-6402946)) / ,True,False,ACCEPTABLE,,ACCEPTABLE,N,N,,sonnet_w1_2026-10-06,
meta_run03_standard,2,That was a mistake.,MUSE-HC-012,[VERIFIED] MUSE-HC-012: MetaのSuperintelligence Labs部門の副社長は、適切な開示なしに契約スタッフが電話をかけるテストを開始したことを「ミス」だったと認め、機能を当面ロールバックしたと社内投稿で説明した。 /   scope: Meta社内テストの人間コンシェルジュ機能 /   conditions: 適切な開示なしで契約スタッフが電話を担当していたテスト /   date_or_period: 2026年9月22日まで /   notes_for_writer: 「サービス全体を停止した」とは書かない。ロールバック対象は人間コンシェルジュ機能として扱う。 ([channelnewsasia.com](https://www.channelnewsasia.com/business/exclusive-meta-testing-human-concierge-its-new-personal-ai-agent-muse-6402946)) / ,False,True,ACCEPTABLE,,ACCEPTABLE,N,N,,sonnet_w1_2026-10-06,
neg1_meta_b3prod_a2,1,# We Thought It Was AI—But There Was a Person Inside Meta’s Muse,MUSE-HC-006,[VERIFIED] MUSE-HC-006: MetaはMuse経由の電話の一部について、AIではなく訓練を受けた人間の契約スタッフが電話をかけ、相手とのやり取りを完了させる「human concierge」「human agent calls」のテストを実施した。 /   scope: Muse経由で発信された電話の一部 /   conditions: Museから人間の訓練済みエージェントへ依頼が引き渡されるテスト条件 /   date_or_period: 2026年9月中旬 /   notes_for_writer: 全ての電話を人間が担当したとは書かない。「一部の電話」「テスト」と限定する。 ([channelnewsasia.com](https://www.channelnewsasia.com/business/exclusive-meta-testing-human-concierge-its-new-personal-ai-agent-muse-6402946)) / ,True,False,QUALITY,,QUALITY,N,N,,sonnet_w1_2026-10-06,
neg1_meta_b3prod_a2,1,A call seemed to come from an AI agent.,MUSE-HC-006,[VERIFIED] MUSE-HC-006: MetaはMuse経由の電話の一部について、AIではなく訓練を受けた人間の契約スタッフが電話をかけ、相手とのやり取りを完了させる「human concierge」「human agent calls」のテストを実施した。 /   scope: Muse経由で発信された電話の一部 /   conditions: Museから人間の訓練済みエージェントへ依頼が引き渡されるテスト条件 /   date_or_period: 2026年9月中旬 /   notes_for_writer: 全ての電話を人間が担当したとは書かない。「一部の電話」「テスト」と限定する。 ([channelnewsasia.com](https://www.channelnewsasia.com/business/exclusive-meta-testing-human-concierge-its-new-personal-ai-agent-muse-6402946)) / ,True,False,QUALITY,,QUALITY,N,N,,sonnet_w1_2026-10-06,
neg1_meta_b3prod_a2,1,Meta had run a test that caused exactly this surprise.,MUSE-HC-006,[VERIFIED] MUSE-HC-006: MetaはMuse経由の電話の一部について、AIではなく訓練を受けた人間の契約スタッフが電話をかけ、相手とのやり取りを完了させる「human concierge」「human agent calls」のテストを実施した。 /   scope: Muse経由で発信された電話の一部 /   conditions: Museから人間の訓練済みエージェントへ依頼が引き渡されるテスト条件 /   date_or_period: 2026年9月中旬 /   notes_for_writer: 全ての電話を人間が担当したとは書かない。「一部の電話」「テスト」と限定する。 ([channelnewsasia.com](https://www.channelnewsasia.com/business/exclusive-meta-testing-human-concierge-its-new-personal-ai-agent-muse-6402946)) / ,True,False,QUALITY,,QUALITY,N,N,,sonnet_w1_2026-10-06,
neg1_meta_b3prod_a2,1,"In some calls through Muse, trained contract workers made the calls, not AI.",MUSE-HC-006,[VERIFIED] MUSE-HC-006: MetaはMuse経由の電話の一部について、AIではなく訓練を受けた人間の契約スタッフが電話をかけ、相手とのやり取りを完了させる「human concierge」「human agent calls」のテストを実施した。 /   scope: Muse経由で発信された電話の一部 /   conditions: Museから人間の訓練済みエージェントへ依頼が引き渡されるテスト条件 /   date_or_period: 2026年9月中旬 /   notes_for_writer: 全ての電話を人間が担当したとは書かない。「一部の電話」「テスト」と限定する。 ([channelnewsasia.com](https://www.channelnewsasia.com/business/exclusive-meta-testing-human-concierge-its-new-personal-ai-agent-muse-6402946)) / ,False,True,ACCEPTABLE,,ACCEPTABLE,N,N,,sonnet_w1_2026-10-06,
neg1_meta_b3prod_a2,1,A human can handle situations that AI alone finds difficult.,MUSE-HC-008,[VERIFIED] MUSE-HC-008: Metaの社内投稿では、人間が電話を担当した一部テストで、成功率が95〜98%に達する可能性が示された。一方、AIだけで電話をかけた場合の成功率は、それより低いとされたが、具体的な数値は示されていない。 /   scope: 人間が電話を担当した一部テスト /   conditions: 成功率の定義、サンプル数、比較対象、測定方法は公開されていない /   numeric_value: 95%〜98% (numeric_scope: 人間が電話を担当した一部テストの成功率) /   date_or_period: 2026年9月時点の社内テスト /   causal_strength: OBSERVED_REPORTED /   notes_for_writer: 「人間の方が95〜98%で成功した」と一般化しない。「一部テストで95〜98%の範囲が示された」と書く。因果関係や統計的有意性は確認できない。 ([channelnewsasia.com](https://www.channelnewsasia.com/business/exclusive-meta-testing-human-concierge-its-new-personal-ai-agent-muse-6402946)) / ,True,False,QUALITY,,QUALITY,UNDECIDABLE,UNDECIDABLE,,sonnet_w1_2026-10-06,
neg1_meta_b3prod_a2,1,"A user might think the exchange was with AI, even though a person was involved.",MUSE-HC-012,[VERIFIED] MUSE-HC-012: MetaのSuperintelligence Labs部門の副社長は、適切な開示なしに契約スタッフが電話をかけるテストを開始したことを「ミス」だったと認め、機能を当面ロールバックしたと社内投稿で説明した。 /   scope: Meta社内テストの人間コンシェルジュ機能 /   conditions: 適切な開示なしで契約スタッフが電話を担当していたテスト /   date_or_period: 2026年9月22日まで /   notes_for_writer: 「サービス全体を停止した」とは書かない。ロールバック対象は人間コンシェルジュ機能として扱う。 ([channelnewsasia.com](https://www.channelnewsasia.com/business/exclusive-meta-testing-human-concierge-its-new-personal-ai-agent-muse-6402946)) / ,True,False,ACCEPTABLE,,ACCEPTABLE,N,N,,sonnet_w1_2026-10-06,
neg1_meta_b3prod_a2,1,AI had not learned to speak like a human.,MUSE-HC-006,[VERIFIED] MUSE-HC-006: MetaはMuse経由の電話の一部について、AIではなく訓練を受けた人間の契約スタッフが電話をかけ、相手とのやり取りを完了させる「human concierge」「human agent calls」のテストを実施した。 /   scope: Muse経由で発信された電話の一部 /   conditions: Museから人間の訓練済みエージェントへ依頼が引き渡されるテスト条件 /   date_or_period: 2026年9月中旬 /   notes_for_writer: 全ての電話を人間が担当したとは書かない。「一部の電話」「テスト」と限定する。 ([channelnewsasia.com](https://www.channelnewsasia.com/business/exclusive-meta-testing-human-concierge-its-new-personal-ai-agent-muse-6402946)) / ,True,False,ACCEPTABLE,,ACCEPTABLE,Y,N,,sonnet_w1_2026-10-06,
neg1_meta_b3prod_a2,1,A human stood behind the sign that said AI.,MUSE-HC-006,[VERIFIED] MUSE-HC-006: MetaはMuse経由の電話の一部について、AIではなく訓練を受けた人間の契約スタッフが電話をかけ、相手とのやり取りを完了させる「human concierge」「human agent calls」のテストを実施した。 /   scope: Muse経由で発信された電話の一部 /   conditions: Museから人間の訓練済みエージェントへ依頼が引き渡されるテスト条件 /   date_or_period: 2026年9月中旬 /   notes_for_writer: 全ての電話を人間が担当したとは書かない。「一部の電話」「テスト」と限定する。 ([channelnewsasia.com](https://www.channelnewsasia.com/business/exclusive-meta-testing-human-concierge-its-new-personal-ai-agent-muse-6402946)) / ,True,False,ACCEPTABLE,,ACCEPTABLE,N,N,,sonnet_w1_2026-10-06,
neg1_meta_b3prod_a2,1,"As AI becomes able to make calls or reservations for us, this question will become more familiar.",MUSE-HC-004,[VERIFIED] MUSE-HC-004: Museの電話機能では、ユーザーが米国内の企業・店舗へ電話をかけるよう指示し、散髪の予約、在庫確認、業者からの見積もり取得などを依頼できるとReutersが報じた。 /   scope: 米国内の企業・店舗への発信 /   conditions: Museの電話機能が利用可能なユーザー /   date_or_period: 2026年9月中旬までに公開・展開 /   notes_for_writer: Reuters報道の転載。Meta公式発表ページでは電話機能の詳細までは確認できない。 ([channelnewsasia.com](https://www.channelnewsasia.com/business/exclusive-meta-testing-human-concierge-its-new-personal-ai-agent-muse-6402946)) / ,True,False,QUALITY,,QUALITY,N,N,,sonnet_w1_2026-10-06,
neg1_meta_b3prod_a2,1,"The more useful the feature, the more people will want to know who is on the other side.",MUSE-HC-010,[VERIFIED] MUSE-HC-010: Meta従業員は、人間の契約スタッフが電話を担当すると、電話中にユーザーの機微情報がコールセンターの契約スタッフへ意図せず共有される可能性があるとして、社内でプライバシー上の懸念を示した。 /   scope: 人間の契約スタッフがMuse経由の電話を担当するテスト /   conditions: 電話の遂行にユーザー情報が必要となる場合 /   date_or_period: 2026年9月中旬〜2026年9月22日 /   causal_strength: OBSERVED_REPORTED /   notes_for_writer: 懸念の存在を示す事実。実際の大規模な情報漏えいが発生したと断定しない。 ([channelnewsasia.com](https://www.channelnewsasia.com/business/exclusive-meta-testing-human-concierge-its-new-personal-ai-agent-muse-6402946)) / ,True,False,QUALITY,,QUALITY,N,N,,sonnet_w1_2026-10-06,
neg1_meta_b3prod_a2,1,They will want to know if it is AI or human.,MUSE-HC-010,[VERIFIED] MUSE-HC-010: Meta従業員は、人間の契約スタッフが電話を担当すると、電話中にユーザーの機微情報がコールセンターの契約スタッフへ意図せず共有される可能性があるとして、社内でプライバシー上の懸念を示した。 /   scope: 人間の契約スタッフがMuse経由の電話を担当するテスト /   conditions: 電話の遂行にユーザー情報が必要となる場合 /   date_or_period: 2026年9月中旬〜2026年9月22日 /   causal_strength: OBSERVED_REPORTED /   notes_for_writer: 懸念の存在を示す事実。実際の大規模な情報漏えいが発生したと断定しない。 ([channelnewsasia.com](https://www.channelnewsasia.com/business/exclusive-meta-testing-human-concierge-its-new-personal-ai-agent-muse-6402946)) / ,True,False,QUALITY,,QUALITY,N,N,,sonnet_w1_2026-10-06,
neg1_meta_b3prod_a2,1,### Meta admits a mistake,MUSE-HC-012,[VERIFIED] MUSE-HC-012: MetaのSuperintelligence Labs部門の副社長は、適切な開示なしに契約スタッフが電話をかけるテストを開始したことを「ミス」だったと認め、機能を当面ロールバックしたと社内投稿で説明した。 /   scope: Meta社内テストの人間コンシェルジュ機能 /   conditions: 適切な開示なしで契約スタッフが電話を担当していたテスト /   date_or_period: 2026年9月22日まで /   notes_for_writer: 「サービス全体を停止した」とは書かない。ロールバック対象は人間コンシェルジュ機能として扱う。 ([channelnewsasia.com](https://www.channelnewsasia.com/business/exclusive-meta-testing-human-concierge-its-new-personal-ai-agent-muse-6402946)) / ,False,True,ACCEPTABLE,,ACCEPTABLE,N,N,,sonnet_w1_2026-10-06,
neg1_meta_b3prod_a2,1,A Meta executive admitted the mistake.,MUSE-HC-012,[VERIFIED] MUSE-HC-012: MetaのSuperintelligence Labs部門の副社長は、適切な開示なしに契約スタッフが電話をかけるテストを開始したことを「ミス」だったと認め、機能を当面ロールバックしたと社内投稿で説明した。 /   scope: Meta社内テストの人間コンシェルジュ機能 /   conditions: 適切な開示なしで契約スタッフが電話を担当していたテスト /   date_or_period: 2026年9月22日まで /   notes_for_writer: 「サービス全体を停止した」とは書かない。ロールバック対象は人間コンシェルジュ機能として扱う。 ([channelnewsasia.com](https://www.channelnewsasia.com/business/exclusive-meta-testing-human-concierge-its-new-personal-ai-agent-muse-6402946)) / ,False,True,ACCEPTABLE,,ACCEPTABLE,N,N,,sonnet_w1_2026-10-06,
neg1_meta_b3prod_a2,1,"For now, Meta has pulled back the human concierge feature.",MUSE-HC-012,[VERIFIED] MUSE-HC-012: MetaのSuperintelligence Labs部門の副社長は、適切な開示なしに契約スタッフが電話をかけるテストを開始したことを「ミス」だったと認め、機能を当面ロールバックしたと社内投稿で説明した。 /   scope: Meta社内テストの人間コンシェルジュ機能 /   conditions: 適切な開示なしで契約スタッフが電話を担当していたテスト /   date_or_period: 2026年9月22日まで /   notes_for_writer: 「サービス全体を停止した」とは書かない。ロールバック対象は人間コンシェルジュ機能として扱う。 ([channelnewsasia.com](https://www.channelnewsasia.com/business/exclusive-meta-testing-human-concierge-its-new-personal-ai-agent-muse-6402946)) / ,False,True,ACCEPTABLE,,ACCEPTABLE,N,N,,sonnet_w1_2026-10-06,
neg1_meta_b3prod_a2,1,The test began without clearly telling users that contract workers would make the calls.,MUSE-HC-006,[VERIFIED] MUSE-HC-006: MetaはMuse経由の電話の一部について、AIではなく訓練を受けた人間の契約スタッフが電話をかけ、相手とのやり取りを完了させる「human concierge」「human agent calls」のテストを実施した。 /   scope: Muse経由で発信された電話の一部 /   conditions: Museから人間の訓練済みエージェントへ依頼が引き渡されるテスト条件 /   date_or_period: 2026年9月中旬 /   notes_for_writer: 全ての電話を人間が担当したとは書かない。「一部の電話」「テスト」と限定する。 ([channelnewsasia.com](https://www.channelnewsasia.com/business/exclusive-meta-testing-human-concierge-its-new-personal-ai-agent-muse-6402946)) / ,,,ACCEPTABLE,,ACCEPTABLE,N,N,,sonnet_w1_2026-10-06,
neg1_meta_b3prod_a2,1,"We must also know, at the start, who is on the other end.",MUSE-HC-010,[VERIFIED] MUSE-HC-010: Meta従業員は、人間の契約スタッフが電話を担当すると、電話中にユーザーの機微情報がコールセンターの契約スタッフへ意図せず共有される可能性があるとして、社内でプライバシー上の懸念を示した。 /   scope: 人間の契約スタッフがMuse経由の電話を担当するテスト /   conditions: 電話の遂行にユーザー情報が必要となる場合 /   date_or_period: 2026年9月中旬〜2026年9月22日 /   causal_strength: OBSERVED_REPORTED /   notes_for_writer: 懸念の存在を示す事実。実際の大規模な情報漏えいが発生したと断定しない。 ([channelnewsasia.com](https://www.channelnewsasia.com/business/exclusive-meta-testing-human-concierge-its-new-personal-ai-agent-muse-6402946)) / ,,,ACCEPTABLE,,ACCEPTABLE,N,N,,sonnet_w1_2026-10-06,
neg2_meta_refresh_a2,1,The problem was how users were told who was speaking.,MUSE-HC-012,[VERIFIED] MUSE-HC-012: MetaのSuperintelligence Labs部門の副社長は、適切な開示なしに契約スタッフが電話をかけるテストを開始したことを「ミス」だったと認め、機能を当面ロールバックしたと社内投稿で説明した。 /   scope: Meta社内テストの人間コンシェルジュ機能 /   conditions: 適切な開示なしで契約スタッフが電話を担当していたテスト /   date_or_period: 2026年9月22日まで /   notes_for_writer: 「サービス全体を停止した」とは書かない。ロールバック対象は人間コンシェルジュ機能として扱う。 ([channelnewsasia.com](https://www.channelnewsasia.com/business/exclusive-meta-testing-human-concierge-its-new-personal-ai-agent-muse-6402946)) / ,False,True,ACCEPTABLE,,ACCEPTABLE,N,N,,sonnet_w3_2026-10-06,
neg2_meta_refresh_a2,1,People who asked Muse to make a call might think AI was doing it.,MUSE-HC-012,[VERIFIED] MUSE-HC-012: MetaのSuperintelligence Labs部門の副社長は、適切な開示なしに契約スタッフが電話をかけるテストを開始したことを「ミス」だったと認め、機能を当面ロールバックしたと社内投稿で説明した。 /   scope: Meta社内テストの人間コンシェルジュ機能 /   conditions: 適切な開示なしで契約スタッフが電話を担当していたテスト /   date_or_period: 2026年9月22日まで /   notes_for_writer: 「サービス全体を停止した」とは書かない。ロールバック対象は人間コンシェルジュ機能として扱う。 ([channelnewsasia.com](https://www.channelnewsasia.com/business/exclusive-meta-testing-human-concierge-its-new-personal-ai-agent-muse-6402946)) / ,True,False,ACCEPTABLE,,ACCEPTABLE,N,N,,sonnet_w3_2026-10-06,
neg2_meta_refresh_a2,1,"If this was not explained clearly, users could not know if it was AI or a person.",MUSE-HC-012,[VERIFIED] MUSE-HC-012: MetaのSuperintelligence Labs部門の副社長は、適切な開示なしに契約スタッフが電話をかけるテストを開始したことを「ミス」だったと認め、機能を当面ロールバックしたと社内投稿で説明した。 /   scope: Meta社内テストの人間コンシェルジュ機能 /   conditions: 適切な開示なしで契約スタッフが電話を担当していたテスト /   date_or_period: 2026年9月22日まで /   notes_for_writer: 「サービス全体を停止した」とは書かない。ロールバック対象は人間コンシェルジュ機能として扱う。 ([channelnewsasia.com](https://www.channelnewsasia.com/business/exclusive-meta-testing-human-concierge-its-new-personal-ai-agent-muse-6402946)) / ,True,False,ACCEPTABLE,,ACCEPTABLE,N,N,,sonnet_w3_2026-10-06,
neg2_meta_refresh_a2,1,They enjoyed the ease of AI.,MUSE-HC-013,[VERIFIED] MUSE-HC-013: Metaの広報担当者Daniel Robertsは、従業員の反応は「圧倒的に肯定的」だったと述べ、テストの目的を、安全・プライバシー保護を実装し、公開前に機能を改善するためのフィードバック収集だと説明した。 /   scope: Meta従業員を対象とした人間コンシェルジュ機能のテスト /   conditions: Meta広報担当者によるReutersへの説明 /   date_or_period: 2026年9月22日 /   notes_for_writer: Meta広報担当者の説明として記録する。客観的なユーザー満足度の測定値とは扱わない。 ([channelnewsasia.com](https://www.channelnewsasia.com/business/exclusive-meta-testing-human-concierge-its-new-personal-ai-agent-muse-6402946)) / ,True,False,ACCEPTABLE,,ACCEPTABLE,N,N,,sonnet_w3_2026-10-06+fable_2026-10-06,
neg2_meta_refresh_a2,1,But they did not know that a human was on the other end.,MUSE-HC-012,[VERIFIED] MUSE-HC-012: MetaのSuperintelligence Labs部門の副社長は、適切な開示なしに契約スタッフが電話をかけるテストを開始したことを「ミス」だったと認め、機能を当面ロールバックしたと社内投稿で説明した。 /   scope: Meta社内テストの人間コンシェルジュ機能 /   conditions: 適切な開示なしで契約スタッフが電話を担当していたテスト /   date_or_period: 2026年9月22日まで /   notes_for_writer: 「サービス全体を停止した」とは書かない。ロールバック対象は人間コンシェルジュ機能として扱う。 ([channelnewsasia.com](https://www.channelnewsasia.com/business/exclusive-meta-testing-human-concierge-its-new-personal-ai-agent-muse-6402946)) / ,True,False,ACCEPTABLE,,ACCEPTABLE,N,N,,sonnet_w3_2026-10-06,
neg2_meta_refresh_a2,1,It said that human staff made inappropriate comments about race during calls to bargain over internet or cable fees.,MUSE-HC-011,[VERIFIED] MUSE-HC-011: Museにインターネット・ケーブル料金の交渉を依頼した従業員は、電話の記録に人間の契約スタッフによる人種に関する不適切な発言があったと報告した。 /   scope: インターネット・ケーブル料金交渉の1件として報道された事例 /   conditions: 人間の契約スタッフが電話を担当したケース /   numeric_value: 1件の従業員報告 (numeric_scope: 報道で紹介された個別事例) /   date_or_period: 2026年9月時点 /   causal_strength: OBSERVED_REPORTED /   notes_for_writer: 従業員の報告として記録する。契約スタッフ全体の行動や実験全体の性質へ一般化しない。 ([channelnewsasia.com](https://www.channelnewsasia.com/business/exclusive-meta-testing-human-concierge-its-new-personal-ai-agent-muse-6402946)) / ,True,False,QUALITY,deterministic_floor:changed_number,BLOCKING,N,N,N,sonnet_w3_2026-10-06,
neg2_meta_refresh_a2,1,"The company also changed the human concierge feature back to how it was before, at least for now.",MUSE-HC-012,[VERIFIED] MUSE-HC-012: MetaのSuperintelligence Labs部門の副社長は、適切な開示なしに契約スタッフが電話をかけるテストを開始したことを「ミス」だったと認め、機能を当面ロールバックしたと社内投稿で説明した。 /   scope: Meta社内テストの人間コンシェルジュ機能 /   conditions: 適切な開示なしで契約スタッフが電話を担当していたテスト /   date_or_period: 2026年9月22日まで /   notes_for_writer: 「サービス全体を停止した」とは書かない。ロールバック対象は人間コンシェルジュ機能として扱う。 ([channelnewsasia.com](https://www.channelnewsasia.com/business/exclusive-meta-testing-human-concierge-its-new-personal-ai-agent-muse-6402946)) / ,False,True,ACCEPTABLE,,ACCEPTABLE,N,N,,sonnet_w3_2026-10-06,
neg2_meta_refresh_a2,1,"But in some tests of its calling feature, trained human contract workers made the calls instead of AI.",MUSE-HC-011,[VERIFIED] MUSE-HC-011: Museにインターネット・ケーブル料金の交渉を依頼した従業員は、電話の記録に人間の契約スタッフによる人種に関する不適切な発言があったと報告した。 /   scope: インターネット・ケーブル料金交渉の1件として報道された事例 /   conditions: 人間の契約スタッフが電話を担当したケース /   numeric_value: 1件の従業員報告 (numeric_scope: 報道で紹介された個別事例) /   date_or_period: 2026年9月時点 /   causal_strength: OBSERVED_REPORTED /   notes_for_writer: 従業員の報告として記録する。契約スタッフ全体の行動や実験全体の性質へ一般化しない。 ([channelnewsasia.com](https://www.channelnewsasia.com/business/exclusive-meta-testing-human-concierge-its-new-personal-ai-agent-muse-6402946)) / ,,,ACCEPTABLE,,ACCEPTABLE,N,N,N,sonnet_w3_2026-10-06,
neg2_meta_refresh_a2,2,They enjoyed the ease of AI.,,,True,False,ACCEPTABLE,,ACCEPTABLE,N,N,,sonnet_w3_2026-10-06+fable_2026-10-06,
neg2_meta_refresh_a2,2,The problem was how users were told who was speaking.,MUSE-HC-012,[VERIFIED] MUSE-HC-012: MetaのSuperintelligence Labs部門の副社長は、適切な開示なしに契約スタッフが電話をかけるテストを開始したことを「ミス」だったと認め、機能を当面ロールバックしたと社内投稿で説明した。 /   scope: Meta社内テストの人間コンシェルジュ機能 /   conditions: 適切な開示なしで契約スタッフが電話を担当していたテスト /   date_or_period: 2026年9月22日まで /   notes_for_writer: 「サービス全体を停止した」とは書かない。ロールバック対象は人間コンシェルジュ機能として扱う。 ([channelnewsasia.com](https://www.channelnewsasia.com/business/exclusive-meta-testing-human-concierge-its-new-personal-ai-agent-muse-6402946)) / ,False,True,ACCEPTABLE,,ACCEPTABLE,N,N,,sonnet_w3_2026-10-06,
neg2_meta_refresh_a2,2,People who asked Muse to make a call might think AI was doing it.,MUSE-HC-012,[VERIFIED] MUSE-HC-012: MetaのSuperintelligence Labs部門の副社長は、適切な開示なしに契約スタッフが電話をかけるテストを開始したことを「ミス」だったと認め、機能を当面ロールバックしたと社内投稿で説明した。 /   scope: Meta社内テストの人間コンシェルジュ機能 /   conditions: 適切な開示なしで契約スタッフが電話を担当していたテスト /   date_or_period: 2026年9月22日まで /   notes_for_writer: 「サービス全体を停止した」とは書かない。ロールバック対象は人間コンシェルジュ機能として扱う。 ([channelnewsasia.com](https://www.channelnewsasia.com/business/exclusive-meta-testing-human-concierge-its-new-personal-ai-agent-muse-6402946)) / ,True,False,ACCEPTABLE,,ACCEPTABLE,N,N,,sonnet_w3_2026-10-06,
neg2_meta_refresh_a2,2,"If this was not explained clearly, users could not know if it was AI or a person.",MUSE-HC-012,[VERIFIED] MUSE-HC-012: MetaのSuperintelligence Labs部門の副社長は、適切な開示なしに契約スタッフが電話をかけるテストを開始したことを「ミス」だったと認め、機能を当面ロールバックしたと社内投稿で説明した。 /   scope: Meta社内テストの人間コンシェルジュ機能 /   conditions: 適切な開示なしで契約スタッフが電話を担当していたテスト /   date_or_period: 2026年9月22日まで /   notes_for_writer: 「サービス全体を停止した」とは書かない。ロールバック対象は人間コンシェルジュ機能として扱う。 ([channelnewsasia.com](https://www.channelnewsasia.com/business/exclusive-meta-testing-human-concierge-its-new-personal-ai-agent-muse-6402946)) / ,True,False,ACCEPTABLE,,ACCEPTABLE,N,N,,sonnet_w3_2026-10-06,
neg2_meta_refresh_a2,2,But they did not know that a human was on the other end.,MUSE-HC-012,[VERIFIED] MUSE-HC-012: MetaのSuperintelligence Labs部門の副社長は、適切な開示なしに契約スタッフが電話をかけるテストを開始したことを「ミス」だったと認め、機能を当面ロールバックしたと社内投稿で説明した。 /   scope: Meta社内テストの人間コンシェルジュ機能 /   conditions: 適切な開示なしで契約スタッフが電話を担当していたテスト /   date_or_period: 2026年9月22日まで /   notes_for_writer: 「サービス全体を停止した」とは書かない。ロールバック対象は人間コンシェルジュ機能として扱う。 ([channelnewsasia.com](https://www.channelnewsasia.com/business/exclusive-meta-testing-human-concierge-its-new-personal-ai-agent-muse-6402946)) / ,True,False,ACCEPTABLE,,ACCEPTABLE,N,N,,sonnet_w3_2026-10-06,
neg2_meta_refresh_a2,2,"The company also changed the human concierge feature back to how it was before, at least for now.",MUSE-HC-012,[VERIFIED] MUSE-HC-012: MetaのSuperintelligence Labs部門の副社長は、適切な開示なしに契約スタッフが電話をかけるテストを開始したことを「ミス」だったと認め、機能を当面ロールバックしたと社内投稿で説明した。 /   scope: Meta社内テストの人間コンシェルジュ機能 /   conditions: 適切な開示なしで契約スタッフが電話を担当していたテスト /   date_or_period: 2026年9月22日まで /   notes_for_writer: 「サービス全体を停止した」とは書かない。ロールバック対象は人間コンシェルジュ機能として扱う。 ([channelnewsasia.com](https://www.channelnewsasia.com/business/exclusive-meta-testing-human-concierge-its-new-personal-ai-agent-muse-6402946)) / ,False,True,ACCEPTABLE,,ACCEPTABLE,N,N,,sonnet_w3_2026-10-06,
neg3_hormuz_prodrunner_b1b,1,"This time, the fee plan left the stage, but the price did not leave with it.",HF-007,[VERIFIED] HF-007: トランプ大統領は7月14日午前11時4分（米東部夏時間）、20％の米国償還料を、湾岸諸国による対米貿易・投資案件に置き換えると投稿した。 /   scope: 7月13日に提案したホルムズ海峡通航貨物への20％償還料 /   conditions: トランプ氏は、中東指導者との「非常に生産的な協議」に基づく決定だと説明した。 /   numeric_value: 20% (numeric_scope: 撤回・置換対象となった償還率) /   date_or_period: 2026-07-14 11:04 EDT /   causal_strength: CAUSAL_STATED_BY_SOURCE /   notes_for_writer: この投稿は7月13日の提案から約24時間48分後。Ledger上では必ず7月13日の提案より後に位置付ける。 / ,False,True,ACCEPTABLE,,ACCEPTABLE,N,N,,sonnet_w3_2026-10-06,
neg3_hormuz_prodrunner_b1b,1,Trump said the change was based on “very productive discussions” with Middle Eastern leaders.,HF-007,[VERIFIED] HF-007: トランプ大統領は7月14日午前11時4分（米東部夏時間）、20％の米国償還料を、湾岸諸国による対米貿易・投資案件に置き換えると投稿した。 /   scope: 7月13日に提案したホルムズ海峡通航貨物への20％償還料 /   conditions: トランプ氏は、中東指導者との「非常に生産的な協議」に基づく決定だと説明した。 /   numeric_value: 20% (numeric_scope: 撤回・置換対象となった償還率) /   date_or_period: 2026-07-14 11:04 EDT /   causal_strength: CAUSAL_STATED_BY_SOURCE /   notes_for_writer: この投稿は7月13日の提案から約24時間48分後。Ledger上では必ず7月13日の提案より後に位置付ける。 / ,False,True,ACCEPTABLE,,ACCEPTABLE,N,N,,sonnet_w3_2026-10-06,
neg3_hormuz_prodrunner_b1b,1,"Normally, removing the fee plan would seem likely to calm oil prices.",HF-009,[VERIFIED] HF-009: Yahoo Financeは、7月14日の撤回・投資案件への置換発表後、Brent先物が一時的に上げ幅を縮小したものの、ほどなく発表前に近い高い水準へ戻ったと報じた。記事掲載時点ではBrent先物は約2.6％高で、1バレル85ドルを上回っていた。 /   scope: 国際指標Brent原油先物の短時間の値動き /   conditions: 撤回発表以外にも、米・イラン間の攻撃、海上封鎖、タンカー安全上の懸念が継続していた。 /   numeric_value: 約 +2.6%、$85/バレル超 (numeric_scope: 記事掲載時点のリアルタイムに近い価格スナップショット。日中高値でも終値でもない) /   date_or_period: 2026-07-14、撤回発表後の取引時間中 /   causal_strength: CAUSAL_STATED_BY_SOURCE /   notes_for_writer: 撤回後に原油価格が全面的に下落したとは書かない。観測されたのは一時的な上げ幅縮小と、その後の回復。 / ,True,False,ACCEPTABLE,,ACCEPTABLE,N,N,Y,sonnet_w3_2026-10-06,
neg3_hormuz_prodrunner_b1b,1,The lesson is that changing the words in an announcement does not always change the price in the same way.,HF-009,[VERIFIED] HF-009: Yahoo Financeは、7月14日の撤回・投資案件への置換発表後、Brent先物が一時的に上げ幅を縮小したものの、ほどなく発表前に近い高い水準へ戻ったと報じた。記事掲載時点ではBrent先物は約2.6％高で、1バレル85ドルを上回っていた。 /   scope: 国際指標Brent原油先物の短時間の値動き /   conditions: 撤回発表以外にも、米・イラン間の攻撃、海上封鎖、タンカー安全上の懸念が継続していた。 /   numeric_value: 約 +2.6%、$85/バレル超 (numeric_scope: 記事掲載時点のリアルタイムに近い価格スナップショット。日中高値でも終値でもない) /   date_or_period: 2026-07-14、撤回発表後の取引時間中 /   causal_strength: CAUSAL_STATED_BY_SOURCE /   notes_for_writer: 撤回後に原油価格が全面的に下落したとは書かない。観測されたのは一時的な上げ幅縮小と、その後の回復。 / ,True,False,ACCEPTABLE,,ACCEPTABLE,N,N,Y,sonnet_w3_2026-10-06,
neg3_hormuz_prodrunner_b1b,1,"The fee plan left the stage, but the events driving oil prices—and the prices themselves—quickly returned.",HF-009,[VERIFIED] HF-009: Yahoo Financeは、7月14日の撤回・投資案件への置換発表後、Brent先物が一時的に上げ幅を縮小したものの、ほどなく発表前に近い高い水準へ戻ったと報じた。記事掲載時点ではBrent先物は約2.6％高で、1バレル85ドルを上回っていた。 /   scope: 国際指標Brent原油先物の短時間の値動き /   conditions: 撤回発表以外にも、米・イラン間の攻撃、海上封鎖、タンカー安全上の懸念が継続していた。 /   numeric_value: 約 +2.6%、$85/バレル超 (numeric_scope: 記事掲載時点のリアルタイムに近い価格スナップショット。日中高値でも終値でもない) /   date_or_period: 2026-07-14、撤回発表後の取引時間中 /   causal_strength: CAUSAL_STATED_BY_SOURCE /   notes_for_writer: 撤回後に原油価格が全面的に下落したとは書かない。観測されたのは一時的な上げ幅縮小と、その後の回復。 / ,True,False,BLOCKING,,BLOCKING,Y,Y,Y,sonnet_w3_2026-10-06,
neg3_hormuz_prodrunner_b1b,1,"The fee plan may be replaced, but events continuing at the same time do not simply disappear backstage because of one announcement.",HF-007,[VERIFIED] HF-007: トランプ大統領は7月14日午前11時4分（米東部夏時間）、20％の米国償還料を、湾岸諸国による対米貿易・投資案件に置き換えると投稿した。 /   scope: 7月13日に提案したホルムズ海峡通航貨物への20％償還料 /   conditions: トランプ氏は、中東指導者との「非常に生産的な協議」に基づく決定だと説明した。 /   numeric_value: 20% (numeric_scope: 撤回・置換対象となった償還率) /   date_or_period: 2026-07-14 11:04 EDT /   causal_strength: CAUSAL_STATED_BY_SOURCE /   notes_for_writer: この投稿は7月13日の提案から約24時間48分後。Ledger上では必ず7月13日の提案より後に位置付ける。 / ,,,ACCEPTABLE,,ACCEPTABLE,N,N,,sonnet_w3_2026-10-06,
neg3_hormuz_prodrunner_b1b,2,"The fee plan may be replaced, but events continuing at the same time do not simply disappear backstage because of one announcement.",HF-009,[VERIFIED] HF-009: Yahoo Financeは、7月14日の撤回・投資案件への置換発表後、Brent先物が一時的に上げ幅を縮小したものの、ほどなく発表前に近い高い水準へ戻ったと報じた。記事掲載時点ではBrent先物は約2.6％高で、1バレル85ドルを上回っていた。 /   scope: 国際指標Brent原油先物の短時間の値動き /   conditions: 撤回発表以外にも、米・イラン間の攻撃、海上封鎖、タンカー安全上の懸念が継続していた。 /   numeric_value: 約 +2.6%、$85/バレル超 (numeric_scope: 記事掲載時点のリアルタイムに近い価格スナップショット。日中高値でも終値でもない) /   date_or_period: 2026-07-14、撤回発表後の取引時間中 /   causal_strength: CAUSAL_STATED_BY_SOURCE /   notes_for_writer: 撤回後に原油価格が全面的に下落したとは書かない。観測されたのは一時的な上げ幅縮小と、その後の回復。 / ,,,ACCEPTABLE,,ACCEPTABLE,N,N,,sonnet_w3_2026-10-06,
neg3_hormuz_prodrunner_b1b,2,"The fee plan left the stage, but the prices themselves quickly returned.",HF-009,[VERIFIED] HF-009: Yahoo Financeは、7月14日の撤回・投資案件への置換発表後、Brent先物が一時的に上げ幅を縮小したものの、ほどなく発表前に近い高い水準へ戻ったと報じた。記事掲載時点ではBrent先物は約2.6％高で、1バレル85ドルを上回っていた。 /   scope: 国際指標Brent原油先物の短時間の値動き /   conditions: 撤回発表以外にも、米・イラン間の攻撃、海上封鎖、タンカー安全上の懸念が継続していた。 /   numeric_value: 約 +2.6%、$85/バレル超 (numeric_scope: 記事掲載時点のリアルタイムに近い価格スナップショット。日中高値でも終値でもない) /   date_or_period: 2026-07-14、撤回発表後の取引時間中 /   causal_strength: CAUSAL_STATED_BY_SOURCE /   notes_for_writer: 撤回後に原油価格が全面的に下落したとは書かない。観測されたのは一時的な上げ幅縮小と、その後の回復。 / ,,,ACCEPTABLE,,ACCEPTABLE,UNLABELED,N,,sonnet_w3_2026-10-06,
neg3_hormuz_prodrunner_b1b,3,"This time, the fee plan left the stage, but the price did not leave with it.",HF-009,[VERIFIED] HF-009: Yahoo Financeは、7月14日の撤回・投資案件への置換発表後、Brent先物が一時的に上げ幅を縮小したものの、ほどなく発表前に近い高い水準へ戻ったと報じた。記事掲載時点ではBrent先物は約2.6％高で、1バレル85ドルを上回っていた。 /   scope: 国際指標Brent原油先物の短時間の値動き /   conditions: 撤回発表以外にも、米・イラン間の攻撃、海上封鎖、タンカー安全上の懸念が継続していた。 /   numeric_value: 約 +2.6%、$85/バレル超 (numeric_scope: 記事掲載時点のリアルタイムに近い価格スナップショット。日中高値でも終値でもない) /   date_or_period: 2026-07-14、撤回発表後の取引時間中 /   causal_strength: CAUSAL_STATED_BY_SOURCE /   notes_for_writer: 撤回後に原油価格が全面的に下落したとは書かない。観測されたのは一時的な上げ幅縮小と、その後の回復。 / ,False,True,QUALITY,,QUALITY,N,N,,sonnet_w3_2026-10-06,
neg3_hormuz_prodrunner_b1b,3,"On July 13, Trump posted that all cargo passing through the Strait of Hormuz should provide a 20 percent reimbursement.",HF-003,[VERIFIED] HF-003: 7月13日の20％償還料の投稿および同日の発言では、徴収主体、支払義務者、評価方法、徴収通貨、免除、執行方法、法的根拠などの具体的制度設計は示されなかった。 /   scope: ホルムズ海峡の貨物通航に対する米国の償還料案 /   numeric_value: 20% (numeric_scope: 提案された率のみが示され、算定・徴収方法は未提示) /   date_or_period: 2026-07-13 /   notes_for_writer: 「米国が20％通航料を導入した」と確定形で書かず、「提案した」「徴収方針を表明した」とする。 / ,,,ACCEPTABLE,s1_second_opinion_blocking,BLOCKING,UNLABELED,N,N,sonnet_w3_2026-10-06,
neg3_hormuz_prodrunner_b1b,3,"A large number suddenly appeared, making the proposal the story’s new lead.",HF-002,[VERIFIED] HF-002: ドナルド・トランプ米大統領は7月13日午前10時16分（米東部夏時間）、米国がホルムズ海峡の安全確保に要する費用について、同海峡を通るすべての貨物に20％の率で償還を求めると投稿した。 /   scope: ホルムズ海峡を通じて輸送される「すべての貨物」 /   conditions: 米国が海峡の安全と警備を提供するための費用の償還として提示。投稿は手続きと体制づくりを直ちに開始するとした。 /   numeric_value: 20% (numeric_scope: 投稿上の償還率。課税標準または算定基礎は明記されていない。) /   date_or_period: 2026-07-13 10:16 EDT /   notes_for_writer: 7月13日の提案が先で、7月14日の撤回・置換が後。7月14日の出来事を7月13日の価格上昇の原因として扱わない。 / ,,,ACCEPTABLE,,ACCEPTABLE,UNLABELED,N,,sonnet_w3_2026-10-06,
neg3_hormuz_prodrunner_b1b,3,"During that period, attacks between the United States and Iran, a sea blockade, and concerns about tanker safety continued.",HF-009,[VERIFIED] HF-009: Yahoo Financeは、7月14日の撤回・投資案件への置換発表後、Brent先物が一時的に上げ幅を縮小したものの、ほどなく発表前に近い高い水準へ戻ったと報じた。記事掲載時点ではBrent先物は約2.6％高で、1バレル85ドルを上回っていた。 /   scope: 国際指標Brent原油先物の短時間の値動き /   conditions: 撤回発表以外にも、米・イラン間の攻撃、海上封鎖、タンカー安全上の懸念が継続していた。 /   numeric_value: 約 +2.6%、$85/バレル超 (numeric_scope: 記事掲載時点のリアルタイムに近い価格スナップショット。日中高値でも終値でもない) /   date_or_period: 2026-07-14、撤回発表後の取引時間中 /   causal_strength: CAUSAL_STATED_BY_SOURCE /   notes_for_writer: 撤回後に原油価格が全面的に下落したとは書かない。観測されたのは一時的な上げ幅縮小と、その後の回復。 / ,,,ACCEPTABLE,,ACCEPTABLE,UNLABELED,N,,sonnet_w3_2026-10-06,
neg3_hormuz_prodrunner_b1b,3,Trump said the change was based on “very productive discussions” with Middle Eastern leaders.,HF-007,[VERIFIED] HF-007: トランプ大統領は7月14日午前11時4分（米東部夏時間）、20％の米国償還料を、湾岸諸国による対米貿易・投資案件に置き換えると投稿した。 /   scope: 7月13日に提案したホルムズ海峡通航貨物への20％償還料 /   conditions: トランプ氏は、中東指導者との「非常に生産的な協議」に基づく決定だと説明した。 /   numeric_value: 20% (numeric_scope: 撤回・置換対象となった償還率) /   date_or_period: 2026-07-14 11:04 EDT /   causal_strength: CAUSAL_STATED_BY_SOURCE /   notes_for_writer: この投稿は7月13日の提案から約24時間48分後。Ledger上では必ず7月13日の提案より後に位置付ける。 / ,False,True,ACCEPTABLE,,ACCEPTABLE,N,N,,sonnet_w3_2026-10-06,
neg3_hormuz_prodrunner_b1b,3,"Normally, removing the fee plan would seem likely to calm oil prices.",HF-009,[VERIFIED] HF-009: Yahoo Financeは、7月14日の撤回・投資案件への置換発表後、Brent先物が一時的に上げ幅を縮小したものの、ほどなく発表前に近い高い水準へ戻ったと報じた。記事掲載時点ではBrent先物は約2.6％高で、1バレル85ドルを上回っていた。 /   scope: 国際指標Brent原油先物の短時間の値動き /   conditions: 撤回発表以外にも、米・イラン間の攻撃、海上封鎖、タンカー安全上の懸念が継続していた。 /   numeric_value: 約 +2.6%、$85/バレル超 (numeric_scope: 記事掲載時点のリアルタイムに近い価格スナップショット。日中高値でも終値でもない) /   date_or_period: 2026-07-14、撤回発表後の取引時間中 /   causal_strength: CAUSAL_STATED_BY_SOURCE /   notes_for_writer: 撤回後に原油価格が全面的に下落したとは書かない。観測されたのは一時的な上げ幅縮小と、その後の回復。 / ,True,False,ACCEPTABLE,,ACCEPTABLE,N,N,,sonnet_w3_2026-10-06,
neg3_hormuz_prodrunner_b1b,3,The lesson is that changing the words in an announcement does not always change the price in the same way.,HF-009,[VERIFIED] HF-009: Yahoo Financeは、7月14日の撤回・投資案件への置換発表後、Brent先物が一時的に上げ幅を縮小したものの、ほどなく発表前に近い高い水準へ戻ったと報じた。記事掲載時点ではBrent先物は約2.6％高で、1バレル85ドルを上回っていた。 /   scope: 国際指標Brent原油先物の短時間の値動き /   conditions: 撤回発表以外にも、米・イラン間の攻撃、海上封鎖、タンカー安全上の懸念が継続していた。 /   numeric_value: 約 +2.6%、$85/バレル超 (numeric_scope: 記事掲載時点のリアルタイムに近い価格スナップショット。日中高値でも終値でもない) /   date_or_period: 2026-07-14、撤回発表後の取引時間中 /   causal_strength: CAUSAL_STATED_BY_SOURCE /   notes_for_writer: 撤回後に原油価格が全面的に下落したとは書かない。観測されたのは一時的な上げ幅縮小と、その後の回復。 / ,True,False,ACCEPTABLE,,ACCEPTABLE,N,N,,sonnet_w3_2026-10-06,
neg3_hormuz_prodrunner_b1b,3,"The fee plan may be replaced, but events continuing at the same time do not simply disappear backstage because of one announcement.",HF-009,[VERIFIED] HF-009: Yahoo Financeは、7月14日の撤回・投資案件への置換発表後、Brent先物が一時的に上げ幅を縮小したものの、ほどなく発表前に近い高い水準へ戻ったと報じた。記事掲載時点ではBrent先物は約2.6％高で、1バレル85ドルを上回っていた。 /   scope: 国際指標Brent原油先物の短時間の値動き /   conditions: 撤回発表以外にも、米・イラン間の攻撃、海上封鎖、タンカー安全上の懸念が継続していた。 /   numeric_value: 約 +2.6%、$85/バレル超 (numeric_scope: 記事掲載時点のリアルタイムに近い価格スナップショット。日中高値でも終値でもない) /   date_or_period: 2026-07-14、撤回発表後の取引時間中 /   causal_strength: CAUSAL_STATED_BY_SOURCE /   notes_for_writer: 撤回後に原油価格が全面的に下落したとは書かない。観測されたのは一時的な上げ幅縮小と、その後の回復。 / ,,,ACCEPTABLE,,ACCEPTABLE,N,N,,sonnet_w3_2026-10-06,
neg3_hormuz_prodrunner_b1b,3,"The fee plan left the stage, but the prices themselves quickly returned.",HF-009,[VERIFIED] HF-009: Yahoo Financeは、7月14日の撤回・投資案件への置換発表後、Brent先物が一時的に上げ幅を縮小したものの、ほどなく発表前に近い高い水準へ戻ったと報じた。記事掲載時点ではBrent先物は約2.6％高で、1バレル85ドルを上回っていた。 /   scope: 国際指標Brent原油先物の短時間の値動き /   conditions: 撤回発表以外にも、米・イラン間の攻撃、海上封鎖、タンカー安全上の懸念が継続していた。 /   numeric_value: 約 +2.6%、$85/バレル超 (numeric_scope: 記事掲載時点のリアルタイムに近い価格スナップショット。日中高値でも終値でもない) /   date_or_period: 2026-07-14、撤回発表後の取引時間中 /   causal_strength: CAUSAL_STATED_BY_SOURCE /   notes_for_writer: 撤回後に原油価格が全面的に下落したとは書かない。観測されたのは一時的な上げ幅縮小と、その後の回復。 / ,,,ACCEPTABLE,,ACCEPTABLE,UNLABELED,N,,sonnet_w3_2026-10-06,
neg3_hormuz_prodrunner_b1b,4,"This time, the fee plan left the stage, but the price did not leave with it.",HF-007,[VERIFIED] HF-007: トランプ大統領は7月14日午前11時4分（米東部夏時間）、20％の米国償還料を、湾岸諸国による対米貿易・投資案件に置き換えると投稿した。 /   scope: 7月13日に提案したホルムズ海峡通航貨物への20％償還料 /   conditions: トランプ氏は、中東指導者との「非常に生産的な協議」に基づく決定だと説明した。 /   numeric_value: 20% (numeric_scope: 撤回・置換対象となった償還率) /   date_or_period: 2026-07-14 11:04 EDT /   causal_strength: CAUSAL_STATED_BY_SOURCE /   notes_for_writer: この投稿は7月13日の提案から約24時間48分後。Ledger上では必ず7月13日の提案より後に位置付ける。 / ,False,True,ACCEPTABLE,,ACCEPTABLE,N,N,,sonnet_w3_2026-10-06,
neg3_hormuz_prodrunner_b1b,4,"A large number suddenly appeared, making the proposal the story’s new lead.",HF-002,[VERIFIED] HF-002: ドナルド・トランプ米大統領は7月13日午前10時16分（米東部夏時間）、米国がホルムズ海峡の安全確保に要する費用について、同海峡を通るすべての貨物に20％の率で償還を求めると投稿した。 /   scope: ホルムズ海峡を通じて輸送される「すべての貨物」 /   conditions: 米国が海峡の安全と警備を提供するための費用の償還として提示。投稿は手続きと体制づくりを直ちに開始するとした。 /   numeric_value: 20% (numeric_scope: 投稿上の償還率。課税標準または算定基礎は明記されていない。) /   date_or_period: 2026-07-13 10:16 EDT /   notes_for_writer: 7月13日の提案が先で、7月14日の撤回・置換が後。7月14日の出来事を7月13日の価格上昇の原因として扱わない。 / ,,,ACCEPTABLE,,ACCEPTABLE,UNLABELED,N,,sonnet_w3_2026-10-06,
neg7_meta_prodrunner_b1b,1,"In this convenient future, the AI on your screen handles everything for you.",MUSE-HC-002,[VERIFIED] MUSE-HC-002: Metaの説明では、Museは専用のクラウド仮想マシン「Muse Secure VM」上で動作し、ブラウザーを開く、フォームに入力する、ユーザーに代わって交渉するなどの作業を実行できる。 /   scope: Museの公式製品設計・機能説明 /   conditions: Museに必要な権限が付与され、対象サービスへ接続されている場合 /   date_or_period: 2026年9月8日時点 /   notes_for_writer: 機能の存在を示す事実。実際の性能や成功率を示す事実ではない。 ([about.fb.com](https://about.fb.com/news/2026/09/introducing-muse-personal-ai-agent/)) / ,True,False,QUALITY,,QUALITY,Y,N,,sonnet_w2_2026-10-06+fable_2026-10-06,
neg7_meta_prodrunner_b1b,1,Some calls through Muse were not made by AI at all.,MUSE-HC-006,[VERIFIED] MUSE-HC-006: MetaはMuse経由の電話の一部について、AIではなく訓練を受けた人間の契約スタッフが電話をかけ、相手とのやり取りを完了させる「human concierge」「human agent calls」のテストを実施した。 /   scope: Muse経由で発信された電話の一部 /   conditions: Museから人間の訓練済みエージェントへ依頼が引き渡されるテスト条件 /   date_or_period: 2026年9月中旬 /   notes_for_writer: 全ての電話を人間が担当したとは書かない。「一部の電話」「テスト」と限定する。 ([channelnewsasia.com](https://www.channelnewsasia.com/business/exclusive-meta-testing-human-concierge-its-new-personal-ai-agent-muse-6402946)) / ,False,True,ACCEPTABLE,,ACCEPTABLE,N,N,,sonnet_w2_2026-10-06,
neg7_meta_prodrunner_b1b,1,The issue was not that humans handled calls.,MUSE-HC-010,[VERIFIED] MUSE-HC-010: Meta従業員は、人間の契約スタッフが電話を担当すると、電話中にユーザーの機微情報がコールセンターの契約スタッフへ意図せず共有される可能性があるとして、社内でプライバシー上の懸念を示した。 /   scope: 人間の契約スタッフがMuse経由の電話を担当するテスト /   conditions: 電話の遂行にユーザー情報が必要となる場合 /   date_or_period: 2026年9月中旬〜2026年9月22日 /   causal_strength: OBSERVED_REPORTED /   notes_for_writer: 懸念の存在を示す事実。実際の大規模な情報漏えいが発生したと断定しない。 ([channelnewsasia.com](https://www.channelnewsasia.com/business/exclusive-meta-testing-human-concierge-its-new-personal-ai-agent-muse-6402946)) / ,True,False,ACCEPTABLE,,QUALITY,N,N,,sonnet_w2_2026-10-06,
neg7_meta_prodrunner_b1b,1,No large information leak was confirmed.,MUSE-HC-010,[VERIFIED] MUSE-HC-010: Meta従業員は、人間の契約スタッフが電話を担当すると、電話中にユーザーの機微情報がコールセンターの契約スタッフへ意図せず共有される可能性があるとして、社内でプライバシー上の懸念を示した。 /   scope: 人間の契約スタッフがMuse経由の電話を担当するテスト /   conditions: 電話の遂行にユーザー情報が必要となる場合 /   date_or_period: 2026年9月中旬〜2026年9月22日 /   causal_strength: OBSERVED_REPORTED /   notes_for_writer: 懸念の存在を示す事実。実際の大規模な情報漏えいが発生したと断定しない。 ([channelnewsasia.com](https://www.channelnewsasia.com/business/exclusive-meta-testing-human-concierge-its-new-personal-ai-agent-muse-6402946)) / ,True,False,ACCEPTABLE,,ACCEPTABLE,N,N,,sonnet_w2_2026-10-06,
neg7_meta_prodrunner_b1b,1,Meta then temporarily put the human-call feature back on hold.,MUSE-HC-012,[VERIFIED] MUSE-HC-012: MetaのSuperintelligence Labs部門の副社長は、適切な開示なしに契約スタッフが電話をかけるテストを開始したことを「ミス」だったと認め、機能を当面ロールバックしたと社内投稿で説明した。 /   scope: Meta社内テストの人間コンシェルジュ機能 /   conditions: 適切な開示なしで契約スタッフが電話を担当していたテスト /   date_or_period: 2026年9月22日まで /   notes_for_writer: 「サービス全体を停止した」とは書かない。ロールバック対象は人間コンシェルジュ機能として扱う。 ([channelnewsasia.com](https://www.channelnewsasia.com/business/exclusive-meta-testing-human-concierge-its-new-personal-ai-agent-muse-6402946)) / ,False,True,ACCEPTABLE,,ACCEPTABLE,N,N,,sonnet_w2_2026-10-06,
