article,arm,k,failed,error,cost_jpy,output_tokens,reasoning_tokens,input_tokens,n_deviations,n_major,n_major_primary,n_minor,unverified_primary_paired,unverified_all_major_paired,unverified_primary_english_only,unverified_all_major_english_only,major_fact_ids,blocking_total,blocking_detected,reference_total,reference_detected,false_pass,major_with_empty_spans,array_elements_total,array_elements_non_verbatim,array_element_mean_len
bgroup_B4,ctl,1,False,,0.4456,4335,4066,6728,1,1,1,0,0,0,0,0,"[""MUSE-HC-006""]",1,0,0,0,False,0,0,0,
bgroup_B4,ctl,2,False,,0.6549,8214,7659,6728,2,2,2,0,0,0,0,0,"[""MUSE-HC-006"", ""MUSE-HC-010""]",1,0,0,0,False,0,0,0,
bgroup_B4,ctl,3,False,,0.5526,6910,6391,6728,3,3,2,0,0,0,0,0,"[""MUSE-HC-006"", ""MUSE-HC-010""]",1,0,0,0,False,0,0,0,
bgroup_B4,trt,1,False,,0.5443,5434,4927,7526,2,2,2,0,0,0,0,0,"[""MUSE-HC-006"", ""MUSE-HC-010""]",1,0,0,0,False,0,2,0,125.0
bgroup_B4,trt,2,False,,0.8709,10952,10150,7526,5,5,3,0,0,0,0,0,"[""MUSE-HC-006"", ""MUSE-HC-010""]",1,0,0,0,False,0,4,0,72.0
bgroup_B4,trt,3,False,,0.3827,4728,4395,7526,3,3,1,0,0,0,0,0,"[""MUSE-HC-006""]",1,0,0,0,False,0,1,0,64.0
hormuz_run03_standard,ctl,1,False,,0.466,4599,4297,6707,5,5,1,0,0,0,0,0,"[""HF-009""]",1,1,0,0,False,0,0,0,
hormuz_run03_standard,ctl,2,False,,0.4505,5609,5307,6707,6,6,1,0,0,0,0,0,"[""HF-009""]",1,1,0,0,False,0,0,0,
hormuz_run03_standard,ctl,3,False,,0.4112,5108,4838,6707,4,4,1,0,0,0,0,0,"[""HF-009""]",1,1,0,0,False,0,0,0,
hormuz_run03_standard,trt,1,False,,0.2147,1236,1211,7505,0,0,0,0,0,0,0,0,[],1,0,0,0,True,0,0,0,
hormuz_run03_standard,trt,2,False,,0.255,3100,2827,7505,4,4,1,0,0,0,0,0,"[""HF-009""]",1,1,0,0,False,0,1,0,77.0
hormuz_run03_standard,trt,3,False,,0.1111,1266,1241,7505,0,0,0,0,0,0,0,0,[],1,0,0,0,True,0,0,0,
meta_run03_standard,ctl,1,False,,0.3996,3746,3375,6740,1,1,1,0,0,0,0,0,"[""MUSE-HC-012""]",1,1,1,0,False,0,0,0,
meta_run03_standard,ctl,2,False,,0.4181,5195,4811,6740,3,0,0,3,0,0,0,0,[],1,0,1,0,True,0,0,0,
meta_run03_standard,ctl,3,False,,0.2796,3429,3106,6740,5,5,1,0,0,0,0,0,"[""MUSE-HC-012""]",1,1,1,0,False,0,0,0,
meta_run03_standard,trt,1,False,,0.4392,4091,3672,7538,4,0,0,4,0,0,0,0,[],1,0,1,0,True,0,4,0,38.5
meta_run03_standard,trt,2,False,,0.694,8696,8025,7538,7,7,2,0,0,0,0,0,"[""MUSE-HC-011"", ""MUSE-HC-012""]",1,1,1,0,False,0,4,0,44.5
meta_run03_standard,trt,3,False,,0.3139,3851,3826,7538,0,0,0,0,0,0,0,0,[],1,0,1,0,True,0,0,0,
neg1_meta_b3prod_a2,ctl,1,False,,0.3121,2613,2588,6828,0,0,0,0,0,0,0,0,[],0,0,0,0,False,0,0,0,
neg1_meta_b3prod_a2,ctl,2,False,,0.5326,6653,6040,6828,7,7,2,0,0,0,0,0,"[""MUSE-HC-006"", ""MUSE-HC-012""]",0,0,0,0,False,0,0,0,
neg1_meta_b3prod_a2,ctl,3,False,,0.3989,4948,4660,6828,3,3,1,0,0,0,0,0,"[""MUSE-HC-006""]",0,0,0,0,False,0,0,0,
neg1_meta_b3prod_a2,trt,1,False,,0.5565,5570,5178,7626,1,1,1,0,0,0,0,0,"[""MUSE-HC-006""]",0,0,0,0,False,0,3,0,78.0
neg1_meta_b3prod_a2,trt,2,False,,0.6482,8111,7408,7626,5,5,2,0,0,0,0,0,"[""MUSE-HC-006""]",0,0,0,0,False,0,3,0,99.0
neg1_meta_b3prod_a2,trt,3,False,,0.3267,4012,3624,7626,1,1,1,0,0,0,0,0,"[""MUSE-HC-006""]",0,0,0,0,False,0,4,0,76.0
safety_A4,ctl,1,False,,0.513,5211,4411,6647,5,5,3,0,0,0,0,0,"[""MUSE-HC-006"", ""MUSE-HC-010"", ""MUSE-HC-012""]",2,2,0,0,False,0,0,0,
safety_A4,ctl,2,False,,0.6629,8317,7390,6647,9,9,3,0,0,0,0,0,"[""MUSE-HC-006"", ""MUSE-HC-010""]",2,1,0,0,False,0,0,0,
safety_A4,ctl,3,False,,0.5741,7186,6586,6647,5,5,2,0,0,0,0,0,"[""MUSE-HC-006"", ""MUSE-HC-010""]",2,1,0,0,False,0,0,0,
safety_A4,trt,1,False,,0.5885,6013,5178,7445,4,4,3,0,0,0,0,0,"[""MUSE-HC-004"", ""MUSE-HC-006"", ""MUSE-HC-010""]",2,1,0,0,False,0,5,0,57.0
safety_A4,trt,2,False,,0.4951,6162,5696,7445,3,3,2,0,0,0,0,0,"[""MUSE-HC-004"", ""MUSE-HC-010""]",2,0,0,0,False,0,2,0,33.0
safety_A4,trt,3,False,,0.6779,8493,7690,7445,6,6,3,0,0,0,0,0,"[""MUSE-HC-006"", ""MUSE-HC-010"", ""MUSE-HC-012""]",2,2,0,0,False,0,3,0,58.7
safety_er009_changed_number,ctl,1,False,,0.1554,693,473,6440,1,1,1,0,0,0,0,0,"[""F-002""]",1,1,0,0,False,0,0,0,
safety_er009_changed_number,ctl,2,False,,0.1124,1303,1018,6440,1,1,1,0,0,0,0,0,"[""F-002""]",1,1,0,0,False,0,0,0,
safety_er009_changed_number,ctl,3,False,,0.0836,937,714,6440,1,1,1,0,0,0,0,0,"[""F-002""]",1,1,0,0,False,0,0,0,
safety_er009_changed_number,trt,1,False,,0.16,592,396,7238,1,1,1,0,0,0,0,0,"[""F-002""]",1,1,0,0,False,0,1,0,20.0
safety_er009_changed_number,trt,2,False,,0.1515,1786,1552,7238,1,1,1,0,0,0,0,0,"[""F-002""]",1,1,0,0,False,0,1,0,41.0
safety_er009_changed_number,trt,3,False,,0.1393,1630,1389,7238,1,1,1,0,0,0,0,0,"[""F-002""]",1,1,0,0,False,0,1,0,20.0
