row,unique_id,run,dir,era,instance,cycle,k,phase,stage1_fixture_replay,checker_lang,claim,article_nearest(逐語),diff,main_class,sub_class,secondary_class,diagnostic(自動・範囲確定には使わない),final_state,stage4_reason,rewrite_method,current_target_judgement(目視),next_cycle_same_fact_reflag,prompt_effect_estimate(見積もり、実測ではない),receiver_side_note
1,U01,iter5/instances_s1/bgroup_B4.json,iter5,iter5-7(古い固定データ中心),bgroup_B4,2,0,Recheck(cycle2),いいえ(Checker実出力),EN,"“A call came from an AI agent. That was what it seemed. But while the conversation continued, the voice on the other end was not AI. It was a person.” Meta’s test “produced exactly this kind of surprise.”","A call came from an AI agent. That was what it seemed. But while the conversation continued, the voice on the other end was not AI. It was a person. || Meta had run a test that produced exactly this kind of surprise.","断片2つとも記事に逐語で存在(1つ目は先頭の“Ring, ring... ”を除いた段落、2つ目は文末ピリオドまで引用符内)。断片の間に、Checker自身の語「Meta’s test」が入っている(記事の語ではない。2つ目の断片の主語を補う説明)。言い換えはない。",C3,C3b:説明文+断片2つ以上,C4:隣り合う2段落(冒頭段落と次段落)の結合,"末尾句読点除去後の全体の記事内出現=0; 引用断片の出現(そのまま/句読点除去後)=1/1,1/1; 断片を除いた残り='<断片> Meta’s test <断片>'",STAGE4_ESCALATION,cycle_limit_exhausted,j1_failed+ja_fulltext_fallback+en_local_edit,一部のみ(2断片中、冒頭段落だけ。2つ目の「Meta had run a test that produced exactly this kind of surprise.」は未変更),有(1件),見込める(断片は2つとも逐語。つなぎの説明語を入れず別々に返すだけ),断片分解は説明文(Meta’s test)が残るため不可(再推測)
2,U02,iter5/instances_s1/safety_A4.json,iter5,iter5-7(古い固定データ中心),safety_A4,1,1,Stage1初回(cycle1),はい(固定fixtureのStage 1出力を再生),EN(つなぎ語のみ日本語),“people who thought they were speaking with AI were actually speaking with human staff”および冒頭の「That was what people thought as they spoke.」,people who thought they were speaking with AI were actually speaking with human staff || That was what people thought as they spoke.,断片2つとも記事に逐語で存在・各1箇所。断片間が日本語の「および冒頭の」(=and the opening's、接続語+位置語)。英語の引用に日本語のつなぎ語が混ざっている(言語の混在)。断片自体の言い換えはない。,C3,C3b:説明文+断片2つ以上,C4:離れた2箇所(本文の中ほどの文と冒頭)の結合,"末尾句読点除去後の全体の記事内出現=0; 引用断片の出現(そのまま/句読点除去後)=1/1,1/1; 断片を除いた残り='<断片>および冒頭の<断片>'",RESOLVED_REWRITE_THEN_DOWNGRADE,,j1_paired_rewrite_paragraph,一部のみ(1つ目の文は直したが、冒頭の「That was what people thought as they spoke.」は未変更。4/4 runで次周回に冒頭を同fact[MUSE-HC-012]で再指摘),有(1件),見込める(断片は逐語。つなぎを入れず2要素に分ければよい。英語claimに日本語のつなぎ語が出る点は現行Promptに書式指示が無いことの表れ),位置語「冒頭の」を許す=語彙リストを持つ再推測寄り。不可(Opus判断)
3,U03,iter5/instances_s2/bgroup_B2_hormuz.json,iter5,iter5-7(古い固定データ中心),bgroup_B2_hormuz,1,1,Stage1初回(cycle1),はい(固定fixtureのStage 1出力を再生),EN,“Trump’s proposed Hormuz fee vanished overnight.”,"Trump’s proposed Hormuz fee vanished overnight, but crude oil prices stayed high as tensions and tanker fears remained.","記事は「…vanished overnight, but crude oil…」と続く。Checkerは「vanished overnight」で止め、読点の代わりにピリオドを引用符内に付けた。語は一字も違わない(末尾句読点のみの差)。",C2,C2:末尾の句読点(読点→ピリオド)+文の途中で終了,,末尾句読点除去後の全体の記事内出現=1; 引用断片の出現(そのまま/句読点除去後)=0/1; 断片を除いた残り='<断片>',RESOLVED_REWRITE,,e2_paragraph_rewrite(sequence_matcher(ratio=0.51)),一致(当該文のovernightの節を削除。現行はsequence_matcher ratio=0.51で当該文を選んだ),(次周回なし),見込める(末尾句読点の付加は癖。指示で抑えられる見込み。未測定),末尾句読点の除去で1箇所一致(文字単位の同値変換、可)
4,U04,iter5/instances_s2/bgroup_B3.json,iter5,iter5-7(古い固定データ中心),bgroup_B3,1,0,Stage1初回(cycle1),はい(固定fixtureのStage 1出力を再生),EN,"Concerns about US-Iran attacks, the sea blockade, and tanker safety continued on July 14, so the flashy 20% plan left the stage.","Concerns about US-Iran attacks, the sea blockade, and tanker safety continued on July 14, so the flashy 20% plan left the stage, but the chart only pulled back briefly before recovering","記事は「…left the stage, but the chart only pulled back…」と続く。Checkerは「left the stage」で止めて読点をピリオドに替えた。語の違いはない。",C2,C2:末尾の句読点(読点→ピリオド)+文の途中で終了,,"末尾句読点除去後の全体の記事内出現=1; 引用断片の出現(そのまま/句読点除去後)=なし; 断片を除いた残り='Concerns about US-Iran attacks, the sea blockade, and tanker safety continued on July 14, so the fla'",RESOLVED_REWRITE,,e2_generic_rewrite(sequence_matcher(ratio=0.62)),一致(「so」を含むin one line文を直した。古いfixture、issue記録なし),(次周回なし),見込める(末尾句読点),末尾句読点の除去で1箇所一致(文字単位の同値変換、可)
5,U05,iter5/instances_s2/hormuz_run03_advanced.json,iter5,iter5-7(古い固定データ中心),hormuz_run03_advanced,1,0,Stage1初回(cycle1),はい(固定fixtureのStage 1出力を再生),EN,“attacks by the United States and Iran ... continued”,"attacks by the United States and Iran, a sea blockade, and concerns about tanker safety continued","「...」が「, a sea blockade, and concerns about tanker safety」を省略している(同一文内の中略)。前後の断片(「attacks by the United States and Iran」「continued」)は逐語だが、「continued」単独は記事内に複数箇所ある。",C4,C4b:省略記号で中略(同一文内),,末尾句読点除去後の全体の記事内出現=0; 引用断片の出現(そのまま/句読点除去後)=0/0; 中略の前後断片の出現=1+2; 断片を除いた残り='<断片>',RESOLVED_REWRITE,,e2_paragraph_rewrite(sequence_matcher(ratio=0.57)),一致(当該文の攻撃に触れる部分を削除。古いfixture、issue記録なし),(次周回なし),見込めるが1件のみで確度は低い(「省略せず引用」を指示すれば解消する可能性。未測定),「A ... B」を『Aの先頭〜Aの後の最初のBの末尾』と読む決定論的解釈は可能だが、中略の標準解釈を使う判断であり同値変換とは言い切れない(Opus判断)
6,U02,iter5/instances_s2/safety_A4.json,iter5,iter5-7(古い固定データ中心),safety_A4,1,1,Stage1初回(cycle1),はい(固定fixtureのStage 1出力を再生),EN(つなぎ語のみ日本語),“people who thought they were speaking with AI were actually speaking with human staff”および冒頭の「That was what people thought as they spoke.」,people who thought they were speaking with AI were actually speaking with human staff || That was what people thought as they spoke.,断片2つとも記事に逐語で存在・各1箇所。断片間が日本語の「および冒頭の」(=and the opening's、接続語+位置語)。英語の引用に日本語のつなぎ語が混ざっている(言語の混在)。断片自体の言い換えはない。,C3,C3b:説明文+断片2つ以上,C4:離れた2箇所(本文の中ほどの文と冒頭)の結合,"末尾句読点除去後の全体の記事内出現=0; 引用断片の出現(そのまま/句読点除去後)=1/1,1/1; 断片を除いた残り='<断片>および冒頭の<断片>'",RESOLVED_REWRITE_THEN_DOWNGRADE,,j1_failed+ja_fulltext_fallback+en_local_edit,一部のみ(1つ目の文は直したが、冒頭の「That was what people thought as they spoke.」は未変更。4/4 runで次周回に冒頭を同fact[MUSE-HC-012]で再指摘),有(1件),見込める(断片は逐語。つなぎを入れず2要素に分ければよい。英語claimに日本語のつなぎ語が出る点は現行Promptに書式指示が無いことの表れ),位置語「冒頭の」を許す=語彙リストを持つ再推測寄り。不可(Opus判断)
7,U06,iter5/instances_s2/safety_A4.json,iter5,iter5-7(古い固定データ中心),safety_A4,2,0,Recheck(cycle2),いいえ(Checker実出力),EN,“That was what people thought as they spoke.” The opening also presents the call as one people believed was from an AI.,That was what people thought as they spoke.,断片は記事の冒頭段落2文目に逐語で存在(1箇所)。続く「The opening also presents the call as one people believed was from an AI.」はChecker自身の説明文(記事の文ではない)。「also」「The opening」は、断片以外に冒頭段落(1〜3文目)全体も指している可能性がある(範囲が断片より広い恐れ)。,C3,C3a:説明文+断片1つ,,末尾句読点除去後の全体の記事内出現=0; 引用断片の出現(そのまま/句読点除去後)=1/1; 断片を除いた残り='<断片> The opening also presents the call as one people believed was from an AI.',RESOLVED_REWRITE_THEN_DOWNGRADE,,j1_failed+ja_fulltext_fallback+en_local_edit,一致(広め。冒頭の3文を1文に置き換えた。Stage 2のhint引用による),無,見込めるが条件付き(説明文をissueへ移し範囲を配列で返せば解消。範囲が冒頭の1文か段落全体かはChecker自身が選び直す必要がある),断片だけの採用は不可(説明文が段落全体を指している可能性があり、範囲を縮小しうる)
8,U07,iter6/instances_s1/bgroup_B3.json,iter6,iter5-7(古い固定データ中心),bgroup_B3,1,0,Stage1初回(cycle1),はい(固定fixtureのStage 1出力を再生),EN,"Concerns about US-Iran attacks, the sea blockade, and tanker safety continued on July 14, so the flashy 20% plan left the stage, but the chart only pulled back briefly before recovering.","Concerns about US-Iran attacks, the sea blockade, and tanker safety continued on July 14, so the flashy 20% plan left the stage, but the chart only pulled back briefly before recovering",記事は「…before recovering: the policy turn and the oil chart’s “not over yet” movement happened on the same day.」と続く。Checkerは「recovering」で止め、コロンをピリオドに替えた。語の違いなし(要約ではない。委任_41の「言い換え・要約」は類似度による診断の誤り)。固定fixture(bgroup_B3)のStage 1出力の再生で、20行は同一のChecker出力1件の再利用(独立サンプルではない)。,C2,C2:末尾の句読点(コロン→ピリオド)+文の途中で終了,,"末尾句読点除去後の全体の記事内出現=1; 引用断片の出現(そのまま/句読点除去後)=なし; 断片を除いた残り='Concerns about US-Iran attacks, the sea blockade, and tanker safety continued on July 14, so the fla'",RESOLVED_REWRITE,,j1_paired_rewrite_paragraph,一致(「so」の文を直した。issueが「so」を明記しており、直した箇所と一致),(次周回なし),見込める(末尾句読点の付加。ただし受け取り側の同値変換でPromptなしに解消できる),末尾句読点の除去で1箇所一致(文字単位の同値変換、可)
9,U08,iter6/instances_s1/bgroup_B4.json,iter6,iter5-7(古い固定データ中心),bgroup_B4,3,0,Recheck(cycle3),いいえ(Checker実出力),EN,"The headline says “I Thought It Was an AI Call—But There Was a Person Inside?” and the opening says, “A call came from an AI agent. That was what it seemed.”",I Thought It Was an AI Call—But There Was a Person Inside? || A call came from an AI agent. That was what it seemed.,"断片2つとも記事に逐語で存在・各1箇所(見出しは「…Inside? Meta’s Unexpected Muse Test」の前半)。断片以外は位置ラベル(The headline says / and the opening says,)のみ。言い換えなし。",C3,C3b:説明文+断片2つ以上,C4:見出しと冒頭(別の箇所)の結合,"末尾句読点除去後の全体の記事内出現=0; 引用断片の出現(そのまま/句読点除去後)=1/1,1/1; 断片を除いた残り='The headline says <断片> and the opening says, <断片>'",STAGE4_ESCALATION,cycle_limit_exhausted_after_recheck,j1_failed+ja_fulltext_fallback+en_local_edit,一部のみ(冒頭の2文だけ直した。見出しは未変更。cycle3が最終でStage 4),(次周回なし),見込める(断片は逐語。位置ラベルをissueへ移すだけ),位置ラベルだけなら2断片が確定するが、ラベル語彙の判断が必要(Opus判断)。ラベルが範囲の拡大(見出し全体・冒頭段落全体)を意味する可能性を排除できない
10,U09,iter6/instances_s1/neg1_meta_b3prod_a2.json,iter6,iter5-7(古い固定データ中心),neg1_meta_b3prod_a2,2,0,Recheck(cycle2),いいえ(Checker実出力),EN,"“Meta had run a test that caused exactly this surprise,” reinforced by the headline “We Thought It Was AI—But There Was a Person Inside Meta’s Muse.”",Meta had run a test that caused exactly this surprise. || We Thought It Was AI—But There Was a Person Inside Meta’s Muse,"1つ目は記事が「…this surprise.」(ピリオド)、Checkerは「…surprise,」(読点を引用符内に付加)。2つ目は記事の見出しにピリオドがなく、Checkerが末尾にピリオドを付けた。つなぎの「reinforced by the headline」は説明文(位置+動詞)。",C3,C3b:説明文+断片2つ以上,C2:両断片とも末尾の句読点が記事と異なる(1つ目は読点、2つ目は見出しにない末尾ピリオド),"末尾句読点除去後の全体の記事内出現=0; 引用断片の出現(そのまま/句読点除去後)=0/1,0/1; 断片を除いた残り='<断片> reinforced by the headline <断片>'",STAGE4_ESCALATION,cycle_limit_exhausted,e1_minimal_word_edit(er010_word_overlap(sentence_fallback(overlap=0.4))),一部のみ(1つ目だけ直した。見出しは未変更→次周回でMUSE-HC-006の見出しだけが単独で再指摘された),有(1件),見込める(句読点は引用符の外へ置く/付けない指示+別要素で返す),説明文が残るため断片分解は不可。末尾句読点の同値変換を断片に適用すれば各断片は逐語一致する
11,U10,iter6/instances_s1/neg1_meta_b3prod_a2.json,iter6,iter5-7(古い固定データ中心),neg1_meta_b3prod_a2,3,0,Recheck(cycle3),いいえ(Checker実出力),EN,Headline: “We Thought It Was AI—But There Was a Person Inside Meta’s Muse.”,We Thought It Was AI—But There Was a Person Inside Meta’s Muse,見出しの全文と一致(見出し行に末尾ピリオドなし)。Checkerは「Headline:」の位置ラベルと末尾ピリオドを付けた。ラベルが指す範囲=見出し全体で断片と同じ。,C3,C3a:説明文+断片1つ(位置ラベル「Headline:」のみ),C2:見出しにない末尾ピリオドの付加,末尾句読点除去後の全体の記事内出現=0; 引用断片の出現(そのまま/句読点除去後)=0/1; 断片を除いた残り='Headline: <断片>',STAGE4_ESCALATION,cycle_limit_exhausted,,判定不能(最終周回cycle3のため書き換え未実行。Stage 4 cycle_limit_exhausted),(次周回なし),見込める(位置ラベルをissueへ。末尾ピリオド付加の禁止),位置ラベル除去は再推測寄り(原則不可)。ただし本件は断片=見出し全体で、除去しても範囲は縮まない
12,U02,iter6/instances_s1/safety_A4.json,iter6,iter5-7(古い固定データ中心),safety_A4,1,1,Stage1初回(cycle1),はい(固定fixtureのStage 1出力を再生),EN(つなぎ語のみ日本語),“people who thought they were speaking with AI were actually speaking with human staff”および冒頭の「That was what people thought as they spoke.」,people who thought they were speaking with AI were actually speaking with human staff || That was what people thought as they spoke.,断片2つとも記事に逐語で存在・各1箇所。断片間が日本語の「および冒頭の」(=and the opening's、接続語+位置語)。英語の引用に日本語のつなぎ語が混ざっている(言語の混在)。断片自体の言い換えはない。,C3,C3b:説明文+断片2つ以上,C4:離れた2箇所(本文の中ほどの文と冒頭)の結合,"末尾句読点除去後の全体の記事内出現=0; 引用断片の出現(そのまま/句読点除去後)=1/1,1/1; 断片を除いた残り='<断片>および冒頭の<断片>'",RESOLVED_REWRITE_THEN_DOWNGRADE,,j1_failed+ja_fulltext_fallback+en_local_edit,一部のみ(1つ目の文は直したが、冒頭の「That was what people thought as they spoke.」は未変更。4/4 runで次周回に冒頭を同fact[MUSE-HC-012]で再指摘),有(1件),見込める(断片は逐語。つなぎを入れず2要素に分ければよい。英語claimに日本語のつなぎ語が出る点は現行Promptに書式指示が無いことの表れ),位置語「冒頭の」を許す=語彙リストを持つ再推測寄り。不可(Opus判断)
13,U07,iter6/instances_s2/bgroup_B3.json,iter6,iter5-7(古い固定データ中心),bgroup_B3,1,0,Stage1初回(cycle1),はい(固定fixtureのStage 1出力を再生),EN,"Concerns about US-Iran attacks, the sea blockade, and tanker safety continued on July 14, so the flashy 20% plan left the stage, but the chart only pulled back briefly before recovering.","Concerns about US-Iran attacks, the sea blockade, and tanker safety continued on July 14, so the flashy 20% plan left the stage, but the chart only pulled back briefly before recovering",記事は「…before recovering: the policy turn and the oil chart’s “not over yet” movement happened on the same day.」と続く。Checkerは「recovering」で止め、コロンをピリオドに替えた。語の違いなし(要約ではない。委任_41の「言い換え・要約」は類似度による診断の誤り)。固定fixture(bgroup_B3)のStage 1出力の再生で、20行は同一のChecker出力1件の再利用(独立サンプルではない)。,C2,C2:末尾の句読点(コロン→ピリオド)+文の途中で終了,,"末尾句読点除去後の全体の記事内出現=1; 引用断片の出現(そのまま/句読点除去後)=なし; 断片を除いた残り='Concerns about US-Iran attacks, the sea blockade, and tanker safety continued on July 14, so the fla'",RESOLVED_REWRITE,,j1_paired_rewrite_paragraph,一致(「so」の文を直した。issueが「so」を明記しており、直した箇所と一致),(次周回なし),見込める(末尾句読点の付加。ただし受け取り側の同値変換でPromptなしに解消できる),末尾句読点の除去で1箇所一致(文字単位の同値変換、可)
14,U02,iter6/instances_s2/safety_A4.json,iter6,iter5-7(古い固定データ中心),safety_A4,1,1,Stage1初回(cycle1),はい(固定fixtureのStage 1出力を再生),EN(つなぎ語のみ日本語),“people who thought they were speaking with AI were actually speaking with human staff”および冒頭の「That was what people thought as they spoke.」,people who thought they were speaking with AI were actually speaking with human staff || That was what people thought as they spoke.,断片2つとも記事に逐語で存在・各1箇所。断片間が日本語の「および冒頭の」(=and the opening's、接続語+位置語)。英語の引用に日本語のつなぎ語が混ざっている(言語の混在)。断片自体の言い換えはない。,C3,C3b:説明文+断片2つ以上,C4:離れた2箇所(本文の中ほどの文と冒頭)の結合,"末尾句読点除去後の全体の記事内出現=0; 引用断片の出現(そのまま/句読点除去後)=1/1,1/1; 断片を除いた残り='<断片>および冒頭の<断片>'",STAGE4_ESCALATION,cycle_limit_exhausted,j1_failed+ja_fulltext_fallback+en_local_edit,一部のみ(1つ目の文は直したが、冒頭の「That was what people thought as they spoke.」は未変更。4/4 runで次周回に冒頭を同fact[MUSE-HC-012]で再指摘),有(1件),見込める(断片は逐語。つなぎを入れず2要素に分ければよい。英語claimに日本語のつなぎ語が出る点は現行Promptに書式指示が無いことの表れ),位置語「冒頭の」を許す=語彙リストを持つ再推測寄り。不可(Opus判断)
15,U07,iter7/instances_s1/bgroup_B3.json,iter7,iter5-7(古い固定データ中心),bgroup_B3,1,0,Stage1初回(cycle1),はい(固定fixtureのStage 1出力を再生),EN,"Concerns about US-Iran attacks, the sea blockade, and tanker safety continued on July 14, so the flashy 20% plan left the stage, but the chart only pulled back briefly before recovering.","Concerns about US-Iran attacks, the sea blockade, and tanker safety continued on July 14, so the flashy 20% plan left the stage, but the chart only pulled back briefly before recovering",記事は「…before recovering: the policy turn and the oil chart’s “not over yet” movement happened on the same day.」と続く。Checkerは「recovering」で止め、コロンをピリオドに替えた。語の違いなし(要約ではない。委任_41の「言い換え・要約」は類似度による診断の誤り)。固定fixture(bgroup_B3)のStage 1出力の再生で、20行は同一のChecker出力1件の再利用(独立サンプルではない)。,C2,C2:末尾の句読点(コロン→ピリオド)+文の途中で終了,,"末尾句読点除去後の全体の記事内出現=1; 引用断片の出現(そのまま/句読点除去後)=なし; 断片を除いた残り='Concerns about US-Iran attacks, the sea blockade, and tanker safety continued on July 14, so the fla'",RESOLVED_REWRITE,,j1_e1_minimal_word,一致(「so」の文を直した。issueが「so」を明記しており、直した箇所と一致),(次周回なし),見込める(末尾句読点の付加。ただし受け取り側の同値変換でPromptなしに解消できる),末尾句読点の除去で1箇所一致(文字単位の同値変換、可)
16,U07,iter7/instances_s2/bgroup_B3.json,iter7,iter5-7(古い固定データ中心),bgroup_B3,1,0,Stage1初回(cycle1),はい(固定fixtureのStage 1出力を再生),EN,"Concerns about US-Iran attacks, the sea blockade, and tanker safety continued on July 14, so the flashy 20% plan left the stage, but the chart only pulled back briefly before recovering.","Concerns about US-Iran attacks, the sea blockade, and tanker safety continued on July 14, so the flashy 20% plan left the stage, but the chart only pulled back briefly before recovering",記事は「…before recovering: the policy turn and the oil chart’s “not over yet” movement happened on the same day.」と続く。Checkerは「recovering」で止め、コロンをピリオドに替えた。語の違いなし(要約ではない。委任_41の「言い換え・要約」は類似度による診断の誤り)。固定fixture(bgroup_B3)のStage 1出力の再生で、20行は同一のChecker出力1件の再利用(独立サンプルではない)。,C2,C2:末尾の句読点(コロン→ピリオド)+文の途中で終了,,"末尾句読点除去後の全体の記事内出現=1; 引用断片の出現(そのまま/句読点除去後)=なし; 断片を除いた残り='Concerns about US-Iran attacks, the sea blockade, and tanker safety continued on July 14, so the fla'",RESOLVED_REWRITE,,j1_e1_minimal_word,一致(「so」の文を直した。issueが「so」を明記しており、直した箇所と一致),(次周回なし),見込める(末尾句読点の付加。ただし受け取り側の同値変換でPromptなしに解消できる),末尾句読点の除去で1箇所一致(文字単位の同値変換、可)
17,U11,iter7/instances_s2/hormuz_run03_standard.json,iter7,iter5-7(古い固定データ中心),hormuz_run03_standard,2,0,Recheck(cycle2),いいえ(Checker実出力),EN,"“Oil prices moved briefly, then returned to a high level.” The headline and one-line summary also state this more broadly as a claim about oil prices generally.","Oil prices moved briefly, then returned to a high level. || The Fee Plan Leaves, But High Oil Prices Stay || The fee plan vanished, but oil prices stayed high as tensions around the Strait of Hormuz continued.",断片は記事に逐語で存在(1箇所)。続く説明文「The headline and one-line summary also state this more broadly…」は、見出しとin one lineの2箇所を引用せず位置だけで指す。同じ指摘の`same_fact_id_locations`には両箇所の逐語文が入っていた(Checkerは別欄なら逐語で返せている)。断片だけを採ると範囲が3箇所から1箇所に縮む。,C3,C3a:説明文+断片1つ(説明文が未引用の2箇所を指す),C4:未引用の追加箇所(見出し・in one line)を引用なしで示している,末尾句読点除去後の全体の記事内出現=0; 引用断片の出現(そのまま/句読点除去後)=1/1; 断片を除いた残り='<断片> The headline and one-line summary also state this more broadly as a claim about oil prices gene',STAGE4_ESCALATION,ja_deviation_unresolved,j1_paired_rewrite_paragraph,一部のみ(本文の1文とin one lineは直したが、見出しは未変更。最終はStage 4 ja_deviation_unresolved、日本語側の問題も重なる),無,見込めるが、見出し・in one lineの引用も別要素で返させる必要あり(同じ欄で返せるかは未測定。別欄の前例では逐語で返していた),断片だけの採用は不可(未引用の2箇所を落とし範囲を縮小する)
18,U07,rep10/instances_s1/bgroup_B3.json,rep10,rep7-16,bgroup_B3,1,0,Stage1初回(cycle1),はい(固定fixtureのStage 1出力を再生),EN,"Concerns about US-Iran attacks, the sea blockade, and tanker safety continued on July 14, so the flashy 20% plan left the stage, but the chart only pulled back briefly before recovering.","Concerns about US-Iran attacks, the sea blockade, and tanker safety continued on July 14, so the flashy 20% plan left the stage, but the chart only pulled back briefly before recovering",記事は「…before recovering: the policy turn and the oil chart’s “not over yet” movement happened on the same day.」と続く。Checkerは「recovering」で止め、コロンをピリオドに替えた。語の違いなし(要約ではない。委任_41の「言い換え・要約」は類似度による診断の誤り)。固定fixture(bgroup_B3)のStage 1出力の再生で、20行は同一のChecker出力1件の再利用(独立サンプルではない)。,C2,C2:末尾の句読点(コロン→ピリオド)+文の途中で終了,,"末尾句読点除去後の全体の記事内出現=1; 引用断片の出現(そのまま/句読点除去後)=なし; 断片を除いた残り='Concerns about US-Iran attacks, the sea blockade, and tanker safety continued on July 14, so the fla'",RESOLVED_REWRITE,,j1_e1_minimal_word,一致(「so」の文を直した。issueが「so」を明記しており、直した箇所と一致),(次周回なし),見込める(末尾句読点の付加。ただし受け取り側の同値変換でPromptなしに解消できる),末尾句読点の除去で1箇所一致(文字単位の同値変換、可)
19,U07,rep10/instances_s2/bgroup_B3.json,rep10,rep7-16,bgroup_B3,1,0,Stage1初回(cycle1),はい(固定fixtureのStage 1出力を再生),EN,"Concerns about US-Iran attacks, the sea blockade, and tanker safety continued on July 14, so the flashy 20% plan left the stage, but the chart only pulled back briefly before recovering.","Concerns about US-Iran attacks, the sea blockade, and tanker safety continued on July 14, so the flashy 20% plan left the stage, but the chart only pulled back briefly before recovering",記事は「…before recovering: the policy turn and the oil chart’s “not over yet” movement happened on the same day.」と続く。Checkerは「recovering」で止め、コロンをピリオドに替えた。語の違いなし(要約ではない。委任_41の「言い換え・要約」は類似度による診断の誤り)。固定fixture(bgroup_B3)のStage 1出力の再生で、20行は同一のChecker出力1件の再利用(独立サンプルではない)。,C2,C2:末尾の句読点(コロン→ピリオド)+文の途中で終了,,"末尾句読点除去後の全体の記事内出現=1; 引用断片の出現(そのまま/句読点除去後)=なし; 断片を除いた残り='Concerns about US-Iran attacks, the sea blockade, and tanker safety continued on July 14, so the fla'",RESOLVED_REWRITE,,j1_e1_minimal_word,一致(「so」の文を直した。issueが「so」を明記しており、直した箇所と一致),(次周回なし),見込める(末尾句読点の付加。ただし受け取り側の同値変換でPromptなしに解消できる),末尾句読点の除去で1箇所一致(文字単位の同値変換、可)
20,U07,rep11/instances_s1/bgroup_B3.json,rep11,rep7-16,bgroup_B3,1,0,Stage1初回(cycle1),はい(固定fixtureのStage 1出力を再生),EN,"Concerns about US-Iran attacks, the sea blockade, and tanker safety continued on July 14, so the flashy 20% plan left the stage, but the chart only pulled back briefly before recovering.","Concerns about US-Iran attacks, the sea blockade, and tanker safety continued on July 14, so the flashy 20% plan left the stage, but the chart only pulled back briefly before recovering",記事は「…before recovering: the policy turn and the oil chart’s “not over yet” movement happened on the same day.」と続く。Checkerは「recovering」で止め、コロンをピリオドに替えた。語の違いなし(要約ではない。委任_41の「言い換え・要約」は類似度による診断の誤り)。固定fixture(bgroup_B3)のStage 1出力の再生で、20行は同一のChecker出力1件の再利用(独立サンプルではない)。,C2,C2:末尾の句読点(コロン→ピリオド)+文の途中で終了,,"末尾句読点除去後の全体の記事内出現=1; 引用断片の出現(そのまま/句読点除去後)=なし; 断片を除いた残り='Concerns about US-Iran attacks, the sea blockade, and tanker safety continued on July 14, so the fla'",STAGE4_ESCALATION,ja_deviation_unresolved,j1_e1_minimal_word,一致(ただし最終はStage 4 ja_deviation_unresolved。日本語側の別原因で、EN側の対象とは無関係),無,見込める(末尾句読点の付加。ただし受け取り側の同値変換でPromptなしに解消できる),末尾句読点の除去で1箇所一致(文字単位の同値変換、可)
21,U07,rep11/instances_s2/bgroup_B3.json,rep11,rep7-16,bgroup_B3,1,0,Stage1初回(cycle1),はい(固定fixtureのStage 1出力を再生),EN,"Concerns about US-Iran attacks, the sea blockade, and tanker safety continued on July 14, so the flashy 20% plan left the stage, but the chart only pulled back briefly before recovering.","Concerns about US-Iran attacks, the sea blockade, and tanker safety continued on July 14, so the flashy 20% plan left the stage, but the chart only pulled back briefly before recovering",記事は「…before recovering: the policy turn and the oil chart’s “not over yet” movement happened on the same day.」と続く。Checkerは「recovering」で止め、コロンをピリオドに替えた。語の違いなし(要約ではない。委任_41の「言い換え・要約」は類似度による診断の誤り)。固定fixture(bgroup_B3)のStage 1出力の再生で、20行は同一のChecker出力1件の再利用(独立サンプルではない)。,C2,C2:末尾の句読点(コロン→ピリオド)+文の途中で終了,,"末尾句読点除去後の全体の記事内出現=1; 引用断片の出現(そのまま/句読点除去後)=なし; 断片を除いた残り='Concerns about US-Iran attacks, the sea blockade, and tanker safety continued on July 14, so the fla'",STAGE4_ESCALATION,ja_deviation_unresolved,j1_e1_minimal_word,一致(ただし最終はStage 4 ja_deviation_unresolved。日本語側の別原因で、EN側の対象とは無関係),無,見込める(末尾句読点の付加。ただし受け取り側の同値変換でPromptなしに解消できる),末尾句読点の除去で1箇所一致(文字単位の同値変換、可)
22,U07,rep12/instances_s1/bgroup_B3.json,rep12,rep7-16,bgroup_B3,1,0,Stage1初回(cycle1),はい(固定fixtureのStage 1出力を再生),EN,"Concerns about US-Iran attacks, the sea blockade, and tanker safety continued on July 14, so the flashy 20% plan left the stage, but the chart only pulled back briefly before recovering.","Concerns about US-Iran attacks, the sea blockade, and tanker safety continued on July 14, so the flashy 20% plan left the stage, but the chart only pulled back briefly before recovering",記事は「…before recovering: the policy turn and the oil chart’s “not over yet” movement happened on the same day.」と続く。Checkerは「recovering」で止め、コロンをピリオドに替えた。語の違いなし(要約ではない。委任_41の「言い換え・要約」は類似度による診断の誤り)。固定fixture(bgroup_B3)のStage 1出力の再生で、20行は同一のChecker出力1件の再利用(独立サンプルではない)。,C2,C2:末尾の句読点(コロン→ピリオド)+文の途中で終了,,"末尾句読点除去後の全体の記事内出現=1; 引用断片の出現(そのまま/句読点除去後)=なし; 断片を除いた残り='Concerns about US-Iran attacks, the sea blockade, and tanker safety continued on July 14, so the fla'",STAGE4_ESCALATION,ja_deviation_unresolved,j1_e1_minimal_word,一致(ただし最終はStage 4 ja_deviation_unresolved。日本語側の別原因で、EN側の対象とは無関係),無,見込める(末尾句読点の付加。ただし受け取り側の同値変換でPromptなしに解消できる),末尾句読点の除去で1箇所一致(文字単位の同値変換、可)
23,U07,rep12/instances_s2/bgroup_B3.json,rep12,rep7-16,bgroup_B3,1,0,Stage1初回(cycle1),はい(固定fixtureのStage 1出力を再生),EN,"Concerns about US-Iran attacks, the sea blockade, and tanker safety continued on July 14, so the flashy 20% plan left the stage, but the chart only pulled back briefly before recovering.","Concerns about US-Iran attacks, the sea blockade, and tanker safety continued on July 14, so the flashy 20% plan left the stage, but the chart only pulled back briefly before recovering",記事は「…before recovering: the policy turn and the oil chart’s “not over yet” movement happened on the same day.」と続く。Checkerは「recovering」で止め、コロンをピリオドに替えた。語の違いなし(要約ではない。委任_41の「言い換え・要約」は類似度による診断の誤り)。固定fixture(bgroup_B3)のStage 1出力の再生で、20行は同一のChecker出力1件の再利用(独立サンプルではない)。,C2,C2:末尾の句読点(コロン→ピリオド)+文の途中で終了,,"末尾句読点除去後の全体の記事内出現=1; 引用断片の出現(そのまま/句読点除去後)=なし; 断片を除いた残り='Concerns about US-Iran attacks, the sea blockade, and tanker safety continued on July 14, so the fla'",STAGE4_ESCALATION,ja_deviation_unresolved,j1_e1_minimal_word,一致(ただし最終はStage 4 ja_deviation_unresolved。日本語側の別原因で、EN側の対象とは無関係),無,見込める(末尾句読点の付加。ただし受け取り側の同値変換でPromptなしに解消できる),末尾句読点の除去で1箇所一致(文字単位の同値変換、可)
24,U07,rep13/instances_s1/bgroup_B3.json,rep13,rep7-16,bgroup_B3,1,0,Stage1初回(cycle1),はい(固定fixtureのStage 1出力を再生),EN,"Concerns about US-Iran attacks, the sea blockade, and tanker safety continued on July 14, so the flashy 20% plan left the stage, but the chart only pulled back briefly before recovering.","Concerns about US-Iran attacks, the sea blockade, and tanker safety continued on July 14, so the flashy 20% plan left the stage, but the chart only pulled back briefly before recovering",記事は「…before recovering: the policy turn and the oil chart’s “not over yet” movement happened on the same day.」と続く。Checkerは「recovering」で止め、コロンをピリオドに替えた。語の違いなし(要約ではない。委任_41の「言い換え・要約」は類似度による診断の誤り)。固定fixture(bgroup_B3)のStage 1出力の再生で、20行は同一のChecker出力1件の再利用(独立サンプルではない)。,C2,C2:末尾の句読点(コロン→ピリオド)+文の途中で終了,,"末尾句読点除去後の全体の記事内出現=1; 引用断片の出現(そのまま/句読点除去後)=なし; 断片を除いた残り='Concerns about US-Iran attacks, the sea blockade, and tanker safety continued on July 14, so the fla'",RESOLVED_REWRITE,,j1_e1_minimal_word,一致(「so」の文を直した。issueが「so」を明記しており、直した箇所と一致),(次周回なし),見込める(末尾句読点の付加。ただし受け取り側の同値変換でPromptなしに解消できる),末尾句読点の除去で1箇所一致(文字単位の同値変換、可)
25,U07,rep13/instances_s2/bgroup_B3.json,rep13,rep7-16,bgroup_B3,1,0,Stage1初回(cycle1),はい(固定fixtureのStage 1出力を再生),EN,"Concerns about US-Iran attacks, the sea blockade, and tanker safety continued on July 14, so the flashy 20% plan left the stage, but the chart only pulled back briefly before recovering.","Concerns about US-Iran attacks, the sea blockade, and tanker safety continued on July 14, so the flashy 20% plan left the stage, but the chart only pulled back briefly before recovering",記事は「…before recovering: the policy turn and the oil chart’s “not over yet” movement happened on the same day.」と続く。Checkerは「recovering」で止め、コロンをピリオドに替えた。語の違いなし(要約ではない。委任_41の「言い換え・要約」は類似度による診断の誤り)。固定fixture(bgroup_B3)のStage 1出力の再生で、20行は同一のChecker出力1件の再利用(独立サンプルではない)。,C2,C2:末尾の句読点(コロン→ピリオド)+文の途中で終了,,"末尾句読点除去後の全体の記事内出現=1; 引用断片の出現(そのまま/句読点除去後)=なし; 断片を除いた残り='Concerns about US-Iran attacks, the sea blockade, and tanker safety continued on July 14, so the fla'",RESOLVED_REWRITE,,j1_e1_minimal_word,一致(「so」の文を直した。issueが「so」を明記しており、直した箇所と一致),(次周回なし),見込める(末尾句読点の付加。ただし受け取り側の同値変換でPromptなしに解消できる),末尾句読点の除去で1箇所一致(文字単位の同値変換、可)
26,U07,rep16/instances_s1/bgroup_B3.json,rep16,rep7-16,bgroup_B3,1,0,Stage1初回(cycle1),はい(固定fixtureのStage 1出力を再生),EN,"Concerns about US-Iran attacks, the sea blockade, and tanker safety continued on July 14, so the flashy 20% plan left the stage, but the chart only pulled back briefly before recovering.","Concerns about US-Iran attacks, the sea blockade, and tanker safety continued on July 14, so the flashy 20% plan left the stage, but the chart only pulled back briefly before recovering",記事は「…before recovering: the policy turn and the oil chart’s “not over yet” movement happened on the same day.」と続く。Checkerは「recovering」で止め、コロンをピリオドに替えた。語の違いなし(要約ではない。委任_41の「言い換え・要約」は類似度による診断の誤り)。固定fixture(bgroup_B3)のStage 1出力の再生で、20行は同一のChecker出力1件の再利用(独立サンプルではない)。,C2,C2:末尾の句読点(コロン→ピリオド)+文の途中で終了,,"末尾句読点除去後の全体の記事内出現=1; 引用断片の出現(そのまま/句読点除去後)=なし; 断片を除いた残り='Concerns about US-Iran attacks, the sea blockade, and tanker safety continued on July 14, so the fla'",RESOLVED_REWRITE,,j1_e1_minimal_word,一致(「so」の文を直した。issueが「so」を明記しており、直した箇所と一致),(次周回なし),見込める(末尾句読点の付加。ただし受け取り側の同値変換でPromptなしに解消できる),末尾句読点の除去で1箇所一致(文字単位の同値変換、可)
27,U07,rep16/instances_s2/bgroup_B3.json,rep16,rep7-16,bgroup_B3,1,0,Stage1初回(cycle1),はい(固定fixtureのStage 1出力を再生),EN,"Concerns about US-Iran attacks, the sea blockade, and tanker safety continued on July 14, so the flashy 20% plan left the stage, but the chart only pulled back briefly before recovering.","Concerns about US-Iran attacks, the sea blockade, and tanker safety continued on July 14, so the flashy 20% plan left the stage, but the chart only pulled back briefly before recovering",記事は「…before recovering: the policy turn and the oil chart’s “not over yet” movement happened on the same day.」と続く。Checkerは「recovering」で止め、コロンをピリオドに替えた。語の違いなし(要約ではない。委任_41の「言い換え・要約」は類似度による診断の誤り)。固定fixture(bgroup_B3)のStage 1出力の再生で、20行は同一のChecker出力1件の再利用(独立サンプルではない)。,C2,C2:末尾の句読点(コロン→ピリオド)+文の途中で終了,,"末尾句読点除去後の全体の記事内出現=1; 引用断片の出現(そのまま/句読点除去後)=なし; 断片を除いた残り='Concerns about US-Iran attacks, the sea blockade, and tanker safety continued on July 14, so the fla'",RESOLVED_REWRITE,,j1_e1_minimal_word,一致(「so」の文を直した。issueが「so」を明記しており、直した箇所と一致),(次周回なし),見込める(末尾句読点の付加。ただし受け取り側の同値変換でPromptなしに解消できる),末尾句読点の除去で1箇所一致(文字単位の同値変換、可)
28,U07,rep7/instances_s1_b3_revert_verify/bgroup_B3.json,rep7,rep7-16,bgroup_B3,1,0,Stage1初回(cycle1),はい(固定fixtureのStage 1出力を再生),EN,"Concerns about US-Iran attacks, the sea blockade, and tanker safety continued on July 14, so the flashy 20% plan left the stage, but the chart only pulled back briefly before recovering.","Concerns about US-Iran attacks, the sea blockade, and tanker safety continued on July 14, so the flashy 20% plan left the stage, but the chart only pulled back briefly before recovering",記事は「…before recovering: the policy turn and the oil chart’s “not over yet” movement happened on the same day.」と続く。Checkerは「recovering」で止め、コロンをピリオドに替えた。語の違いなし(要約ではない。委任_41の「言い換え・要約」は類似度による診断の誤り)。固定fixture(bgroup_B3)のStage 1出力の再生で、20行は同一のChecker出力1件の再利用(独立サンプルではない)。,C2,C2:末尾の句読点(コロン→ピリオド)+文の途中で終了,,"末尾句読点除去後の全体の記事内出現=1; 引用断片の出現(そのまま/句読点除去後)=なし; 断片を除いた残り='Concerns about US-Iran attacks, the sea blockade, and tanker safety continued on July 14, so the fla'",RESOLVED_REWRITE,,j1_e1_minimal_word,一致(「so」の文を直した。issueが「so」を明記しており、直した箇所と一致),(次周回なし),見込める(末尾句読点の付加。ただし受け取り側の同値変換でPromptなしに解消できる),末尾句読点の除去で1箇所一致(文字単位の同値変換、可)
29,U07,rep7/instances_s2_b3_revert_verify/bgroup_B3.json,rep7,rep7-16,bgroup_B3,1,0,Stage1初回(cycle1),はい(固定fixtureのStage 1出力を再生),EN,"Concerns about US-Iran attacks, the sea blockade, and tanker safety continued on July 14, so the flashy 20% plan left the stage, but the chart only pulled back briefly before recovering.","Concerns about US-Iran attacks, the sea blockade, and tanker safety continued on July 14, so the flashy 20% plan left the stage, but the chart only pulled back briefly before recovering",記事は「…before recovering: the policy turn and the oil chart’s “not over yet” movement happened on the same day.」と続く。Checkerは「recovering」で止め、コロンをピリオドに替えた。語の違いなし(要約ではない。委任_41の「言い換え・要約」は類似度による診断の誤り)。固定fixture(bgroup_B3)のStage 1出力の再生で、20行は同一のChecker出力1件の再利用(独立サンプルではない)。,C2,C2:末尾の句読点(コロン→ピリオド)+文の途中で終了,,"末尾句読点除去後の全体の記事内出現=1; 引用断片の出現(そのまま/句読点除去後)=なし; 断片を除いた残り='Concerns about US-Iran attacks, the sea blockade, and tanker safety continued on July 14, so the fla'",RESOLVED_REWRITE,,j1_e1_minimal_word,一致(「so」の文を直した。issueが「so」を明記しており、直した箇所と一致),(次周回なし),見込める(末尾句読点の付加。ただし受け取り側の同値変換でPromptなしに解消できる),末尾句読点の除去で1箇所一致(文字単位の同値変換、可)
30,U07,rep8/instances_s1/bgroup_B3.json,rep8,rep7-16,bgroup_B3,1,0,Stage1初回(cycle1),はい(固定fixtureのStage 1出力を再生),EN,"Concerns about US-Iran attacks, the sea blockade, and tanker safety continued on July 14, so the flashy 20% plan left the stage, but the chart only pulled back briefly before recovering.","Concerns about US-Iran attacks, the sea blockade, and tanker safety continued on July 14, so the flashy 20% plan left the stage, but the chart only pulled back briefly before recovering",記事は「…before recovering: the policy turn and the oil chart’s “not over yet” movement happened on the same day.」と続く。Checkerは「recovering」で止め、コロンをピリオドに替えた。語の違いなし(要約ではない。委任_41の「言い換え・要約」は類似度による診断の誤り)。固定fixture(bgroup_B3)のStage 1出力の再生で、20行は同一のChecker出力1件の再利用(独立サンプルではない)。,C2,C2:末尾の句読点(コロン→ピリオド)+文の途中で終了,,"末尾句読点除去後の全体の記事内出現=1; 引用断片の出現(そのまま/句読点除去後)=なし; 断片を除いた残り='Concerns about US-Iran attacks, the sea blockade, and tanker safety continued on July 14, so the fla'",RESOLVED_REWRITE_THEN_DOWNGRADE,,j1_e1_minimal_word,一致(「so」の文を直した。issueが「so」を明記しており、直した箇所と一致),無,見込める(末尾句読点の付加。ただし受け取り側の同値変換でPromptなしに解消できる),末尾句読点の除去で1箇所一致(文字単位の同値変換、可)
31,U07,rep8/instances_s2/bgroup_B3.json,rep8,rep7-16,bgroup_B3,1,0,Stage1初回(cycle1),はい(固定fixtureのStage 1出力を再生),EN,"Concerns about US-Iran attacks, the sea blockade, and tanker safety continued on July 14, so the flashy 20% plan left the stage, but the chart only pulled back briefly before recovering.","Concerns about US-Iran attacks, the sea blockade, and tanker safety continued on July 14, so the flashy 20% plan left the stage, but the chart only pulled back briefly before recovering",記事は「…before recovering: the policy turn and the oil chart’s “not over yet” movement happened on the same day.」と続く。Checkerは「recovering」で止め、コロンをピリオドに替えた。語の違いなし(要約ではない。委任_41の「言い換え・要約」は類似度による診断の誤り)。固定fixture(bgroup_B3)のStage 1出力の再生で、20行は同一のChecker出力1件の再利用(独立サンプルではない)。,C2,C2:末尾の句読点(コロン→ピリオド)+文の途中で終了,,"末尾句読点除去後の全体の記事内出現=1; 引用断片の出現(そのまま/句読点除去後)=なし; 断片を除いた残り='Concerns about US-Iran attacks, the sea blockade, and tanker safety continued on July 14, so the fla'",RESOLVED_REWRITE,,j1_e1_minimal_word,一致(「so」の文を直した。issueが「so」を明記しており、直した箇所と一致),(次周回なし),見込める(末尾句読点の付加。ただし受け取り側の同値変換でPromptなしに解消できる),末尾句読点の除去で1箇所一致(文字単位の同値変換、可)
32,U07,rep9/instances_s1/bgroup_B3.json,rep9,rep7-16,bgroup_B3,1,0,Stage1初回(cycle1),はい(固定fixtureのStage 1出力を再生),EN,"Concerns about US-Iran attacks, the sea blockade, and tanker safety continued on July 14, so the flashy 20% plan left the stage, but the chart only pulled back briefly before recovering.","Concerns about US-Iran attacks, the sea blockade, and tanker safety continued on July 14, so the flashy 20% plan left the stage, but the chart only pulled back briefly before recovering",記事は「…before recovering: the policy turn and the oil chart’s “not over yet” movement happened on the same day.」と続く。Checkerは「recovering」で止め、コロンをピリオドに替えた。語の違いなし(要約ではない。委任_41の「言い換え・要約」は類似度による診断の誤り)。固定fixture(bgroup_B3)のStage 1出力の再生で、20行は同一のChecker出力1件の再利用(独立サンプルではない)。,C2,C2:末尾の句読点(コロン→ピリオド)+文の途中で終了,,"末尾句読点除去後の全体の記事内出現=1; 引用断片の出現(そのまま/句読点除去後)=なし; 断片を除いた残り='Concerns about US-Iran attacks, the sea blockade, and tanker safety continued on July 14, so the fla'",RESOLVED_REWRITE,,j1_e1_minimal_word,一致(「so」の文を直した。issueが「so」を明記しており、直した箇所と一致),(次周回なし),見込める(末尾句読点の付加。ただし受け取り側の同値変換でPromptなしに解消できる),末尾句読点の除去で1箇所一致(文字単位の同値変換、可)
33,U12,rep9/instances_s1/hormuz_run03_standard.json,rep9,rep7-16,hormuz_run03_standard,2,1,Recheck(cycle2),いいえ(Checker実出力),EN,"“Oil prices moved briefly, then returned to a high level”; “oil prices stayed high” (also reflected in the headline).","Oil prices moved briefly, then returned to a high level || oil prices stayed high",断片2つとも記事に逐語で存在(1つ目は文末ピリオドを除いたもの、2つ目はin one line内)。「; … (also reflected in the headline)」は説明文で、未引用の見出しを指す。,C3,C3b:説明文+断片2つ以上,C4:離れた2箇所(本文とin one line)+未引用の見出し,"末尾句読点除去後の全体の記事内出現=0; 引用断片の出現(そのまま/句読点除去後)=1/1,1/1; 断片を除いた残り='<断片>; <断片> (also reflected in the headline).'",STAGE4_ESCALATION,cycle_limit_exhausted_after_recheck,j1_paired_rewrite,一部のみ(本文の1文だけ直した。in one lineと見出しは未変更→次周回でその2箇所だけが再指摘された),有(1件),見込める(2断片は逐語。見出しも別要素で返せるかは未測定),説明文が未引用の見出しを含むため不可(範囲を縮小する)
34,U13,rep9/instances_s1/hormuz_run03_standard.json,rep9,rep7-16,hormuz_run03_standard,3,0,Recheck(cycle3),いいえ(Checker実出力),EN,“High Oil Prices Stay” (headline); “oil prices stayed high” (one-line summary).,High Oil Prices Stay || oil prices stayed high,"断片2つとも記事に逐語で存在・各1箇所(見出しは「The Fee Plan Leaves, But High Oil Prices Stay」の末尾)。括弧内の位置ラベルは断片の実際の位置と一致。言い換えなし。",C3,C3b:説明文+断片2つ以上,C4:見出しとin one line(別の箇所)の結合,"末尾句読点除去後の全体の記事内出現=0; 引用断片の出現(そのまま/句読点除去後)=1/1,1/1; 断片を除いた残り='<断片> (headline); <断片> (one-line summary).'",STAGE4_ESCALATION,cycle_limit_exhausted_after_recheck,j1_paired_rewrite,一部のみ(in one lineだけ直した。見出しは未変更。cycle3が最終でStage 4),(次周回なし),見込める(断片は逐語。位置ラベルをissueへ移すだけ),位置ラベルが実際の位置と一致する場合に限りラベル語を許すなら確定する(語彙リスト=再推測寄り、Opus判断)
35,U07,rep9/instances_s2/bgroup_B3.json,rep9,rep7-16,bgroup_B3,1,0,Stage1初回(cycle1),はい(固定fixtureのStage 1出力を再生),EN,"Concerns about US-Iran attacks, the sea blockade, and tanker safety continued on July 14, so the flashy 20% plan left the stage, but the chart only pulled back briefly before recovering.","Concerns about US-Iran attacks, the sea blockade, and tanker safety continued on July 14, so the flashy 20% plan left the stage, but the chart only pulled back briefly before recovering",記事は「…before recovering: the policy turn and the oil chart’s “not over yet” movement happened on the same day.」と続く。Checkerは「recovering」で止め、コロンをピリオドに替えた。語の違いなし(要約ではない。委任_41の「言い換え・要約」は類似度による診断の誤り)。固定fixture(bgroup_B3)のStage 1出力の再生で、20行は同一のChecker出力1件の再利用(独立サンプルではない)。,C2,C2:末尾の句読点(コロン→ピリオド)+文の途中で終了,,"末尾句読点除去後の全体の記事内出現=1; 引用断片の出現(そのまま/句読点除去後)=なし; 断片を除いた残り='Concerns about US-Iran attacks, the sea blockade, and tanker safety continued on July 14, so the fla'",RESOLVED_REWRITE,,j1_e1_minimal_word,一致(「so」の文を直した。issueが「so」を明記しており、直した箇所と一致),(次周回なし),見込める(末尾句読点の付加。ただし受け取り側の同値変換でPromptなしに解消できる),末尾句読点の除去で1箇所一致(文字単位の同値変換、可)
