run,instance,final_state,verdict,range,n_known_runs,known_in_runs
open233_self_recovery_flow_runner_01_rep22/instances_s1/meta_run03_standard.json,meta_run03_standard,RESOLVED_REWRITE_THEN_DOWNGRADE,見逃しの疑い,They did not realize it.,7,open233_self_recovery_flow_runner_01_iter2/instances/meta_run03_standard.json;open233_self_recovery_flow_runner_01_iter3/instances/meta_run03_standard.json;open233_self_recovery_flow_runner_01_iter4/instances/meta_run03_standard.json;open233_self_recovery_flow_runner_01_iter5/instances_s1/meta_run03_standard.json;open233_self_recovery_flow_runner_01_iter5/instances_s2/meta_run03_standard.json;open233_self_recovery_flow_runner_01_iter6/instances_s1/meta_run03_standard.json
open233_self_recovery_flow_runner_01_rep22/instances_s1/meta_run03_standard.json,meta_run03_standard,RESOLVED_REWRITE_THEN_DOWNGRADE,見逃しの疑い,"If no one explained this clearly, users could not know. They could not tell if it was AI or a person.",3,open233_self_recovery_flow_runner_01_iter2/instances/meta_run03_standard.json;open233_self_recovery_flow_runner_01_iter3/instances/meta_run03_standard.json;open233_self_recovery_flow_runner_01_iter4/instances/meta_run03_standard.json
open233_self_recovery_flow_runner_01_rep22/instances_s1/meta_run03_standard.json,meta_run03_standard,RESOLVED_REWRITE_THEN_DOWNGRADE,見逃しの疑い,News reports also cited one employee’s report.,3,open233_self_recovery_flow_runner_01_iter8/instances_s1/meta_run03_standard.json;open233_self_recovery_flow_runner_01_iter8/instances_s2/meta_run03_standard.json;open233_self_recovery_flow_runner_01_rep19/instances_s1/meta_run03_standard.json
open233_self_recovery_flow_runner_01_rep22/instances_s1/meta_run03_standard.json,meta_run03_standard,RESOLVED_REWRITE_THEN_DOWNGRADE,見逃しの疑い,"However, this is only one report. It would be wrong to say all contract workers did this.",3,open233_self_recovery_flow_runner_01_iter8/instances_s1/meta_run03_standard.json;open233_self_recovery_flow_runner_01_iter8/instances_s2/meta_run03_standard.json;open233_self_recovery_flow_runner_01_rep19/instances_s1/meta_run03_standard.json
open233_self_recovery_flow_runner_01_rep22/instances_s1/meta_run03_standard.json,meta_run03_standard,RESOLVED_REWRITE_THEN_DOWNGRADE,見逃しの疑い,"Some calls through Meta’s AI assistant were actually handled by humans, but users were not properly told.",1,open233_self_recovery_flow_runner_01_iter8/instances_s1/meta_run03_standard.json
open233_self_recovery_flow_runner_01_rep22/instances_s1/meta_run03_standard.json,meta_run03_standard,RESOLVED_REWRITE_THEN_DOWNGRADE,見逃しの疑い,"However, this is only one report.",1,open233_self_recovery_flow_runner_01_iter8/instances_s1/meta_run03_standard.json
open233_self_recovery_flow_runner_01_rep22/instances_s1/meta_run03_standard.json,meta_run03_standard,RESOLVED_REWRITE_THEN_DOWNGRADE,見逃しの疑い,"They enjoyed AI’s convenience, but a human was on the other end. They did not realize it.",4,open233_self_recovery_flow_runner_01_iter8/instances_s1/meta_run03_standard.json;open233_self_recovery_flow_runner_01_iter8/instances_s2/meta_run03_standard.json;open233_self_recovery_flow_runner_01_rep19/instances_s1/meta_run03_standard.json;open233_self_recovery_flow_runner_01_rep22/instances_s2/meta_run03_standard.json
open233_self_recovery_flow_runner_01_rep22/instances_s1/meta_run03_standard.json,meta_run03_standard,RESOLVED_REWRITE_THEN_DOWNGRADE,見逃しの疑い,It said human staff made inappropriate comments about race during one call.,2,open233_self_recovery_flow_runner_01_iter8/instances_s1/meta_run03_standard.json;open233_self_recovery_flow_runner_01_iter8/instances_s2/meta_run03_standard.json
open233_self_recovery_flow_runner_01_rep22/instances_s1/meta_run03_standard.json,meta_run03_standard,RESOLVED_REWRITE_THEN_DOWNGRADE,見逃しの疑い,They could not tell if it was AI or a person.,2,open233_self_recovery_flow_runner_01_iter8/instances_s1/meta_run03_standard.json;open233_self_recovery_flow_runner_01_iter8/instances_s2/meta_run03_standard.json
open233_self_recovery_flow_runner_01_rep22/instances_s1/meta_run03_standard.json,meta_run03_standard,RESOLVED_REWRITE_THEN_DOWNGRADE,見逃しの疑い,This call was about trying to lower internet or cable fees.,1,open233_self_recovery_flow_runner_01_iter8/instances_s1/meta_run03_standard.json
open233_self_recovery_flow_runner_01_rep22/instances_s1/meta_run03_standard.json,meta_run03_standard,RESOLVED_REWRITE_THEN_DOWNGRADE,見逃しの疑い,"They enjoyed AI’s convenience, but a human was on the other end.",1,open233_self_recovery_flow_runner_01_rep11/instances_s1/meta_run03_standard.json
open233_self_recovery_flow_runner_01_rep22/instances_s1/meta_run03_standard.json,meta_run03_standard,RESOLVED_REWRITE_THEN_DOWNGRADE,見逃しの疑い,some calls needed user information to continue.,1,open233_self_recovery_flow_runner_01_rep19/instances_s1/meta_run03_standard.json
open233_self_recovery_flow_runner_01_rep22/instances_s1/meta_run03_standard.json,meta_run03_standard,RESOLVED_REWRITE_THEN_DOWNGRADE,見逃しの疑い,The problem was telling users who was speaking.,1,open233_self_recovery_flow_runner_01_rep19/instances_s1/meta_run03_standard.json
open233_self_recovery_flow_runner_01_rep22/instances_s1/meta_run03_standard.json,meta_run03_standard,RESOLVED_REWRITE_THEN_DOWNGRADE,見逃しの疑い,People asking Muse to call might think AI was calling.,1,open233_self_recovery_flow_runner_01_rep19/instances_s1/meta_run03_standard.json
open233_self_recovery_flow_runner_01_rep22/instances_s1/meta_run03_standard.json,meta_run03_standard,RESOLVED_REWRITE_THEN_DOWNGRADE,見逃しの疑い,"But sometimes, a human was speaking instead.",1,open233_self_recovery_flow_runner_01_rep19/instances_s1/meta_run03_standard.json
open233_self_recovery_flow_runner_01_rep22/instances_s1/meta_run03_standard.json,meta_run03_standard,RESOLVED_REWRITE_THEN_DOWNGRADE,見逃しの疑い,some calls needed user information to continue,1,open233_self_recovery_flow_runner_01_rep22/instances_s2/meta_run03_standard.json
open233_self_recovery_flow_runner_01_rep22/instances_s3/meta_run03_standard.json,meta_run03_standard,RESOLVED_REWRITE_THEN_DOWNGRADE,見逃しの疑い,They did not realize it.,7,open233_self_recovery_flow_runner_01_iter2/instances/meta_run03_standard.json;open233_self_recovery_flow_runner_01_iter3/instances/meta_run03_standard.json;open233_self_recovery_flow_runner_01_iter4/instances/meta_run03_standard.json;open233_self_recovery_flow_runner_01_iter5/instances_s1/meta_run03_standard.json;open233_self_recovery_flow_runner_01_iter5/instances_s2/meta_run03_standard.json;open233_self_recovery_flow_runner_01_iter6/instances_s1/meta_run03_standard.json
open233_self_recovery_flow_runner_01_rep22/instances_s3/meta_run03_standard.json,meta_run03_standard,RESOLVED_REWRITE_THEN_DOWNGRADE,見逃しの疑い,"If no one explained this clearly, users could not know. They could not tell if it was AI or a person.",3,open233_self_recovery_flow_runner_01_iter2/instances/meta_run03_standard.json;open233_self_recovery_flow_runner_01_iter3/instances/meta_run03_standard.json;open233_self_recovery_flow_runner_01_iter4/instances/meta_run03_standard.json
open233_self_recovery_flow_runner_01_rep22/instances_s3/meta_run03_standard.json,meta_run03_standard,RESOLVED_REWRITE_THEN_DOWNGRADE,見逃しの疑い,News reports also cited one employee’s report.,3,open233_self_recovery_flow_runner_01_iter8/instances_s1/meta_run03_standard.json;open233_self_recovery_flow_runner_01_iter8/instances_s2/meta_run03_standard.json;open233_self_recovery_flow_runner_01_rep19/instances_s1/meta_run03_standard.json
open233_self_recovery_flow_runner_01_rep22/instances_s3/meta_run03_standard.json,meta_run03_standard,RESOLVED_REWRITE_THEN_DOWNGRADE,見逃しの疑い,"However, this is only one report. It would be wrong to say all contract workers did this.",3,open233_self_recovery_flow_runner_01_iter8/instances_s1/meta_run03_standard.json;open233_self_recovery_flow_runner_01_iter8/instances_s2/meta_run03_standard.json;open233_self_recovery_flow_runner_01_rep19/instances_s1/meta_run03_standard.json
open233_self_recovery_flow_runner_01_rep22/instances_s3/meta_run03_standard.json,meta_run03_standard,RESOLVED_REWRITE_THEN_DOWNGRADE,見逃しの疑い,"Some calls through Meta’s AI assistant were actually handled by humans, but users were not properly told.",1,open233_self_recovery_flow_runner_01_iter8/instances_s1/meta_run03_standard.json
open233_self_recovery_flow_runner_01_rep22/instances_s3/meta_run03_standard.json,meta_run03_standard,RESOLVED_REWRITE_THEN_DOWNGRADE,見逃しの疑い,It said human staff made inappropriate comments about race during a call.,2,open233_self_recovery_flow_runner_01_iter8/instances_s1/meta_run03_standard.json;open233_self_recovery_flow_runner_01_rep19/instances_s1/meta_run03_standard.json
open233_self_recovery_flow_runner_01_rep22/instances_s3/meta_run03_standard.json,meta_run03_standard,RESOLVED_REWRITE_THEN_DOWNGRADE,見逃しの疑い,"However, this is only one report.",1,open233_self_recovery_flow_runner_01_iter8/instances_s1/meta_run03_standard.json
open233_self_recovery_flow_runner_01_rep22/instances_s3/meta_run03_standard.json,meta_run03_standard,RESOLVED_REWRITE_THEN_DOWNGRADE,見逃しの疑い,"They enjoyed AI’s convenience, but a human was on the other end. They did not realize it.",4,open233_self_recovery_flow_runner_01_iter8/instances_s1/meta_run03_standard.json;open233_self_recovery_flow_runner_01_iter8/instances_s2/meta_run03_standard.json;open233_self_recovery_flow_runner_01_rep19/instances_s1/meta_run03_standard.json;open233_self_recovery_flow_runner_01_rep22/instances_s2/meta_run03_standard.json
open233_self_recovery_flow_runner_01_rep22/instances_s3/meta_run03_standard.json,meta_run03_standard,RESOLVED_REWRITE_THEN_DOWNGRADE,見逃しの疑い,They could not tell if it was AI or a person.,2,open233_self_recovery_flow_runner_01_iter8/instances_s1/meta_run03_standard.json;open233_self_recovery_flow_runner_01_iter8/instances_s2/meta_run03_standard.json
open233_self_recovery_flow_runner_01_rep22/instances_s3/meta_run03_standard.json,meta_run03_standard,RESOLVED_REWRITE_THEN_DOWNGRADE,見逃しの疑い,This call was about trying to lower internet or cable fees.,1,open233_self_recovery_flow_runner_01_iter8/instances_s1/meta_run03_standard.json
open233_self_recovery_flow_runner_01_rep22/instances_s3/meta_run03_standard.json,meta_run03_standard,RESOLVED_REWRITE_THEN_DOWNGRADE,見逃しの疑い,"They enjoyed AI’s convenience, but a human was on the other end.",1,open233_self_recovery_flow_runner_01_rep11/instances_s1/meta_run03_standard.json
open233_self_recovery_flow_runner_01_rep22/instances_s3/meta_run03_standard.json,meta_run03_standard,RESOLVED_REWRITE_THEN_DOWNGRADE,見逃しの疑い,some calls needed user information to continue.,1,open233_self_recovery_flow_runner_01_rep19/instances_s1/meta_run03_standard.json
open233_self_recovery_flow_runner_01_rep22/instances_s3/meta_run03_standard.json,meta_run03_standard,RESOLVED_REWRITE_THEN_DOWNGRADE,見逃しの疑い,The problem was telling users who was speaking.,1,open233_self_recovery_flow_runner_01_rep19/instances_s1/meta_run03_standard.json
open233_self_recovery_flow_runner_01_rep22/instances_s3/meta_run03_standard.json,meta_run03_standard,RESOLVED_REWRITE_THEN_DOWNGRADE,見逃しの疑い,People asking Muse to call might think AI was calling.,1,open233_self_recovery_flow_runner_01_rep19/instances_s1/meta_run03_standard.json
open233_self_recovery_flow_runner_01_rep22/instances_s3/meta_run03_standard.json,meta_run03_standard,RESOLVED_REWRITE_THEN_DOWNGRADE,見逃しの疑い,"But sometimes, a human was speaking instead.",1,open233_self_recovery_flow_runner_01_rep19/instances_s1/meta_run03_standard.json
open233_self_recovery_flow_runner_01_rep22/instances_s3/meta_run03_standard.json,meta_run03_standard,RESOLVED_REWRITE_THEN_DOWNGRADE,見逃しの疑い,some calls needed user information to continue,1,open233_self_recovery_flow_runner_01_rep22/instances_s2/meta_run03_standard.json
open233_self_recovery_flow_runner_01_rep22/instances_s4/meta_run03_standard.json,meta_run03_standard,RESOLVED_REWRITE_THEN_DOWNGRADE,見逃しの疑い,They did not realize it.,7,open233_self_recovery_flow_runner_01_iter2/instances/meta_run03_standard.json;open233_self_recovery_flow_runner_01_iter3/instances/meta_run03_standard.json;open233_self_recovery_flow_runner_01_iter4/instances/meta_run03_standard.json;open233_self_recovery_flow_runner_01_iter5/instances_s1/meta_run03_standard.json;open233_self_recovery_flow_runner_01_iter5/instances_s2/meta_run03_standard.json;open233_self_recovery_flow_runner_01_iter6/instances_s1/meta_run03_standard.json
open233_self_recovery_flow_runner_01_rep22/instances_s4/meta_run03_standard.json,meta_run03_standard,RESOLVED_REWRITE_THEN_DOWNGRADE,見逃しの疑い,"If no one explained this clearly, users could not know. They could not tell if it was AI or a person.",3,open233_self_recovery_flow_runner_01_iter2/instances/meta_run03_standard.json;open233_self_recovery_flow_runner_01_iter3/instances/meta_run03_standard.json;open233_self_recovery_flow_runner_01_iter4/instances/meta_run03_standard.json
open233_self_recovery_flow_runner_01_rep22/instances_s4/meta_run03_standard.json,meta_run03_standard,RESOLVED_REWRITE_THEN_DOWNGRADE,見逃しの疑い,News reports also cited one employee’s report.,3,open233_self_recovery_flow_runner_01_iter8/instances_s1/meta_run03_standard.json;open233_self_recovery_flow_runner_01_iter8/instances_s2/meta_run03_standard.json;open233_self_recovery_flow_runner_01_rep19/instances_s1/meta_run03_standard.json
open233_self_recovery_flow_runner_01_rep22/instances_s4/meta_run03_standard.json,meta_run03_standard,RESOLVED_REWRITE_THEN_DOWNGRADE,見逃しの疑い,"However, this is only one report. It would be wrong to say all contract workers did this.",3,open233_self_recovery_flow_runner_01_iter8/instances_s1/meta_run03_standard.json;open233_self_recovery_flow_runner_01_iter8/instances_s2/meta_run03_standard.json;open233_self_recovery_flow_runner_01_rep19/instances_s1/meta_run03_standard.json
open233_self_recovery_flow_runner_01_rep22/instances_s4/meta_run03_standard.json,meta_run03_standard,RESOLVED_REWRITE_THEN_DOWNGRADE,見逃しの疑い,"Some calls through Meta’s AI assistant were actually handled by humans, but users were not properly told.",1,open233_self_recovery_flow_runner_01_iter8/instances_s1/meta_run03_standard.json
open233_self_recovery_flow_runner_01_rep22/instances_s4/meta_run03_standard.json,meta_run03_standard,RESOLVED_REWRITE_THEN_DOWNGRADE,見逃しの疑い,It said human staff made inappropriate comments about race during a call.,2,open233_self_recovery_flow_runner_01_iter8/instances_s1/meta_run03_standard.json;open233_self_recovery_flow_runner_01_rep19/instances_s1/meta_run03_standard.json
open233_self_recovery_flow_runner_01_rep22/instances_s4/meta_run03_standard.json,meta_run03_standard,RESOLVED_REWRITE_THEN_DOWNGRADE,見逃しの疑い,"However, this is only one report.",1,open233_self_recovery_flow_runner_01_iter8/instances_s1/meta_run03_standard.json
open233_self_recovery_flow_runner_01_rep22/instances_s4/meta_run03_standard.json,meta_run03_standard,RESOLVED_REWRITE_THEN_DOWNGRADE,見逃しの疑い,"They enjoyed AI’s convenience, but a human was on the other end. They did not realize it.",4,open233_self_recovery_flow_runner_01_iter8/instances_s1/meta_run03_standard.json;open233_self_recovery_flow_runner_01_iter8/instances_s2/meta_run03_standard.json;open233_self_recovery_flow_runner_01_rep19/instances_s1/meta_run03_standard.json;open233_self_recovery_flow_runner_01_rep22/instances_s2/meta_run03_standard.json
open233_self_recovery_flow_runner_01_rep22/instances_s4/meta_run03_standard.json,meta_run03_standard,RESOLVED_REWRITE_THEN_DOWNGRADE,見逃しの疑い,They could not tell if it was AI or a person.,2,open233_self_recovery_flow_runner_01_iter8/instances_s1/meta_run03_standard.json;open233_self_recovery_flow_runner_01_iter8/instances_s2/meta_run03_standard.json
open233_self_recovery_flow_runner_01_rep22/instances_s4/meta_run03_standard.json,meta_run03_standard,RESOLVED_REWRITE_THEN_DOWNGRADE,見逃しの疑い,This call was about trying to lower internet or cable fees.,1,open233_self_recovery_flow_runner_01_iter8/instances_s1/meta_run03_standard.json
open233_self_recovery_flow_runner_01_rep22/instances_s4/meta_run03_standard.json,meta_run03_standard,RESOLVED_REWRITE_THEN_DOWNGRADE,見逃しの疑い,"They enjoyed AI’s convenience, but a human was on the other end.",1,open233_self_recovery_flow_runner_01_rep11/instances_s1/meta_run03_standard.json
open233_self_recovery_flow_runner_01_rep22/instances_s4/meta_run03_standard.json,meta_run03_standard,RESOLVED_REWRITE_THEN_DOWNGRADE,見逃しの疑い,some calls needed user information to continue.,1,open233_self_recovery_flow_runner_01_rep19/instances_s1/meta_run03_standard.json
open233_self_recovery_flow_runner_01_rep22/instances_s4/meta_run03_standard.json,meta_run03_standard,RESOLVED_REWRITE_THEN_DOWNGRADE,見逃しの疑い,The problem was telling users who was speaking.,1,open233_self_recovery_flow_runner_01_rep19/instances_s1/meta_run03_standard.json
open233_self_recovery_flow_runner_01_rep22/instances_s4/meta_run03_standard.json,meta_run03_standard,RESOLVED_REWRITE_THEN_DOWNGRADE,見逃しの疑い,People asking Muse to call might think AI was calling.,1,open233_self_recovery_flow_runner_01_rep19/instances_s1/meta_run03_standard.json
open233_self_recovery_flow_runner_01_rep22/instances_s4/meta_run03_standard.json,meta_run03_standard,RESOLVED_REWRITE_THEN_DOWNGRADE,見逃しの疑い,"But sometimes, a human was speaking instead.",1,open233_self_recovery_flow_runner_01_rep19/instances_s1/meta_run03_standard.json
open233_self_recovery_flow_runner_01_rep22/instances_s4/meta_run03_standard.json,meta_run03_standard,RESOLVED_REWRITE_THEN_DOWNGRADE,見逃しの疑い,some calls needed user information to continue,1,open233_self_recovery_flow_runner_01_rep22/instances_s2/meta_run03_standard.json
