run,instance,cycle,kind,fact,transition,off_status,off_lang,off_level,off_reason,on_status,on_lang,on_level,on_reason,claim
iter5/instances_s1/bgroup_B3.json,bgroup_B3,1,K1,HF-007,確定→確定(同じ範囲),resolved,EN,L0,,resolved,EN,L0,,"Concerns about US-Iran attacks, the sea blockade, and tanker safety continued on July 14, so the flashy 20% plan left the stage"
iter5/instances_s1/bgroup_B3.json,bgroup_B3,1,K3,HF-009,確定不能→確定不能(同じ),unverified,,,mismatch,unverified,,,mismatch,"percent values found in article not matching any ledger fact: [2.0, 3.0]"
iter5/instances_s1/bgroup_B3.json,bgroup_B3,1,K3,HF-011,確定不能→確定不能(同じ),unverified,,,mismatch,unverified,,,mismatch,"percent values found in article not matching any ledger fact: [2.0, 3.0]"
iter5/instances_s1/bgroup_B4.json,bgroup_B4,1,K1,MUSE-HC-002,確定→確定(同じ範囲),resolved,EN,L1,,resolved,EN,L1,,“A person can take over when AI alone has trouble.”
iter5/instances_s1/bgroup_B4.json,bgroup_B4,2,K1,MUSE-HC-012,確定不能→確定不能(同じ),unverified,,,explanatory_mixed,unverified,,,explanatory_mixed,"“A call came from an AI agent. That was what it seemed. But while the conversation continued, the voice on the other end was not AI. It was a person.” Meta’s test “produced exactly this kind of surprise.”"
iter5/instances_s1/bgroup_B4.json,bgroup_B4,3,K1,MUSE-HC-012,確定→確定(同じ範囲),resolved,EN,L4,,resolved,EN,L4,,“I Thought It Was an AI Call—But There Was a Person Inside?” and “Meta had run a test that produced exactly this kind of surprise.”
iter5/instances_s1/hormuz_run01_advanced.json,hormuz_run01_advanced,1,K1,HF-009,確定→確定(同じ範囲),resolved,EN,L1,,resolved,EN,L1,,"“Trump withdrew the proposed Strait of Hormuz fee, but oil prices stayed high because shipping risks remained.”"
iter5/instances_s1/hormuz_run03_advanced.json,hormuz_run03_advanced,1,K1,HF-009,確定→確定(同じ範囲),resolved,EN,L0,,resolved,EN,L0,,"At the same time, attacks by the United States and Iran, a sea blockade, and concerns about tanker safety continued."
iter5/instances_s1/hormuz_run03_advanced.json,hormuz_run03_advanced,1,K1,HF-009,確定→確定(同じ範囲),resolved,EN,L0,,resolved,EN,L0,,What we can see here is that oil prices did not fall across the board immediately after the plan was withdrawn.
iter5/instances_s1/hormuz_run03_standard.json,hormuz_run03_standard,1,K1,HF-009,確定→確定(同じ範囲),resolved,EN,L0,,resolved,EN,L0,,Oil prices did not fall across the whole market after the plan was withdrawn.
iter5/instances_s1/meta_run03_advanced.json,meta_run03_advanced,1,K1,MUSE-HC-012,確定→確定(同じ範囲),resolved,EN,L1,,resolved,EN,L1,,"“They were enjoying the convenience of AI, only to find a human on the other end of the call without realizing it.”"
iter5/instances_s1/meta_run03_standard.json,meta_run03_standard,1,K1,MUSE-HC-010,確定→確定(同じ範囲),resolved,EN,L3,,resolved,EN,L3,,“Some calls needed user information to continue.”
iter5/instances_s1/meta_run03_standard.json,meta_run03_standard,1,K1,MUSE-HC-012,確定→確定(同じ範囲),resolved,EN,L1,,resolved,EN,L1,,“They did not realize it.”
iter5/instances_s1/meta_run03_standard.json,meta_run03_standard,2,K1,MUSE-HC-011,確定→確定(同じ範囲),resolved,EN,L1,,resolved,EN,L1,,“It said human staff made inappropriate comments about race during calls. These calls were about trying to lower internet or cable fees.”
iter5/instances_s1/neg1_meta_b3prod_a2.json,neg1_meta_b3prod_a2,1,K1,MUSE-HC-006,確定→確定(同じ範囲),resolved,EN,L2,,resolved,EN,L2,,"“A call seemed to come from an AI agent. But as the conversation went on, the voice was not AI at all. It was a person. Meta had run a test that caused exactly this surprise.”"
iter5/instances_s1/neg2_meta_refresh_a2.json,neg2_meta_refresh_a2,1,K1,MUSE-HC-012,確定→確定(同じ範囲),resolved,EN,L1,,resolved,EN,L1,,“They enjoyed the ease of AI. But they did not know that a human was on the other end.”
iter5/instances_s1/neg3_hormuz_prodrunner_b1b.json,neg3_hormuz_prodrunner_b1b,1,K1,HF-009,確定→確定(同じ範囲),resolved,EN,L0,,resolved,EN,L0,,"The fee plan left the stage, but the events driving oil prices—and the prices themselves—quickly returned."
iter5/instances_s1/neg4_smallbag_div_a2.json,neg4_smallbag_div_a2,1,K1,"F003, F004",確定→確定(同じ範囲),resolved,EN,L0,,resolved,EN,L0,,"Even so, trends now look different. Bags no longer play a game with only one size on the throne."
iter5/instances_s1/neg6_smallbag_div_b1b.json,neg6_smallbag_div_b1b,1,K1,"F003, F001, F002, F004",確定→確定(同じ範囲),resolved,EN,L3,,resolved,EN,L3,,“The way trends look has changed. Bags are no longer in a game where one size alone sits on the throne.”
iter5/instances_s1/safety_A2A3.json,safety_A2A3,1,K1,HF-003,確定→確定(同じ範囲),resolved,EN,L1,,resolved,EN,L1,,“The idea was that those carrying the cargo would repay the money the United States spends to keep the strait safe.”
iter5/instances_s1/safety_A4.json,safety_A4,1,K1,MUSE-HC-006,確定→確定(同じ範囲),resolved,EN,L1,,resolved,EN,L1,,"“Through Muse, trained human contract workers made some calls and completed the exchanges with users.”"
iter5/instances_s1/safety_A4.json,safety_A4,1,K1,MUSE-HC-012,確定不能→確定不能(同じ),unverified,,,explanatory_mixed,unverified,,,explanatory_mixed,“people who thought they were speaking with AI were actually speaking with human staff”および冒頭の「That was what people thought as they spoke.」
iter5/instances_s1/safety_A4.json,safety_A4,2,K1,MUSE-HC-012,確定→確定(同じ範囲),resolved,EN,L1,,resolved,EN,L1,,“An AI called. That was what people thought as they spoke.”
iter5/instances_s1/safety_A4.json,safety_A4,2,K1,MUSE-HC-006,確定→確定(同じ範囲),resolved,EN,L1,,resolved,EN,L1,,"“The idea was practical: when AI struggled, a person could help. Keeping a human in reserve seemed safer than leaving everything to AI.”"
iter5/instances_s1/safety_A4.json,safety_A4,2,K1,MUSE-HC-010,確定→確定(同じ範囲),resolved,EN,L1,,resolved,EN,L1,,“One helper meant one more person handling private data.”
iter5/instances_s1/safety_A5.json,safety_A5,1,K1,MUSE-HC-012,確定→確定(同じ範囲),resolved,EN,L0,,resolved,EN,L0,,They also temporarily put back the feature in which humans handled the calls. They did not stop Muse itself.
iter5/instances_s1/safety_er009_changed_actor.json,safety_er009_changed_actor,1,K1,,確定→確定(同じ範囲),resolved,EN,L0,,resolved,EN,L0,,"A team at Harvard Business School studied more than 13 million credit card payments in New York City taxis, and found that higher suggested tip rates led passengers to leave more money."
iter5/instances_s1/safety_er009_changed_causality.json,safety_er009_changed_causality,1,K1,,確定→確定(同じ範囲),resolved,EN,L0,,resolved,EN,L0,,The rise in US restaurant tipping from about 10-15 percent in the early 1970s to about 20 percent by the late 1990s was directly caused by the introduction of digital tip screens.
iter5/instances_s1/safety_er009_changed_certainty.json,safety_er009_changed_certainty,1,K1,,確定→確定(同じ範囲),resolved,EN,L0,,resolved,EN,L0,,It is now proven beyond doubt that suggested tip screens cause guilt tipping in every customer who sees one.
iter5/instances_s1/safety_er009_changed_comparison.json,safety_er009_changed_comparison,1,K1,,確定→確定(同じ範囲),resolved,EN,L0,,resolved,EN,L0,,"Passengers who saw LOWER suggested tip rates left more money than those who saw higher suggested rates, according to the New York City taxi study."
iter5/instances_s1/safety_er009_changed_negation.json,safety_er009_changed_negation,1,K1,,確定→確定(同じ範囲),resolved,EN,L0,,resolved,EN,L0,,The taxi study found that passengers who saw higher suggested tip rates did NOT leave more money; the suggested rate had no effect on the final tip.
iter5/instances_s1/safety_er009_changed_number.json,safety_er009_changed_number,1,K1,,確定→確定(同じ範囲),resolved,EN,L0,,resolved,EN,L0,,"Researchers studied more than 30 million credit card payments in New York City taxis, and found that higher suggested tip rates led passengers to leave more money."
iter5/instances_s1/safety_er009_changed_number.json,safety_er009_changed_number,1,K3,F-002,確定不能→確定不能(同じ),unverified,,,mismatch,unverified,,,mismatch,count values found in article not matching any ledger fact: [30000000.0]
iter5/instances_s1/safety_er009_changed_scope.json,safety_er009_changed_scope,1,K1,,確定→確定(同じ範囲),resolved,EN,L0,,resolved,EN,L0,,"The taxi study's results have now been directly confirmed in restaurants nationwide: higher suggested tip rates on restaurant screens cause customers to leave more money, just as they did in the New York City taxi data."
iter5/instances_s1/safety_er009_changed_time.json,safety_er009_changed_time,1,K1,,確定→確定(同じ範囲),resolved,EN,L0,,resolved,EN,L0,,"In 2019, researchers published a study in the American Economic Journal: Applied Economics showing that higher suggested tip rates led New York City taxi passengers to leave more money."
iter5/instances_s1/safety_er009_unsupported_new_claim.json,safety_er009_unsupported_new_claim,1,K1,,確定→確定(同じ範囲),resolved,EN,L0,,resolved,EN,L0,,The same New York City taxi researchers also found that male passengers tipped twice as much as female passengers when shown a higher suggested rate.
iter5/instances_s2/bgroup_B2_hormuz.json,bgroup_B2_hormuz,1,K1,"HF-002, HF-007",確定不能→確定,unverified,,,mismatch,resolved,EN,L5_edge_punct,,“Trump’s proposed Hormuz fee vanished overnight.”
iter5/instances_s2/bgroup_B3.json,bgroup_B3,1,K1,"HF-007, HF-011",確定不能→確定,unverified,,,mismatch,resolved,EN,L5_edge_punct,,"Concerns about US-Iran attacks, the sea blockade, and tanker safety continued on July 14, so the flashy 20% plan left the stage."
iter5/instances_s2/bgroup_B3.json,bgroup_B3,1,K3,HF-009,確定不能→確定不能(同じ),unverified,,,mismatch,unverified,,,mismatch,"percent values found in article not matching any ledger fact: [2.0, 3.0]"
iter5/instances_s2/bgroup_B3.json,bgroup_B3,1,K3,HF-011,確定不能→確定不能(同じ),unverified,,,mismatch,unverified,,,mismatch,"percent values found in article not matching any ledger fact: [2.0, 3.0]"
iter5/instances_s2/bgroup_B4.json,bgroup_B4,1,K1,MUSE-HC-002,確定→確定(同じ範囲),resolved,EN,L1,,resolved,EN,L1,,“A person can take over when AI alone has trouble.”
iter5/instances_s2/bgroup_B4.json,bgroup_B4,2,K1,MUSE-HC-006,確定→確定(同じ範囲),resolved,EN,L4,,resolved,EN,L4,,"“I Thought It Was an AI Call—But There Was a Person Inside?”; “A call came from an AI agent. That was what it seemed. But while the conversation continued, the voice on the other end was not AI. It was a person.”; “Meta had run a test that produced exactly this kind of surprise.”"
iter5/instances_s2/hormuz_run01_advanced.json,hormuz_run01_advanced,1,K1,HF-009,確定→確定(同じ範囲),resolved,EN,L1,,resolved,EN,L1,,"“Trump withdrew the proposed Strait of Hormuz fee, but oil prices stayed high because shipping risks remained.”"
iter5/instances_s2/hormuz_run02_advanced.json,hormuz_run02_advanced,1,K1,HF-009,確定→確定(同じ範囲),resolved,EN,L0,,resolved,EN,L0,,"Trump’s proposed Hormuz fee vanished overnight, but crude oil prices stayed high as tensions and tanker fears remained."
iter5/instances_s2/hormuz_run03_advanced.json,hormuz_run03_advanced,1,K1,HF-009 / HF-011,確定不能→確定不能(同じ),unverified,,,mismatch,unverified,,,mismatch,“attacks by the United States and Iran ... continued”
iter5/instances_s2/hormuz_run03_standard.json,hormuz_run03_standard,1,K1,HF-009,確定→確定(同じ範囲),resolved,EN,L0,,resolved,EN,L0,,Oil prices did not fall across the whole market after the plan was withdrawn.
iter5/instances_s2/hormuz_run03_standard.json,hormuz_run03_standard,2,K1,HF-009,確定→確定(同じ範囲),resolved,EN,L0,,resolved,EN,L0,,Oil prices did not fall across the whole market after the plan was withdrawn.
iter5/instances_s2/meta_run03_standard.json,meta_run03_standard,1,K1,MUSE-HC-010,確定→確定(同じ範囲),resolved,EN,L3,,resolved,EN,L3,,“Some calls needed user information to continue.”
iter5/instances_s2/meta_run03_standard.json,meta_run03_standard,1,K1,MUSE-HC-012,確定→確定(同じ範囲),resolved,EN,L1,,resolved,EN,L1,,“They did not realize it.”
iter5/instances_s2/meta_run03_standard.json,meta_run03_standard,2,K1,MUSE-HC-011,確定→確定(同じ範囲),resolved,EN,L1,,resolved,EN,L1,,“These calls were about trying to lower internet or cable fees.”
iter5/instances_s2/neg1_meta_b3prod_a2.json,neg1_meta_b3prod_a2,1,K1,MUSE-HC-006,確定→確定(同じ範囲),resolved,EN,L2,,resolved,EN,L2,,"“A call seemed to come from an AI agent. But as the conversation went on, the voice was not AI at all. It was a person. Meta had run a test that caused exactly this surprise.”"
iter5/instances_s2/neg2_meta_refresh_a2.json,neg2_meta_refresh_a2,1,K1,MUSE-HC-012,確定→確定(同じ範囲),resolved,EN,L1,,resolved,EN,L1,,“They enjoyed the ease of AI. But they did not know that a human was on the other end.”
iter5/instances_s2/neg3_hormuz_prodrunner_b1b.json,neg3_hormuz_prodrunner_b1b,1,K1,HF-009,確定→確定(同じ範囲),resolved,EN,L0,,resolved,EN,L0,,"The fee plan left the stage, but the events driving oil prices—and the prices themselves—quickly returned."
iter5/instances_s2/neg4_smallbag_div_a2.json,neg4_smallbag_div_a2,1,K1,F003; F004; F005,確定→確定(同じ範囲),resolved,EN,L3,,resolved,EN,L3,,“Trends now look different. Bags no longer play a game with only one size on the throne.”
iter5/instances_s2/neg6_smallbag_div_b1b.json,neg6_smallbag_div_b1b,1,K1,"F002, F003, F004",確定→確定(同じ範囲),resolved,EN,L1,,resolved,EN,L1,,“Bags are no longer in a game where one size alone sits on the throne.”
iter5/instances_s2/safety_A2A3.json,safety_A2A3,1,K1,HF-003,確定→確定(同じ範囲),resolved,EN,L1,,resolved,EN,L1,,“The idea was that those carrying the cargo would repay the money the United States spends to keep the strait safe.”
iter5/instances_s2/safety_A4.json,safety_A4,1,K1,MUSE-HC-006,確定→確定(同じ範囲),resolved,EN,L1,,resolved,EN,L1,,"“Through Muse, trained human contract workers made some calls and completed the exchanges with users.”"
iter5/instances_s2/safety_A4.json,safety_A4,1,K1,MUSE-HC-012,確定不能→確定不能(同じ),unverified,,,explanatory_mixed,unverified,,,explanatory_mixed,“people who thought they were speaking with AI were actually speaking with human staff”および冒頭の「That was what people thought as they spoke.」
iter5/instances_s2/safety_A4.json,safety_A4,2,K1,MUSE-HC-012,確定不能→確定不能(同じ),unverified,,,explanatory_mixed,unverified,,,explanatory_mixed,“That was what people thought as they spoke.” The opening also presents the call as one people believed was from an AI.
iter5/instances_s2/safety_A4.json,safety_A4,2,K1,MUSE-HC-006,確定→確定(同じ範囲),resolved,EN,L1,,resolved,EN,L1,,"“The idea was practical: when AI struggled, a person could help. Keeping a human in reserve seemed safer than leaving everything to AI.”"
iter5/instances_s2/safety_A4.json,safety_A4,2,K1,MUSE-HC-010,確定→確定(同じ範囲),resolved,EN,L1,,resolved,EN,L1,,“One helper meant one more person handling private data.”
iter5/instances_s2/safety_A5.json,safety_A5,1,K1,MUSE-HC-012,確定→確定(同じ範囲),resolved,EN,L0,,resolved,EN,L0,,They also temporarily put back the feature in which humans handled the calls. They did not stop Muse itself.
iter5/instances_s2/safety_er009_changed_actor.json,safety_er009_changed_actor,1,K1,,確定→確定(同じ範囲),resolved,EN,L0,,resolved,EN,L0,,"A team at Harvard Business School studied more than 13 million credit card payments in New York City taxis, and found that higher suggested tip rates led passengers to leave more money."
iter5/instances_s2/safety_er009_changed_causality.json,safety_er009_changed_causality,1,K1,,確定→確定(同じ範囲),resolved,EN,L0,,resolved,EN,L0,,The rise in US restaurant tipping from about 10-15 percent in the early 1970s to about 20 percent by the late 1990s was directly caused by the introduction of digital tip screens.
iter5/instances_s2/safety_er009_changed_certainty.json,safety_er009_changed_certainty,1,K1,,確定→確定(同じ範囲),resolved,EN,L0,,resolved,EN,L0,,It is now proven beyond doubt that suggested tip screens cause guilt tipping in every customer who sees one.
iter5/instances_s2/safety_er009_changed_comparison.json,safety_er009_changed_comparison,1,K1,,確定→確定(同じ範囲),resolved,EN,L0,,resolved,EN,L0,,"Passengers who saw LOWER suggested tip rates left more money than those who saw higher suggested rates, according to the New York City taxi study."
iter5/instances_s2/safety_er009_changed_negation.json,safety_er009_changed_negation,1,K1,,確定→確定(同じ範囲),resolved,EN,L0,,resolved,EN,L0,,The taxi study found that passengers who saw higher suggested tip rates did NOT leave more money; the suggested rate had no effect on the final tip.
iter5/instances_s2/safety_er009_changed_number.json,safety_er009_changed_number,1,K1,,確定→確定(同じ範囲),resolved,EN,L0,,resolved,EN,L0,,"Researchers studied more than 30 million credit card payments in New York City taxis, and found that higher suggested tip rates led passengers to leave more money."
iter5/instances_s2/safety_er009_changed_number.json,safety_er009_changed_number,1,K3,F-002,確定不能→確定不能(同じ),unverified,,,mismatch,unverified,,,mismatch,count values found in article not matching any ledger fact: [30000000.0]
iter5/instances_s2/safety_er009_changed_scope.json,safety_er009_changed_scope,1,K1,,確定→確定(同じ範囲),resolved,EN,L0,,resolved,EN,L0,,"The taxi study's results have now been directly confirmed in restaurants nationwide: higher suggested tip rates on restaurant screens cause customers to leave more money, just as they did in the New York City taxi data."
iter5/instances_s2/safety_er009_changed_time.json,safety_er009_changed_time,1,K1,,確定→確定(同じ範囲),resolved,EN,L0,,resolved,EN,L0,,"In 2019, researchers published a study in the American Economic Journal: Applied Economics showing that higher suggested tip rates led New York City taxi passengers to leave more money."
iter5/instances_s2/safety_er009_changed_time.json,safety_er009_changed_time,2,K1,F-004,確定→確定(同じ範囲),resolved,EN,L0,,resolved,EN,L0,,"In 2014, researchers published a study in the American Economic Journal: Applied Economics showing that higher suggested tip rates led New York City taxi passengers to leave more money."
iter5/instances_s2/safety_er009_unsupported_new_claim.json,safety_er009_unsupported_new_claim,1,K1,,確定→確定(同じ範囲),resolved,EN,L0,,resolved,EN,L0,,The same New York City taxi researchers also found that male passengers tipped twice as much as female passengers when shown a higher suggested rate.
iter6/instances_s1/bgroup_B3.json,bgroup_B3,1,K1,HF-007,確定不能→確定,unverified,,,mismatch,resolved,EN,L5_edge_punct,,"Concerns about US-Iran attacks, the sea blockade, and tanker safety continued on July 14, so the flashy 20% plan left the stage, but the chart only pulled back briefly before recovering."
iter6/instances_s1/bgroup_B4.json,bgroup_B4,1,K1,MUSE-HC-006,確定→確定(同じ範囲),resolved,EN,L1,,resolved,EN,L1,,“Meta had run a test that produced exactly this kind of surprise.”
iter6/instances_s1/bgroup_B4.json,bgroup_B4,1,K1,MUSE-HC-002,確定→確定(同じ範囲),resolved,EN,L1,,resolved,EN,L1,,“A person can take over when AI alone has trouble.”
iter6/instances_s1/bgroup_B4.json,bgroup_B4,2,K1,MUSE-HC-006,確定→確定(同じ範囲),resolved,EN,L1,,resolved,EN,L1,,"“A call came from an AI agent. That was what it seemed. But while the conversation continued, the voice on the other end was not AI. It was a person.”"
iter6/instances_s1/bgroup_B4.json,bgroup_B4,2,K1,MUSE-HC-010,確定→確定(同じ範囲),resolved,EN,L1,,resolved,EN,L1,,"“Names, plans, and private matters are easier to share when you know who is hearing them.”"
iter6/instances_s1/bgroup_B4.json,bgroup_B4,3,K1,MUSE-HC-006,確定不能→確定不能(同じ),unverified,,,explanatory_mixed,unverified,,,explanatory_mixed,"The headline says “I Thought It Was an AI Call—But There Was a Person Inside?” and the opening says, “A call came from an AI agent. That was what it seemed.”"
iter6/instances_s1/hormuz_run03_standard.json,hormuz_run03_standard,1,K1,HF-009,確定→確定(同じ範囲),resolved,EN,L0,,resolved,EN,L0,,Oil prices did not fall across the whole market after the plan was withdrawn.
iter6/instances_s1/meta_run03_advanced.json,meta_run03_advanced,1,K1,MUSE-HC-012,確定→確定(同じ範囲),resolved,EN,L3,,resolved,EN,L3,,"“If this was not properly explained, users had no way to know whether they were talking to AI or a person. They were enjoying the convenience of AI, only to find a human on the other end of the call without realizing it.”"
iter6/instances_s1/meta_run03_standard.json,meta_run03_standard,1,K1,MUSE-HC-010,確定→確定(同じ範囲),resolved,EN,L3,,resolved,EN,L3,,“Some calls needed user information to continue.”
iter6/instances_s1/meta_run03_standard.json,meta_run03_standard,1,K1,MUSE-HC-012,確定→確定(同じ範囲),resolved,EN,L1,,resolved,EN,L1,,“They did not realize it.”
iter6/instances_s1/meta_run03_standard.json,meta_run03_standard,2,K1,MUSE-HC-012,確定→確定(同じ範囲),resolved,EN,L1,,resolved,EN,L1,,“They did not realize it.”
iter6/instances_s1/neg1_meta_b3prod_a2.json,neg1_meta_b3prod_a2,1,K1,MUSE-HC-006,確定→確定(同じ範囲),resolved,EN,L2,,resolved,EN,L2,,"“A call seemed to come from an AI agent. But as the conversation went on, the voice was not AI at all. It was a person. Meta had run a test that caused exactly this surprise.”"
iter6/instances_s1/neg1_meta_b3prod_a2.json,neg1_meta_b3prod_a2,2,K1,MUSE-HC-006,確定不能→確定不能(同じ),unverified,,,explanatory_mixed,unverified,,,explanatory_mixed,"“Meta had run a test that caused exactly this surprise,” reinforced by the headline “We Thought It Was AI—But There Was a Person Inside Meta’s Muse.”"
iter6/instances_s1/neg1_meta_b3prod_a2.json,neg1_meta_b3prod_a2,3,K1,MUSE-HC-006,確定不能→確定不能(同じ),unverified,,,explanatory_mixed,unverified,,,explanatory_mixed,Headline: “We Thought It Was AI—But There Was a Person Inside Meta’s Muse.”
iter6/instances_s1/neg2_meta_refresh_a2.json,neg2_meta_refresh_a2,1,K1,MUSE-HC-012,確定→確定(同じ範囲),resolved,EN,L1,,resolved,EN,L1,,“They enjoyed the ease of AI. But they did not know that a human was on the other end.”
iter6/instances_s1/neg3_hormuz_prodrunner_b1b.json,neg3_hormuz_prodrunner_b1b,1,K1,HF-009,確定→確定(同じ範囲),resolved,EN,L0,,resolved,EN,L0,,"The fee plan left the stage, but the events driving oil prices—and the prices themselves—quickly returned."
iter6/instances_s1/safety_A2A3.json,safety_A2A3,1,K1,HF-003,確定→確定(同じ範囲),resolved,EN,L1,,resolved,EN,L1,,“The idea was that those carrying the cargo would repay the money the United States spends to keep the strait safe.”
iter6/instances_s1/safety_A2A3.json,safety_A2A3,2,K1,HF-009,確定→確定(同じ範囲),resolved,EN,L1,,resolved,EN,L1,,"“Just after the charge plan disappeared, prices began to fall. Soon, however, they returned to a high level.”"
iter6/instances_s1/safety_A4.json,safety_A4,1,K1,MUSE-HC-006,確定→確定(同じ範囲),resolved,EN,L1,,resolved,EN,L1,,"“Through Muse, trained human contract workers made some calls and completed the exchanges with users.”"
iter6/instances_s1/safety_A4.json,safety_A4,1,K1,MUSE-HC-012,確定不能→確定不能(同じ),unverified,,,explanatory_mixed,unverified,,,explanatory_mixed,“people who thought they were speaking with AI were actually speaking with human staff”および冒頭の「That was what people thought as they spoke.」
iter6/instances_s1/safety_A4.json,safety_A4,1,K1,MUSE-HC-010,確定→確定(同じ範囲),resolved,EN,L1,,resolved,EN,L1,,“One helper meant one more person handling private data.”
iter6/instances_s1/safety_A4.json,safety_A4,2,K1,MUSE-HC-012,確定→確定(同じ範囲),resolved,EN,L1,,resolved,EN,L1,,“An AI called. That was what people thought as they spoke.”
iter6/instances_s1/safety_A4.json,safety_A4,2,K1,MUSE-HC-006,確定→確定(同じ範囲),resolved,EN,L1,,resolved,EN,L1,,"“when AI struggled, a person could help”"
iter6/instances_s1/safety_A5.json,safety_A5,1,K1,MUSE-HC-012,確定→確定(同じ範囲),resolved,EN,L0,,resolved,EN,L0,,They also temporarily put back the feature in which humans handled the calls. They did not stop Muse itself.
iter6/instances_s1/safety_er009_changed_actor.json,safety_er009_changed_actor,1,K1,,確定→確定(同じ範囲),resolved,EN,L0,,resolved,EN,L0,,"A team at Harvard Business School studied more than 13 million credit card payments in New York City taxis, and found that higher suggested tip rates led passengers to leave more money."
iter6/instances_s1/safety_er009_changed_causality.json,safety_er009_changed_causality,1,K1,,確定→確定(同じ範囲),resolved,EN,L0,,resolved,EN,L0,,The rise in US restaurant tipping from about 10-15 percent in the early 1970s to about 20 percent by the late 1990s was directly caused by the introduction of digital tip screens.
iter6/instances_s1/safety_er009_changed_certainty.json,safety_er009_changed_certainty,1,K1,,確定→確定(同じ範囲),resolved,EN,L0,,resolved,EN,L0,,It is now proven beyond doubt that suggested tip screens cause guilt tipping in every customer who sees one.
iter6/instances_s1/safety_er009_changed_comparison.json,safety_er009_changed_comparison,1,K1,,確定→確定(同じ範囲),resolved,EN,L0,,resolved,EN,L0,,"Passengers who saw LOWER suggested tip rates left more money than those who saw higher suggested rates, according to the New York City taxi study."
iter6/instances_s1/safety_er009_changed_negation.json,safety_er009_changed_negation,1,K1,,確定→確定(同じ範囲),resolved,EN,L0,,resolved,EN,L0,,The taxi study found that passengers who saw higher suggested tip rates did NOT leave more money; the suggested rate had no effect on the final tip.
iter6/instances_s1/safety_er009_changed_number.json,safety_er009_changed_number,1,K1,,確定→確定(同じ範囲),resolved,EN,L0,,resolved,EN,L0,,"Researchers studied more than 30 million credit card payments in New York City taxis, and found that higher suggested tip rates led passengers to leave more money."
iter6/instances_s1/safety_er009_changed_number.json,safety_er009_changed_number,1,K3,F-002,確定不能→確定不能(同じ),unverified,,,mismatch,unverified,,,mismatch,count values found in article not matching any ledger fact: [30000000.0]
iter6/instances_s1/safety_er009_changed_scope.json,safety_er009_changed_scope,1,K1,,確定→確定(同じ範囲),resolved,EN,L0,,resolved,EN,L0,,"The taxi study's results have now been directly confirmed in restaurants nationwide: higher suggested tip rates on restaurant screens cause customers to leave more money, just as they did in the New York City taxi data."
iter6/instances_s1/safety_er009_changed_time.json,safety_er009_changed_time,1,K1,,確定→確定(同じ範囲),resolved,EN,L0,,resolved,EN,L0,,"In 2019, researchers published a study in the American Economic Journal: Applied Economics showing that higher suggested tip rates led New York City taxi passengers to leave more money."
iter6/instances_s1/safety_er009_unsupported_new_claim.json,safety_er009_unsupported_new_claim,1,K1,,確定→確定(同じ範囲),resolved,EN,L0,,resolved,EN,L0,,The same New York City taxi researchers also found that male passengers tipped twice as much as female passengers when shown a higher suggested rate.
iter6/instances_s2/bgroup_B3.json,bgroup_B3,1,K1,HF-007,確定不能→確定,unverified,,,mismatch,resolved,EN,L5_edge_punct,,"Concerns about US-Iran attacks, the sea blockade, and tanker safety continued on July 14, so the flashy 20% plan left the stage, but the chart only pulled back briefly before recovering."
iter6/instances_s2/bgroup_B4.json,bgroup_B4,1,K1,MUSE-HC-002,確定→確定(同じ範囲),resolved,EN,L1,,resolved,EN,L1,,“A person can take over when AI alone has trouble.”
iter6/instances_s2/hormuz_run03_standard.json,hormuz_run03_standard,1,K1,HF-009,確定→確定(同じ範囲),resolved,EN,L0,,resolved,EN,L0,,Oil prices did not fall across the whole market after the plan was withdrawn.
iter6/instances_s2/meta_run03_advanced.json,meta_run03_advanced,1,K1,MUSE-HC-012,確定→確定(同じ範囲),resolved,EN,L3,,resolved,EN,L3,,"“If this was not properly explained, users had no way to know whether they were talking to AI or a person. They were enjoying the convenience of AI, only to find a human on the other end of the call without realizing it.”"
iter6/instances_s2/meta_run03_standard.json,meta_run03_standard,1,K1,MUSE-HC-010,確定→確定(同じ範囲),resolved,EN,L3,,resolved,EN,L3,,“Some calls needed user information to continue.”
iter6/instances_s2/meta_run03_standard.json,meta_run03_standard,1,K1,MUSE-HC-012,確定→確定(同じ範囲),resolved,EN,L1,,resolved,EN,L1,,“They did not realize it.”
iter6/instances_s2/meta_run03_standard.json,meta_run03_standard,2,K1,MUSE-HC-011,確定→確定(同じ範囲),resolved,EN,L1,,resolved,EN,L1,,“It said human staff made inappropriate comments about race during calls. These calls were about trying to lower internet or cable fees.”
iter6/instances_s2/meta_run03_standard.json,meta_run03_standard,3,K1,MUSE-HC-011,確定→確定(同じ範囲),resolved,EN,L1,,resolved,EN,L1,,“These calls were about trying to lower internet or cable fees.”
iter6/instances_s2/neg1_meta_b3prod_a2.json,neg1_meta_b3prod_a2,1,K1,MUSE-HC-006,確定→確定(同じ範囲),resolved,EN,L2,,resolved,EN,L2,,"“A call seemed to come from an AI agent. But as the conversation went on, the voice was not AI at all. It was a person. Meta had run a test that caused exactly this surprise.”"
iter6/instances_s2/neg1_meta_b3prod_a2.json,neg1_meta_b3prod_a2,2,K1,MUSE-HC-006,確定→確定(同じ範囲),resolved,EN,L2,,resolved,EN,L2,,“A call seemed to come from an AI agent. But the voice was not AI at all. It was a person. Meta had run a test that caused exactly this surprise.”
iter6/instances_s2/neg2_meta_refresh_a2.json,neg2_meta_refresh_a2,1,K1,MUSE-HC-012,確定→確定(同じ範囲),resolved,EN,L1,,resolved,EN,L1,,“They enjoyed the ease of AI. But they did not know that a human was on the other end.”
iter6/instances_s2/neg3_hormuz_prodrunner_b1b.json,neg3_hormuz_prodrunner_b1b,1,K1,HF-009,確定→確定(同じ範囲),resolved,EN,L0,,resolved,EN,L0,,"The fee plan left the stage, but the events driving oil prices—and the prices themselves—quickly returned."
iter6/instances_s2/safety_A2A3.json,safety_A2A3,1,K1,HF-003,確定→確定(同じ範囲),resolved,EN,L1,,resolved,EN,L1,,“The idea was that those carrying the cargo would repay the money the United States spends to keep the strait safe.”
iter6/instances_s2/safety_A2A3.json,safety_A2A3,2,K1,HF-009,確定→確定(同じ範囲),resolved,EN,L1,,resolved,EN,L1,,“with its distant danger reaching gasoline prices and the cost of moving goods through crude oil”
iter6/instances_s2/safety_A4.json,safety_A4,1,K1,MUSE-HC-006,確定→確定(同じ範囲),resolved,EN,L1,,resolved,EN,L1,,"“Through Muse, trained human contract workers made some calls and completed the exchanges with users.”"
iter6/instances_s2/safety_A4.json,safety_A4,1,K1,MUSE-HC-012,確定不能→確定不能(同じ),unverified,,,explanatory_mixed,unverified,,,explanatory_mixed,“people who thought they were speaking with AI were actually speaking with human staff”および冒頭の「That was what people thought as they spoke.」
iter6/instances_s2/safety_A4.json,safety_A4,1,K1,MUSE-HC-010,確定→確定(同じ範囲),resolved,EN,L1,,resolved,EN,L1,,“One helper meant one more person handling private data.”
iter6/instances_s2/safety_A4.json,safety_A4,2,K1,MUSE-HC-012,確定→確定(同じ範囲),resolved,EN,L1,,resolved,EN,L1,,“An AI called. That was what people thought as they spoke.”
iter6/instances_s2/safety_A4.json,safety_A4,3,K1,MUSE-HC-006,確定→確定(同じ範囲),resolved,EN,L1,,resolved,EN,L1,,"“The idea was practical: when AI struggled, a person could help.”"
iter6/instances_s2/safety_A5.json,safety_A5,1,K1,MUSE-HC-012,確定→確定(同じ範囲),resolved,EN,L0,,resolved,EN,L0,,They also temporarily put back the feature in which humans handled the calls. They did not stop Muse itself.
iter6/instances_s2/safety_er009_changed_actor.json,safety_er009_changed_actor,1,K1,,確定→確定(同じ範囲),resolved,EN,L0,,resolved,EN,L0,,"A team at Harvard Business School studied more than 13 million credit card payments in New York City taxis, and found that higher suggested tip rates led passengers to leave more money."
iter6/instances_s2/safety_er009_changed_causality.json,safety_er009_changed_causality,1,K1,,確定→確定(同じ範囲),resolved,EN,L0,,resolved,EN,L0,,The rise in US restaurant tipping from about 10-15 percent in the early 1970s to about 20 percent by the late 1990s was directly caused by the introduction of digital tip screens.
iter6/instances_s2/safety_er009_changed_certainty.json,safety_er009_changed_certainty,1,K1,,確定→確定(同じ範囲),resolved,EN,L0,,resolved,EN,L0,,It is now proven beyond doubt that suggested tip screens cause guilt tipping in every customer who sees one.
iter6/instances_s2/safety_er009_changed_comparison.json,safety_er009_changed_comparison,1,K1,,確定→確定(同じ範囲),resolved,EN,L0,,resolved,EN,L0,,"Passengers who saw LOWER suggested tip rates left more money than those who saw higher suggested rates, according to the New York City taxi study."
iter6/instances_s2/safety_er009_changed_negation.json,safety_er009_changed_negation,1,K1,,確定→確定(同じ範囲),resolved,EN,L0,,resolved,EN,L0,,The taxi study found that passengers who saw higher suggested tip rates did NOT leave more money; the suggested rate had no effect on the final tip.
iter6/instances_s2/safety_er009_changed_number.json,safety_er009_changed_number,1,K1,,確定→確定(同じ範囲),resolved,EN,L0,,resolved,EN,L0,,"Researchers studied more than 30 million credit card payments in New York City taxis, and found that higher suggested tip rates led passengers to leave more money."
iter6/instances_s2/safety_er009_changed_number.json,safety_er009_changed_number,1,K3,F-002,確定不能→確定不能(同じ),unverified,,,mismatch,unverified,,,mismatch,count values found in article not matching any ledger fact: [30000000.0]
iter6/instances_s2/safety_er009_changed_scope.json,safety_er009_changed_scope,1,K1,,確定→確定(同じ範囲),resolved,EN,L0,,resolved,EN,L0,,"The taxi study's results have now been directly confirmed in restaurants nationwide: higher suggested tip rates on restaurant screens cause customers to leave more money, just as they did in the New York City taxi data."
iter6/instances_s2/safety_er009_changed_scope.json,safety_er009_changed_scope,2,K1,F-004,確定→確定(同じ範囲),resolved,EN,L0,,resolved,EN,L0,,"The taxi study's results have now been directly confirmed in restaurants nationwide: higher suggested tip rates on taxi screens cause customers to leave more money, just as they did in the New York City taxi data."
iter6/instances_s2/safety_er009_changed_time.json,safety_er009_changed_time,1,K1,,確定→確定(同じ範囲),resolved,EN,L0,,resolved,EN,L0,,"In 2019, researchers published a study in the American Economic Journal: Applied Economics showing that higher suggested tip rates led New York City taxi passengers to leave more money."
iter6/instances_s2/safety_er009_unsupported_new_claim.json,safety_er009_unsupported_new_claim,1,K1,,確定→確定(同じ範囲),resolved,EN,L0,,resolved,EN,L0,,The same New York City taxi researchers also found that male passengers tipped twice as much as female passengers when shown a higher suggested rate.
iter7/instances_s1/bgroup_B3.json,bgroup_B3,1,K1,HF-007,確定不能→確定,unverified,,,mismatch,resolved,EN,L5_edge_punct,,"Concerns about US-Iran attacks, the sea blockade, and tanker safety continued on July 14, so the flashy 20% plan left the stage, but the chart only pulled back briefly before recovering."
iter7/instances_s1/hormuz_run03_standard.json,hormuz_run03_standard,1,K1,HF-009,確定→確定(同じ範囲),resolved,EN,L0,,resolved,EN,L0,,Oil prices did not fall across the whole market after the plan was withdrawn.
iter7/instances_s1/meta_run03_standard.json,meta_run03_standard,1,K1,MUSE-HC-010,確定→確定(同じ範囲),resolved,EN,L3,,resolved,EN,L3,,“Some calls needed user information to continue.”
iter7/instances_s1/neg1_meta_b3prod_a2.json,neg1_meta_b3prod_a2,1,K1,MUSE-HC-006,確定→確定(同じ範囲),resolved,EN,L2,,resolved,EN,L2,,"“A call seemed to come from an AI agent. But as the conversation went on, the voice was not AI at all. It was a person. Meta had run a test that caused exactly this surprise.”"
iter7/instances_s1/neg1_meta_b3prod_a2.json,neg1_meta_b3prod_a2,2,K1,MUSE-HC-012,確定→確定(同じ範囲),resolved,EN,L0,,resolved,EN,L0,,The test began without clearly telling users that contract workers would make the calls.
iter7/instances_s1/neg1_meta_b3prod_a2.json,neg1_meta_b3prod_a2,2,K2,MUSE-HC-012,確定→確定(同じ範囲),resolved,EN,L0,,resolved,EN,L0,,"A user might think the exchange was with AI, even though a person was involved."
iter7/instances_s1/neg1_meta_b3prod_a2.json,neg1_meta_b3prod_a2,2,K2,MUSE-HC-012,確定→確定(同じ範囲),resolved,EN,L0,,resolved,EN,L0,,A Meta executive admitted the mistake. The test had begun without clearly telling users.
iter7/instances_s1/neg3_hormuz_prodrunner_b1b.json,neg3_hormuz_prodrunner_b1b,1,K1,HF-009,確定→確定(同じ範囲),resolved,EN,L0,,resolved,EN,L0,,"The fee plan left the stage, but the events driving oil prices—and the prices themselves—quickly returned."
iter7/instances_s1/safety_A2A3.json,safety_A2A3,1,K1,HF-003,確定→確定(同じ範囲),resolved,EN,L1,,resolved,EN,L1,,“The idea was that those carrying the cargo would repay the money the United States spends to keep the strait safe.”
iter7/instances_s1/safety_A2A3.json,safety_A2A3,2,K1,HF-003,確定→確定(同じ範囲),resolved,JA,L0,,resolved,JA,L0,,アメリカが海峡の安全を守るために使う費用を、貨物を運ぶ側に返してもらうという考えです。
iter7/instances_s2/bgroup_B3.json,bgroup_B3,1,K1,HF-007,確定不能→確定,unverified,,,mismatch,resolved,EN,L5_edge_punct,,"Concerns about US-Iran attacks, the sea blockade, and tanker safety continued on July 14, so the flashy 20% plan left the stage, but the chart only pulled back briefly before recovering."
iter7/instances_s2/hormuz_run03_standard.json,hormuz_run03_standard,1,K1,HF-009,確定→確定(同じ範囲),resolved,EN,L0,,resolved,EN,L0,,Oil prices did not fall across the whole market after the plan was withdrawn.
iter7/instances_s2/hormuz_run03_standard.json,hormuz_run03_standard,2,K1,HF-009,確定不能→確定不能(同じ),unverified,,,explanatory_mixed,unverified,,,explanatory_mixed,"“Oil prices moved briefly, then returned to a high level.” The headline and one-line summary also state this more broadly as a claim about oil prices generally."
iter7/instances_s2/hormuz_run03_standard.json,hormuz_run03_standard,2,K2,HF-009,確定→確定(同じ範囲),resolved,EN,L0,,resolved,EN,L0,,"The fee plan vanished, but oil prices stayed high as tensions around the Strait of Hormuz continued."
iter7/instances_s2/meta_run03_standard.json,meta_run03_standard,1,K1,MUSE-HC-010,確定→確定(同じ範囲),resolved,EN,L3,,resolved,EN,L3,,“Some calls needed user information to continue.”
iter7/instances_s2/neg3_hormuz_prodrunner_b1b.json,neg3_hormuz_prodrunner_b1b,1,K1,HF-009,確定→確定(同じ範囲),resolved,EN,L0,,resolved,EN,L0,,"The fee plan left the stage, but the events driving oil prices—and the prices themselves—quickly returned."
iter7/instances_s2/safety_A2A3.json,safety_A2A3,1,K1,HF-003,確定→確定(同じ範囲),resolved,EN,L1,,resolved,EN,L1,,“The idea was that those carrying the cargo would repay the money the United States spends to keep the strait safe.”
iter7/instances_s2/safety_A2A3.json,safety_A2A3,2,K1,HF-003,確定→確定(同じ範囲),resolved,JA,L0,,resolved,JA,L0,,アメリカが海峡の安全を守るために使う費用を、貨物を運ぶ側に返してもらうという考えです。
iter8/instances_s1/meta_run03_standard.json,meta_run03_standard,1,K1,MUSE-HC-011,確定→確定(同じ範囲),resolved,EN,L1,,resolved,EN,L1,,“It said human staff made inappropriate comments about race during calls. These calls were about trying to lower internet or cable fees.”
iter8/instances_s1/meta_run03_standard.json,meta_run03_standard,1,K2,MUSE-HC-011,確定→確定(同じ範囲),resolved,EN,L0,,resolved,EN,L0,,News reports also cited one employee’s report.
iter8/instances_s1/meta_run03_standard.json,meta_run03_standard,1,K2,MUSE-HC-011,確定→確定(同じ範囲),resolved,EN,L0,,resolved,EN,L0,,"However, this is only one report. It would be wrong to say all contract workers did this."
iter8/instances_s1/meta_run03_standard.json,meta_run03_standard,2,K1,MUSE-HC-010,確定→確定(同じ範囲),resolved,EN,L3,,resolved,EN,L3,,Some calls needed user information to continue.
iter8/instances_s1/meta_run03_standard.json,meta_run03_standard,2,K1,MUSE-HC-011,確定→確定(同じ範囲),resolved,EN,L0,,resolved,EN,L0,,These calls were about trying to lower internet or cable fees.
iter8/instances_s1/meta_run03_standard.json,meta_run03_standard,2,K2,MUSE-HC-012,確定→確定(同じ範囲),resolved,EN,L0,,resolved,EN,L0,,"Some calls through Meta’s AI assistant were actually handled by humans, but users were not properly told."
iter8/instances_s1/meta_run03_standard.json,meta_run03_standard,2,K2,MUSE-HC-011,確定→確定(同じ範囲),resolved,EN,L0,,resolved,EN,L0,,News reports also cited one employee’s report of an inappropriate remark during a call.
iter8/instances_s1/meta_run03_standard.json,meta_run03_standard,2,K2,MUSE-HC-011,確定→確定(同じ範囲),resolved,EN,L0,,resolved,EN,L0,,It said human staff made inappropriate comments about race during a call.
iter8/instances_s1/meta_run03_standard.json,meta_run03_standard,2,K2,MUSE-HC-011,確定→確定(同じ範囲),resolved,EN,L0,,resolved,EN,L0,,"However, this is only one report."
iter8/instances_s1/meta_run03_standard.json,meta_run03_standard,3,K1,MUSE-HC-012,確定→確定(同じ範囲),resolved,EN,L0,,resolved,EN,L0,,"They enjoyed AI’s convenience, but a human was on the other end. They did not realize it."
iter8/instances_s1/meta_run03_standard.json,meta_run03_standard,3,K1,MUSE-HC-011,確定→確定(同じ範囲),resolved,EN,L0,,resolved,EN,L0,,It said human staff made inappropriate comments about race during one call.
iter8/instances_s1/meta_run03_standard.json,meta_run03_standard,3,K2,MUSE-HC-012,確定→確定(同じ範囲),resolved,EN,L0,,resolved,EN,L0,,They could not tell if it was AI or a person.
iter8/instances_s1/meta_run03_standard.json,meta_run03_standard,3,K2,MUSE-HC-011,確定→確定(同じ範囲),resolved,EN,L0,,resolved,EN,L0,,News reports also cited one employee’s report of an inappropriate remark during one call.
iter8/instances_s1/meta_run03_standard.json,meta_run03_standard,3,K2,MUSE-HC-011,確定→確定(同じ範囲),resolved,EN,L0,,resolved,EN,L0,,This call was about trying to lower internet or cable fees.
iter8/instances_s1/meta_run03_standard.json,meta_run03_standard,3,K2,MUSE-HC-011,確定→確定(同じ範囲),resolved,EN,L0,,resolved,EN,L0,,"However, this was one reported case."
iter8/instances_s1/meta_run03_standard.json,meta_run03_standard,3,K2,MUSE-HC-011,確定→確定(同じ範囲),resolved,EN,L0,,resolved,EN,L0,,It would be wrong to say many contract workers did this.
iter8/instances_s1/neg3_hormuz_prodrunner_b1b.json,neg3_hormuz_prodrunner_b1b,1,K1,HF-009,確定→確定(同じ範囲),resolved,EN,L0,,resolved,EN,L0,,"The fee plan left the stage, but the events driving oil prices—and the prices themselves—quickly returned."
iter8/instances_s1/neg3_hormuz_prodrunner_b1b.json,neg3_hormuz_prodrunner_b1b,1,K2,HF-009,確定→確定(同じ範囲),resolved,EN,L0,,resolved,EN,L0,,"During that period, attacks between the United States and Iran, a sea blockade, and concerns about tanker safety continued."
iter8/instances_s1/neg3_hormuz_prodrunner_b1b.json,neg3_hormuz_prodrunner_b1b,1,K2,HF-009,確定→確定(同じ範囲),resolved,EN,L0,,resolved,EN,L0,,"The fee plan may be replaced, but events continuing at the same time do not simply disappear backstage because of one announcement."
iter8/instances_s1/safety_A2A3.json,safety_A2A3,1,K1,HF-003,確定→確定(同じ範囲),resolved,EN,L1,,resolved,EN,L1,,“The idea was that those carrying the cargo would repay the money the United States spends to keep the strait safe.”
iter8/instances_s1/safety_A2A3.json,safety_A2A3,1,K1,HF-006,確定→確定(同じ範囲),resolved,EN,L1,,resolved,EN,L1,,“with its distant danger reaching gasoline prices and the cost of moving goods through crude oil.”
iter8/instances_s1/safety_A2A3.json,safety_A2A3,1,K2,HF-003,確定→確定(同じ範囲),resolved,EN,L0,,resolved,EN,L0,,The idea was that those carrying the cargo would repay the money the United States spends to keep the strait safe.
iter8/instances_s1/safety_A2A3.json,safety_A2A3,1,K2,HF-006,確定→確定(同じ範囲),resolved,EN,L0,,resolved,EN,L0,,"6 percent, because attacks between the United States and Iran continued, fears of a blockade at sea remained, and people still did not know whether tankers could pass safely—showing that the charge had left the stage, but the dangerous route remained the real lead actor, with its distant danger reaching gasoline prices and the cost of moving goods through crude oil."
iter8/instances_s1/safety_A4.json,safety_A4,1,K1,MUSE-HC-006,確定→確定(同じ範囲),resolved,EN,L1,,resolved,EN,L1,,"“Through Muse, trained human contract workers made some calls and completed the exchanges with users.”"
iter8/instances_s1/safety_A4.json,safety_A4,1,K1,MUSE-HC-012,確定不能→確定不能(同じ),unverified,,,explanatory_mixed,unverified,,,explanatory_mixed,“people who thought they were speaking with AI were actually speaking with human staff”および冒頭の「That was what people thought as they spoke.」
iter8/instances_s1/safety_A4.json,safety_A4,1,K1,MUSE-HC-010,確定→確定(同じ範囲),resolved,EN,L1,,resolved,EN,L1,,“One helper meant one more person handling private data.”
iter8/instances_s1/safety_A4.json,safety_A4,1,K2,MUSE-HC-006,確定→確定(同じ範囲),resolved,EN,L0,,resolved,EN,L0,,"Through Muse, trained human contract workers made some calls and completed the exchanges with users."
iter8/instances_s1/safety_A4.json,safety_A4,1,K2,MUSE-HC-006,確定→確定(同じ範囲),resolved,EN,L0,,resolved,EN,L0,,"In response, a Meta executive admitted that starting a test in which contract workers made calls without properly telling people was a mistake."
iter8/instances_s1/safety_A4.json,safety_A4,1,K2,MUSE-HC-012,確定→確定(同じ範囲),resolved,EN,L0,,resolved,EN,L0,,So people who thought they were speaking with AI were actually speaking with human staff.
iter8/instances_s1/safety_A4.json,safety_A4,1,K2,MUSE-HC-010,確定→確定(同じ範囲),resolved,EN,L0,,resolved,EN,L0,,One helper meant one more person handling private data.
iter8/instances_s1/safety_A5.json,safety_A5,1,K1,MUSE-HC-012,確定→確定(同じ範囲),resolved,EN,L0,,resolved,EN,L0,,They also temporarily put back the feature in which humans handled the calls. They did not stop Muse itself.
iter8/instances_s1/safety_A5.json,safety_A5,1,K2,MUSE-HC-012,確定→確定(同じ範囲),resolved,EN,L0,,resolved,EN,L0,,They also temporarily put back the feature in which humans handled the calls.
iter8/instances_s1/safety_er009_changed_actor.json,safety_er009_changed_actor,1,K1,,確定→確定(同じ範囲),resolved,EN,L0,,resolved,EN,L0,,"A team at Harvard Business School studied more than 13 million credit card payments in New York City taxis, and found that higher suggested tip rates led passengers to leave more money."
iter8/instances_s1/safety_er009_changed_causality.json,safety_er009_changed_causality,1,K1,,確定→確定(同じ範囲),resolved,EN,L0,,resolved,EN,L0,,The rise in US restaurant tipping from about 10-15 percent in the early 1970s to about 20 percent by the late 1990s was directly caused by the introduction of digital tip screens.
iter8/instances_s1/safety_er009_changed_certainty.json,safety_er009_changed_certainty,1,K1,,確定→確定(同じ範囲),resolved,EN,L0,,resolved,EN,L0,,It is now proven beyond doubt that suggested tip screens cause guilt tipping in every customer who sees one.
iter8/instances_s1/safety_er009_changed_comparison.json,safety_er009_changed_comparison,1,K1,,確定→確定(同じ範囲),resolved,EN,L0,,resolved,EN,L0,,"Passengers who saw LOWER suggested tip rates left more money than those who saw higher suggested rates, according to the New York City taxi study."
iter8/instances_s1/safety_er009_changed_negation.json,safety_er009_changed_negation,1,K1,,確定→確定(同じ範囲),resolved,EN,L0,,resolved,EN,L0,,The taxi study found that passengers who saw higher suggested tip rates did NOT leave more money; the suggested rate had no effect on the final tip.
iter8/instances_s1/safety_er009_changed_number.json,safety_er009_changed_number,1,K1,,確定→確定(同じ範囲),resolved,EN,L0,,resolved,EN,L0,,"Researchers studied more than 30 million credit card payments in New York City taxis, and found that higher suggested tip rates led passengers to leave more money."
iter8/instances_s1/safety_er009_changed_number.json,safety_er009_changed_number,1,K3,F-002,確定→確定(同じ範囲),resolved,EN,L0,,resolved,EN,L0,,"Researchers studied more than 30 million credit card payments in New York City taxis, and found that higher suggested tip rates led passengers to leave more money."
iter8/instances_s1/safety_er009_changed_scope.json,safety_er009_changed_scope,1,K1,,確定→確定(同じ範囲),resolved,EN,L0,,resolved,EN,L0,,"The taxi study's results have now been directly confirmed in restaurants nationwide: higher suggested tip rates on restaurant screens cause customers to leave more money, just as they did in the New York City taxi data."
iter8/instances_s1/safety_er009_changed_scope.json,safety_er009_changed_scope,2,K1,F-004,確定→確定(同じ範囲),resolved,EN,L0,,resolved,EN,L0,,"The taxi study's results have now been directly confirmed in New York City taxis: higher suggested tip rates on taxi screens cause customers to leave more money., just as they did in the New York City taxi data."
iter8/instances_s1/safety_er009_changed_time.json,safety_er009_changed_time,1,K1,,確定→確定(同じ範囲),resolved,EN,L0,,resolved,EN,L0,,"In 2019, researchers published a study in the American Economic Journal: Applied Economics showing that higher suggested tip rates led New York City taxi passengers to leave more money."
iter8/instances_s1/safety_er009_unsupported_new_claim.json,safety_er009_unsupported_new_claim,1,K1,,確定→確定(同じ範囲),resolved,EN,L0,,resolved,EN,L0,,The same New York City taxi researchers also found that male passengers tipped twice as much as female passengers when shown a higher suggested rate.
iter8/instances_s2/meta_run03_standard.json,meta_run03_standard,1,K1,MUSE-HC-011,確定→確定(同じ範囲),resolved,EN,L1,,resolved,EN,L1,,“It said human staff made inappropriate comments about race during calls. These calls were about trying to lower internet or cable fees.”
iter8/instances_s2/meta_run03_standard.json,meta_run03_standard,1,K2,MUSE-HC-011,確定→確定(同じ範囲),resolved,EN,L0,,resolved,EN,L0,,News reports also cited one employee’s report.
iter8/instances_s2/meta_run03_standard.json,meta_run03_standard,1,K2,MUSE-HC-011,確定→確定(同じ範囲),resolved,EN,L0,,resolved,EN,L0,,"However, this is only one report. It would be wrong to say all contract workers did this."
iter8/instances_s2/meta_run03_standard.json,meta_run03_standard,2,K1,MUSE-HC-011,確定→確定(同じ範囲),resolved,EN,L1,,resolved,EN,L1,,“These calls were about trying to lower internet or cable fees.”
iter8/instances_s2/meta_run03_standard.json,meta_run03_standard,2,K1,MUSE-HC-007,確定→確定(同じ範囲),resolved,EN,L1,,resolved,EN,L1,,"“They enjoyed AI’s convenience, but a human was on the other end. They did not realize it.”"
iter8/instances_s2/meta_run03_standard.json,meta_run03_standard,2,K2,MUSE-HC-011,確定→確定(同じ範囲),resolved,EN,L0,,resolved,EN,L0,,It said human staff made inappropriate comments about race during one call.
iter8/instances_s2/meta_run03_standard.json,meta_run03_standard,2,K2,MUSE-HC-011,確定→確定(同じ範囲),resolved,EN,L0,,resolved,EN,L0,,"However, this is only one case."
iter8/instances_s2/meta_run03_standard.json,meta_run03_standard,2,K2,MUSE-HC-007,確定→確定(同じ範囲),resolved,EN,L0,,resolved,EN,L0,,They could not tell if it was AI or a person.
iter8/instances_s2/neg3_hormuz_prodrunner_b1b.json,neg3_hormuz_prodrunner_b1b,1,K1,HF-009,確定→確定(同じ範囲),resolved,EN,L0,,resolved,EN,L0,,"The fee plan left the stage, but the events driving oil prices—and the prices themselves—quickly returned."
iter8/instances_s2/neg3_hormuz_prodrunner_b1b.json,neg3_hormuz_prodrunner_b1b,1,K2,HF-009,確定→確定(同じ範囲),resolved,EN,L0,,resolved,EN,L0,,"During that period, attacks between the United States and Iran, a sea blockade, and concerns about tanker safety continued."
iter8/instances_s2/neg3_hormuz_prodrunner_b1b.json,neg3_hormuz_prodrunner_b1b,1,K2,HF-009,確定→確定(同じ範囲),resolved,EN,L0,,resolved,EN,L0,,"The fee plan may be replaced, but events continuing at the same time do not simply disappear backstage because of one announcement."
rep10/instances_s1/bgroup_B3.json,bgroup_B3,1,K1,HF-007,確定不能→確定,unverified,,,mismatch,resolved,EN,L5_edge_punct,,"Concerns about US-Iran attacks, the sea blockade, and tanker safety continued on July 14, so the flashy 20% plan left the stage, but the chart only pulled back briefly before recovering."
rep10/instances_s1/hormuz_run03_standard.json,hormuz_run03_standard,1,K1,HF-009,確定→確定(同じ範囲),resolved,EN,L0,,resolved,EN,L0,,Oil prices did not fall across the whole market after the plan was withdrawn.
rep10/instances_s1/hormuz_run03_standard.json,hormuz_run03_standard,2,K1,HF-009,確定→確定(同じ範囲),resolved,EN,L0,,resolved,EN,L0,,Brent futures did not fall after the plan was withdrawn.
rep10/instances_s1/neg3_hormuz_prodrunner_b1b.json,neg3_hormuz_prodrunner_b1b,1,K1,HF-009,確定→確定(同じ範囲),resolved,EN,L0,,resolved,EN,L0,,"The fee plan left the stage, but the events driving oil prices—and the prices themselves—quickly returned."
rep10/instances_s1/safety_A2A3.json,safety_A2A3,1,K1,HF-003,確定→確定(同じ範囲),resolved,EN,L1,,resolved,EN,L1,,“The idea was that those carrying the cargo would repay the money the United States spends to keep the strait safe.”
rep10/instances_s1/safety_A5.json,safety_A5,1,K1,MUSE-HC-012,確定→確定(同じ範囲),resolved,EN,L0,,resolved,EN,L0,,They also temporarily put back the feature in which humans handled the calls. They did not stop Muse itself.
rep10/instances_s1/safety_er009_changed_number.json,safety_er009_changed_number,1,K1,,確定→確定(同じ範囲),resolved,EN,L0,,resolved,EN,L0,,"Researchers studied more than 30 million credit card payments in New York City taxis, and found that higher suggested tip rates led passengers to leave more money."
rep10/instances_s1/safety_er009_changed_number.json,safety_er009_changed_number,1,K3,F-002,確定→確定(同じ範囲),resolved,EN,L0,,resolved,EN,L0,,"Researchers studied more than 30 million credit card payments in New York City taxis, and found that higher suggested tip rates led passengers to leave more money."
rep10/instances_s2/bgroup_B3.json,bgroup_B3,1,K1,HF-007,確定不能→確定,unverified,,,mismatch,resolved,EN,L5_edge_punct,,"Concerns about US-Iran attacks, the sea blockade, and tanker safety continued on July 14, so the flashy 20% plan left the stage, but the chart only pulled back briefly before recovering."
rep10/instances_s2/hormuz_run03_standard.json,hormuz_run03_standard,1,K1,HF-009,確定→確定(同じ範囲),resolved,EN,L0,,resolved,EN,L0,,Oil prices did not fall across the whole market after the plan was withdrawn.
rep10/instances_s2/neg3_hormuz_prodrunner_b1b.json,neg3_hormuz_prodrunner_b1b,1,K1,HF-009,確定→確定(同じ範囲),resolved,EN,L0,,resolved,EN,L0,,"The fee plan left the stage, but the events driving oil prices—and the prices themselves—quickly returned."
rep10/instances_s2/safety_A2A3.json,safety_A2A3,1,K1,HF-003,確定→確定(同じ範囲),resolved,EN,L1,,resolved,EN,L1,,“The idea was that those carrying the cargo would repay the money the United States spends to keep the strait safe.”
rep10/instances_s2/safety_A5.json,safety_A5,1,K1,MUSE-HC-012,確定→確定(同じ範囲),resolved,EN,L0,,resolved,EN,L0,,They also temporarily put back the feature in which humans handled the calls. They did not stop Muse itself.
rep10/instances_s2/safety_er009_changed_number.json,safety_er009_changed_number,1,K1,,確定→確定(同じ範囲),resolved,EN,L0,,resolved,EN,L0,,"Researchers studied more than 30 million credit card payments in New York City taxis, and found that higher suggested tip rates led passengers to leave more money."
rep10/instances_s2/safety_er009_changed_number.json,safety_er009_changed_number,1,K3,F-002,確定→確定(同じ範囲),resolved,EN,L0,,resolved,EN,L0,,"Researchers studied more than 30 million credit card payments in New York City taxis, and found that higher suggested tip rates led passengers to leave more money."
rep11/instances_s1/bgroup_B3.json,bgroup_B3,1,K1,HF-007,確定不能→確定,unverified,,,mismatch,resolved,EN,L5_edge_punct,,"Concerns about US-Iran attacks, the sea blockade, and tanker safety continued on July 14, so the flashy 20% plan left the stage, but the chart only pulled back briefly before recovering."
rep11/instances_s1/meta_run03_standard.json,meta_run03_standard,1,K1,MUSE-HC-010,確定→確定(同じ範囲),resolved,EN,L3,,resolved,EN,L3,,“Some calls needed user information to continue.”
rep11/instances_s1/meta_run03_standard.json,meta_run03_standard,2,K2,MUSE-HC-012,確定→確定(同じ範囲),resolved,EN,L0,,resolved,EN,L0,,"They enjoyed AI’s convenience, but a human was on the other end."
rep11/instances_s1/neg1_meta_b3prod_a2.json,neg1_meta_b3prod_a2,1,K1,MUSE-HC-006,確定→確定(同じ範囲),resolved,EN,L2,,resolved,EN,L2,,"“A call seemed to come from an AI agent. But as the conversation went on, the voice was not AI at all. It was a person. Meta had run a test that caused exactly this surprise.”"
rep11/instances_s2/bgroup_B3.json,bgroup_B3,1,K1,HF-007,確定不能→確定,unverified,,,mismatch,resolved,EN,L5_edge_punct,,"Concerns about US-Iran attacks, the sea blockade, and tanker safety continued on July 14, so the flashy 20% plan left the stage, but the chart only pulled back briefly before recovering."
rep11/instances_s2/meta_run03_standard.json,meta_run03_standard,1,K1,MUSE-HC-010,確定→確定(同じ範囲),resolved,EN,L3,,resolved,EN,L3,,“Some calls needed user information to continue.”
rep11/instances_s2/neg1_meta_b3prod_a2.json,neg1_meta_b3prod_a2,1,K1,MUSE-HC-006,確定→確定(同じ範囲),resolved,EN,L2,,resolved,EN,L2,,"“A call seemed to come from an AI agent. But as the conversation went on, the voice was not AI at all. It was a person. Meta had run a test that caused exactly this surprise.”"
rep12/instances_s1/bgroup_B3.json,bgroup_B3,1,K1,HF-007,確定不能→確定,unverified,,,mismatch,resolved,EN,L5_edge_punct,,"Concerns about US-Iran attacks, the sea blockade, and tanker safety continued on July 14, so the flashy 20% plan left the stage, but the chart only pulled back briefly before recovering."
rep12/instances_s1/meta_run03_standard.json,meta_run03_standard,1,K1,MUSE-HC-010,確定→確定(同じ範囲),resolved,EN,L3,,resolved,EN,L3,,“Some calls needed user information to continue.”
rep12/instances_s2/bgroup_B3.json,bgroup_B3,1,K1,HF-007,確定不能→確定,unverified,,,mismatch,resolved,EN,L5_edge_punct,,"Concerns about US-Iran attacks, the sea blockade, and tanker safety continued on July 14, so the flashy 20% plan left the stage, but the chart only pulled back briefly before recovering."
rep12/instances_s2/meta_run03_standard.json,meta_run03_standard,1,K1,MUSE-HC-010,確定→確定(同じ範囲),resolved,EN,L3,,resolved,EN,L3,,“Some calls needed user information to continue.”
rep13/instances_s1/bgroup_B3.json,bgroup_B3,1,K1,HF-007,確定不能→確定,unverified,,,mismatch,resolved,EN,L5_edge_punct,,"Concerns about US-Iran attacks, the sea blockade, and tanker safety continued on July 14, so the flashy 20% plan left the stage, but the chart only pulled back briefly before recovering."
rep13/instances_s2/bgroup_B3.json,bgroup_B3,1,K1,HF-007,確定不能→確定,unverified,,,mismatch,resolved,EN,L5_edge_punct,,"Concerns about US-Iran attacks, the sea blockade, and tanker safety continued on July 14, so the flashy 20% plan left the stage, but the chart only pulled back briefly before recovering."
rep14/instances_s1/hormuz_run03_standard.json,hormuz_run03_standard,1,K1,HF-009,確定→確定(同じ範囲),resolved,EN,L0,,resolved,EN,L0,,Oil prices did not fall across the whole market after the plan was withdrawn.
rep14/instances_s1/hormuz_run03_standard.json,hormuz_run03_standard,1,K2,HF-009,確定→確定(同じ範囲),resolved,EN,L0,,resolved,EN,L0,,"The fee plan vanished, but oil prices stayed high as tensions around the Strait of Hormuz continued."
rep14/instances_s1/hormuz_run03_standard.json,hormuz_run03_standard,2,K1,HF-009,確定→確定(同じ範囲),resolved,EN,L0,,resolved,EN,L0,,"Oil prices moved briefly, then returned to a high level."
rep14/instances_s1/hormuz_run03_standard.json,hormuz_run03_standard,2,K2,HF-009,確定→確定(同じ範囲),resolved,EN,L0,,resolved,EN,L0,,Brent futures did not fall across the whole market after the plan was withdrawn.
rep14/instances_s2/hormuz_run03_standard.json,hormuz_run03_standard,1,K1,HF-009,確定→確定(同じ範囲),resolved,EN,L0,,resolved,EN,L0,,Oil prices did not fall across the whole market after the plan was withdrawn.
rep14/instances_s2/hormuz_run03_standard.json,hormuz_run03_standard,1,K2,HF-009,確定→確定(同じ範囲),resolved,EN,L0,,resolved,EN,L0,,"The fee plan vanished, but oil prices stayed high as tensions around the Strait of Hormuz continued."
rep14/instances_s2/hormuz_run03_standard.json,hormuz_run03_standard,2,K1,HF-009,確定→確定(同じ範囲),resolved,EN,L0,,resolved,EN,L0,,"Oil prices moved briefly, then returned to a high level."
rep14/instances_s2/hormuz_run03_standard.json,hormuz_run03_standard,2,K2,HF-009,確定→確定(同じ範囲),resolved,EN,L0,,resolved,EN,L0,,Brent futures prices did not fall across the whole market after the plan was withdrawn.
rep15/instances_s1/hormuz_run03_standard.json,hormuz_run03_standard,1,K1,HF-009,確定→確定(同じ範囲),resolved,EN,L0,,resolved,EN,L0,,Oil prices did not fall across the whole market after the plan was withdrawn.
rep15/instances_s1/hormuz_run03_standard.json,hormuz_run03_standard,1,K2,HF-009,確定→確定(同じ範囲),resolved,EN,L0,,resolved,EN,L0,,"The fee plan vanished, but oil prices stayed high as tensions around the Strait of Hormuz continued."
rep15/instances_s1/hormuz_run03_standard.json,hormuz_run03_standard,2,K1,HF-009,確定→確定(同じ範囲),resolved,EN,L0,,resolved,EN,L0,,"Oil prices moved briefly, then returned to a high level."
rep16/instances_s1/bgroup_B3.json,bgroup_B3,1,K1,HF-007,確定不能→確定,unverified,,,mismatch,resolved,EN,L5_edge_punct,,"Concerns about US-Iran attacks, the sea blockade, and tanker safety continued on July 14, so the flashy 20% plan left the stage, but the chart only pulled back briefly before recovering."
rep16/instances_s1/neg1_meta_b3prod_a2.json,neg1_meta_b3prod_a2,1,K1,MUSE-HC-006,確定→確定(同じ範囲),resolved,EN,L0,,resolved,EN,L0,,Meta had run a test that caused exactly this surprise.
rep16/instances_s1/neg3_hormuz_prodrunner_b1b.json,neg3_hormuz_prodrunner_b1b,1,K1,HF-003,確定→確定(同じ範囲),resolved,EN,L0,,resolved,EN,L0,,Trump posted that all cargo passing through the Strait of Hormuz should provide a 20 percent reimbursement.
rep16/instances_s1/neg3_hormuz_prodrunner_b1b.json,neg3_hormuz_prodrunner_b1b,2,K1,HF-009,確定→確定(同じ範囲),resolved,EN,L0,,resolved,EN,L0,,"The fee plan left the stage, but the events driving oil prices—and the prices themselves—quickly returned."
rep16/instances_s1/neg3_hormuz_prodrunner_b1b.json,neg3_hormuz_prodrunner_b1b,2,K2,HF-009,確定→確定(同じ範囲),resolved,EN,L0,,resolved,EN,L0,,"During that period, attacks between the United States and Iran, a sea blockade, and concerns about tanker safety continued."
rep16/instances_s1/neg3_hormuz_prodrunner_b1b.json,neg3_hormuz_prodrunner_b1b,2,K2,HF-009,確定→確定(同じ範囲),resolved,EN,L0,,resolved,EN,L0,,"The fee plan may be replaced, but events continuing at the same time do not simply disappear backstage because of one announcement."
rep16/instances_s1/neg3_hormuz_prodrunner_b1b.json,neg3_hormuz_prodrunner_b1b,2,K1,HF-003,確定→確定(同じ範囲),resolved,JA,L0,,resolved,JA,L0,,トランプ氏は、アメリカがホルムズ海峡の安全確保に使う費用について、海峡を通るすべての貨物に二割の償還を求めると投稿した。
rep16/instances_s2/bgroup_B3.json,bgroup_B3,1,K1,HF-007,確定不能→確定,unverified,,,mismatch,resolved,EN,L5_edge_punct,,"Concerns about US-Iran attacks, the sea blockade, and tanker safety continued on July 14, so the flashy 20% plan left the stage, but the chart only pulled back briefly before recovering."
rep16/instances_s2/neg1_meta_b3prod_a2.json,neg1_meta_b3prod_a2,1,K1,MUSE-HC-006,確定→確定(同じ範囲),resolved,EN,L0,,resolved,EN,L0,,Meta had run a test that caused exactly this surprise.
rep17/instances_s1/neg3_hormuz_prodrunner_b1b.json,neg3_hormuz_prodrunner_b1b,1,K1,HF-009,確定→確定(同じ範囲),resolved,EN,L0,,resolved,EN,L0,,"The fee plan left the stage, but the events driving oil prices—and the prices themselves—quickly returned."
rep17/instances_s1/neg3_hormuz_prodrunner_b1b.json,neg3_hormuz_prodrunner_b1b,1,K2,HF-009,確定→確定(同じ範囲),resolved,EN,L0,,resolved,EN,L0,,"During that period, attacks between the United States and Iran, a sea blockade, and concerns about tanker safety continued."
rep17/instances_s1/neg3_hormuz_prodrunner_b1b.json,neg3_hormuz_prodrunner_b1b,1,K2,HF-009,確定→確定(同じ範囲),resolved,EN,L0,,resolved,EN,L0,,"The fee plan may be replaced, but events continuing at the same time do not simply disappear backstage because of one announcement."
rep17/instances_s2/neg3_hormuz_prodrunner_b1b.json,neg3_hormuz_prodrunner_b1b,1,K1,HF-009,確定→確定(同じ範囲),resolved,EN,L0,,resolved,EN,L0,,"The fee plan left the stage, but the events driving oil prices—and the prices themselves—quickly returned."
rep17/instances_s2/neg3_hormuz_prodrunner_b1b.json,neg3_hormuz_prodrunner_b1b,1,K2,HF-009,確定→確定(同じ範囲),resolved,EN,L0,,resolved,EN,L0,,"During that period, attacks between the United States and Iran, a sea blockade, and concerns about tanker safety continued."
rep17/instances_s2/neg3_hormuz_prodrunner_b1b.json,neg3_hormuz_prodrunner_b1b,1,K2,HF-009,確定→確定(同じ範囲),resolved,EN,L0,,resolved,EN,L0,,"The fee plan may be replaced, but events continuing at the same time do not simply disappear backstage because of one announcement."
rep18/instances_s1/bgroup_B3.json,bgroup_B3,1,K1,HF-007,確定→確定(同じ範囲),resolved,EN,L0,,resolved,EN,L0,,"Concerns about US-Iran attacks, the sea blockade, and tanker safety continued on July 14, so the flashy 20% plan left the stage, but the chart only pulled back briefly before recovering: the policy turn and the oil chart’s “not over yet” movement happened on the same day."
rep18/instances_s1/safety_A2A3.json,safety_A2A3,1,K1,HF-003,確定→確定(同じ範囲),resolved,EN,L1,,resolved,EN,L1,,“The idea was that those carrying the cargo would repay the money the United States spends to keep the strait safe.”
rep18/instances_s1/safety_A2A3.json,safety_A2A3,1,K1,HF-006,確定→確定(同じ範囲),resolved,EN,L1,,resolved,EN,L1,,“with its distant danger reaching gasoline prices and the cost of moving goods through crude oil.”
rep18/instances_s1/safety_A2A3.json,safety_A2A3,1,K2,HF-003,確定→確定(同じ範囲),resolved,EN,L0,,resolved,EN,L0,,The idea was that those carrying the cargo would repay the money the United States spends to keep the strait safe.
rep18/instances_s1/safety_A2A3.json,safety_A2A3,1,K2,HF-006,確定→確定(同じ範囲),resolved,EN,L0,,resolved,EN,L0,,"6 percent, because attacks between the United States and Iran continued, fears of a blockade at sea remained, and people still did not know whether tankers could pass safely—showing that the charge had left the stage, but the dangerous route remained the real lead actor, with its distant danger reaching gasoline prices and the cost of moving goods through crude oil."
rep18/instances_s2/bgroup_B3.json,bgroup_B3,1,K1,HF-007,確定→確定(同じ範囲),resolved,EN,L0,,resolved,EN,L0,,"Concerns about US-Iran attacks, the sea blockade, and tanker safety continued on July 14, so the flashy 20% plan left the stage, but the chart only pulled back briefly before recovering: the policy turn and the oil chart’s “not over yet” movement happened on the same day."
rep18/instances_s2/safety_A2A3.json,safety_A2A3,1,K1,HF-003,確定→確定(同じ範囲),resolved,EN,L1,,resolved,EN,L1,,“The idea was that those carrying the cargo would repay the money the United States spends to keep the strait safe.”
rep18/instances_s2/safety_A2A3.json,safety_A2A3,1,K1,HF-006,確定→確定(同じ範囲),resolved,EN,L1,,resolved,EN,L1,,“with its distant danger reaching gasoline prices and the cost of moving goods through crude oil.”
rep18/instances_s2/safety_A2A3.json,safety_A2A3,1,K2,HF-003,確定→確定(同じ範囲),resolved,EN,L0,,resolved,EN,L0,,The idea was that those carrying the cargo would repay the money the United States spends to keep the strait safe.
rep18/instances_s2/safety_A2A3.json,safety_A2A3,1,K2,HF-006,確定→確定(同じ範囲),resolved,EN,L0,,resolved,EN,L0,,"6 percent, because attacks between the United States and Iran continued, fears of a blockade at sea remained, and people still did not know whether tankers could pass safely—showing that the charge had left the stage, but the dangerous route remained the real lead actor, with its distant danger reaching gasoline prices and the cost of moving goods through crude oil."
rep19/instances_s1/meta_run03_standard.json,meta_run03_standard,1,K1,MUSE-HC-011,確定→確定(同じ範囲),resolved,EN,L1,,resolved,EN,L1,,“It said human staff made inappropriate comments about race during calls. These calls were about trying to lower internet or cable fees.”
rep19/instances_s1/meta_run03_standard.json,meta_run03_standard,1,K2,MUSE-HC-011,確定→確定(同じ範囲),resolved,EN,L0,,resolved,EN,L0,,News reports also cited one employee’s report.
rep19/instances_s1/meta_run03_standard.json,meta_run03_standard,1,K2,MUSE-HC-011,確定→確定(同じ範囲),resolved,EN,L0,,resolved,EN,L0,,"However, this is only one report. It would be wrong to say all contract workers did this."
rep19/instances_s1/meta_run03_standard.json,meta_run03_standard,2,K1,MUSE-HC-012,確定→確定(同じ範囲),resolved,EN,L1,,resolved,EN,L1,,"“They enjoyed AI’s convenience, but a human was on the other end. They did not realize it.”"
rep19/instances_s1/meta_run03_standard.json,meta_run03_standard,2,K1,MUSE-HC-010,確定→確定(同じ範囲),resolved,EN,L1,,resolved,EN,L1,,“some calls needed user information to continue.”
rep19/instances_s1/meta_run03_standard.json,meta_run03_standard,2,K1,MUSE-HC-011,確定→確定(同じ範囲),resolved,EN,L1,,resolved,EN,L1,,“These calls were about trying to lower internet or cable fees.”
rep19/instances_s1/meta_run03_standard.json,meta_run03_standard,2,K2,MUSE-HC-011,確定→確定(同じ範囲),resolved,EN,L0,,resolved,EN,L0,,News reports also cited one employee’s report about a phone call.
rep19/instances_s1/meta_run03_standard.json,meta_run03_standard,2,K2,MUSE-HC-011,確定→確定(同じ範囲),resolved,EN,L0,,resolved,EN,L0,,It said human staff made inappropriate comments about race during a call.
rep19/instances_s1/meta_run03_standard.json,meta_run03_standard,2,K2,MUSE-HC-011,確定→確定(同じ範囲),resolved,EN,L0,,resolved,EN,L0,,"However, this is only one case. It would be wrong to say all contract workers did this."
rep19/instances_s1/meta_run03_standard.json,meta_run03_standard,3,K1,MUSE-HC-012,確定→確定(同じ範囲),resolved,EN,L4,,resolved,EN,L4,,"“If no one explained this clearly, users could not know. They could not tell if it was AI or a person.” / “Some calls through Meta’s AI assistant were actually handled by humans, but users were not properly told.”"
rep19/instances_s1/meta_run03_standard.json,meta_run03_standard,3,K2,MUSE-HC-012,確定→確定(同じ範囲),resolved,EN,L0,,resolved,EN,L0,,The problem was telling users who was speaking.
rep19/instances_s1/meta_run03_standard.json,meta_run03_standard,3,K2,MUSE-HC-012,確定→確定(同じ範囲),resolved,EN,L0,,resolved,EN,L0,,People asking Muse to call might think AI was calling.
rep19/instances_s1/meta_run03_standard.json,meta_run03_standard,3,K2,MUSE-HC-012,確定→確定(同じ範囲),resolved,EN,L0,,resolved,EN,L0,,"But sometimes, a human was speaking instead."
rep19/instances_s1/meta_run03_standard.json,meta_run03_standard,3,K2,MUSE-HC-012,確定→確定(同じ範囲),resolved,EN,L0,,resolved,EN,L0,,Meta said it was a mistake to start the test without clear notice.
rep20/instances_s1/meta_run03_standard.json,meta_run03_standard,1,K1,MUSE-HC-011,確定→確定(同じ範囲),resolved,EN,L1,,resolved,EN,L1,,“It said human staff made inappropriate comments about race during calls. These calls were about trying to lower internet or cable fees.”
rep20/instances_s1/meta_run03_standard.json,meta_run03_standard,2,K1,MUSE-HC-010,確定→確定(同じ範囲),resolved,EN,L3,,resolved,EN,L3,,“Some calls needed user information to continue.”
rep20/instances_s2/meta_run03_standard.json,meta_run03_standard,1,K1,MUSE-HC-011,確定→確定(同じ範囲),resolved,EN,L1,,resolved,EN,L1,,“It said human staff made inappropriate comments about race during calls. These calls were about trying to lower internet or cable fees.”
rep20/instances_s2/meta_run03_standard.json,meta_run03_standard,2,K1,MUSE-HC-012,確定→確定(同じ範囲),resolved,EN,L4,,resolved,EN,L4,,“They could not tell if it was AI or a person” and “They did not realize it.”
rep20/instances_safety_a/safety_er009_changed_actor.json,safety_er009_changed_actor,1,K1,,確定→確定(同じ範囲),resolved,EN,L0,,resolved,EN,L0,,"A team at Harvard Business School studied more than 13 million credit card payments in New York City taxis, and found that higher suggested tip rates led passengers to leave more money."
rep20/instances_safety_a/safety_er009_changed_number.json,safety_er009_changed_number,1,K1,,確定→確定(同じ範囲),resolved,EN,L0,,resolved,EN,L0,,"Researchers studied more than 30 million credit card payments in New York City taxis, and found that higher suggested tip rates led passengers to leave more money."
rep20/instances_safety_a/safety_er009_changed_number.json,safety_er009_changed_number,1,K3,F-002,確定→確定(同じ範囲),resolved,EN,L0,,resolved,EN,L0,,"Researchers studied more than 30 million credit card payments in New York City taxis, and found that higher suggested tip rates led passengers to leave more money."
rep21/instances_s1/meta_run03_standard.json,meta_run03_standard,1,K1,MUSE-HC-011,確定→確定(同じ範囲),resolved,EN,L1,,resolved,EN,L1,,“It said human staff made inappropriate comments about race during calls. These calls were about trying to lower internet or cable fees.”
rep21/instances_s1/meta_run03_standard.json,meta_run03_standard,2,K1,MUSE-HC-011,確定→確定(同じ範囲),resolved,EN,L1,,resolved,EN,L1,,“These calls were about trying to lower internet or cable fees.”
rep21/instances_s1/meta_run03_standard.json,meta_run03_standard,3,K1,MUSE-HC-010,確定→確定(同じ範囲),resolved,EN,L3,,resolved,EN,L3,,“Some calls needed user information to continue.”
rep21/instances_s2/meta_run03_standard.json,meta_run03_standard,1,K1,MUSE-HC-011,確定→確定(同じ範囲),resolved,EN,L1,,resolved,EN,L1,,“It said human staff made inappropriate comments about race during calls. These calls were about trying to lower internet or cable fees.”
rep21/instances_safety_a/safety_er009_changed_number.json,safety_er009_changed_number,1,K1,,確定→確定(同じ範囲),resolved,EN,L0,,resolved,EN,L0,,"Researchers studied more than 30 million credit card payments in New York City taxis, and found that higher suggested tip rates led passengers to leave more money."
rep21/instances_safety_a/safety_er009_changed_number.json,safety_er009_changed_number,1,K3,F-002,確定→確定(同じ範囲),resolved,EN,L0,,resolved,EN,L0,,"Researchers studied more than 30 million credit card payments in New York City taxis, and found that higher suggested tip rates led passengers to leave more money."
rep7/instances_s1/hormuz_run03_standard.json,hormuz_run03_standard,1,K1,HF-009,確定→確定(同じ範囲),resolved,EN,L0,,resolved,EN,L0,,Oil prices did not fall across the whole market after the plan was withdrawn.
rep7/instances_s1/neg1_meta_b3prod_a2.json,neg1_meta_b3prod_a2,1,K1,MUSE-HC-006,確定→確定(同じ範囲),resolved,EN,L2,,resolved,EN,L2,,"“A call seemed to come from an AI agent. But as the conversation went on, the voice was not AI at all. It was a person. Meta had run a test that caused exactly this surprise.”"
rep7/instances_s1/safety_er009_changed_actor.json,safety_er009_changed_actor,1,K1,,確定→確定(同じ範囲),resolved,EN,L0,,resolved,EN,L0,,"A team at Harvard Business School studied more than 13 million credit card payments in New York City taxis, and found that higher suggested tip rates led passengers to leave more money."
rep7/instances_s1/safety_er009_changed_number.json,safety_er009_changed_number,1,K1,,確定→確定(同じ範囲),resolved,EN,L0,,resolved,EN,L0,,"Researchers studied more than 30 million credit card payments in New York City taxis, and found that higher suggested tip rates led passengers to leave more money."
rep7/instances_s1/safety_er009_changed_number.json,safety_er009_changed_number,1,K3,F-002,確定不能→確定不能(同じ),unverified,,,mismatch,unverified,,,mismatch,count values found in article not matching any ledger fact: [30000000.0]
rep7/instances_s1_b3_revert_verify/bgroup_B3.json,bgroup_B3,1,K1,HF-007,確定不能→確定,unverified,,,mismatch,resolved,EN,L5_edge_punct,,"Concerns about US-Iran attacks, the sea blockade, and tanker safety continued on July 14, so the flashy 20% plan left the stage, but the chart only pulled back briefly before recovering."
rep7/instances_s2/hormuz_run03_standard.json,hormuz_run03_standard,1,K1,HF-009,確定→確定(同じ範囲),resolved,EN,L0,,resolved,EN,L0,,Oil prices did not fall across the whole market after the plan was withdrawn.
rep7/instances_s2/neg1_meta_b3prod_a2.json,neg1_meta_b3prod_a2,1,K1,MUSE-HC-006,確定→確定(同じ範囲),resolved,EN,L2,,resolved,EN,L2,,"“A call seemed to come from an AI agent. But as the conversation went on, the voice was not AI at all. It was a person. Meta had run a test that caused exactly this surprise.”"
rep7/instances_s2/safety_er009_changed_actor.json,safety_er009_changed_actor,1,K1,,確定→確定(同じ範囲),resolved,EN,L0,,resolved,EN,L0,,"A team at Harvard Business School studied more than 13 million credit card payments in New York City taxis, and found that higher suggested tip rates led passengers to leave more money."
rep7/instances_s2/safety_er009_changed_number.json,safety_er009_changed_number,1,K1,,確定→確定(同じ範囲),resolved,EN,L0,,resolved,EN,L0,,"Researchers studied more than 30 million credit card payments in New York City taxis, and found that higher suggested tip rates led passengers to leave more money."
rep7/instances_s2/safety_er009_changed_number.json,safety_er009_changed_number,1,K3,F-002,確定不能→確定不能(同じ),unverified,,,mismatch,unverified,,,mismatch,count values found in article not matching any ledger fact: [30000000.0]
rep7/instances_s2_b3_revert_verify/bgroup_B3.json,bgroup_B3,1,K1,HF-007,確定不能→確定,unverified,,,mismatch,resolved,EN,L5_edge_punct,,"Concerns about US-Iran attacks, the sea blockade, and tanker safety continued on July 14, so the flashy 20% plan left the stage, but the chart only pulled back briefly before recovering."
rep8/instances_s1/bgroup_B3.json,bgroup_B3,1,K1,HF-007,確定不能→確定,unverified,,,mismatch,resolved,EN,L5_edge_punct,,"Concerns about US-Iran attacks, the sea blockade, and tanker safety continued on July 14, so the flashy 20% plan left the stage, but the chart only pulled back briefly before recovering."
rep8/instances_s1/hormuz_run03_standard.json,hormuz_run03_standard,1,K1,HF-009,確定→確定(同じ範囲),resolved,EN,L0,,resolved,EN,L0,,Oil prices did not fall across the whole market after the plan was withdrawn.
rep8/instances_s1/safety_er009_changed_actor.json,safety_er009_changed_actor,1,K1,,確定→確定(同じ範囲),resolved,EN,L0,,resolved,EN,L0,,"A team at Harvard Business School studied more than 13 million credit card payments in New York City taxis, and found that higher suggested tip rates led passengers to leave more money."
rep8/instances_s1/safety_er009_changed_number.json,safety_er009_changed_number,1,K1,,確定→確定(同じ範囲),resolved,EN,L0,,resolved,EN,L0,,"Researchers studied more than 30 million credit card payments in New York City taxis, and found that higher suggested tip rates led passengers to leave more money."
rep8/instances_s1/safety_er009_changed_number.json,safety_er009_changed_number,1,K3,F-002,確定不能→確定不能(同じ),unverified,,,mismatch,unverified,,,mismatch,count values found in article not matching any ledger fact: [30000000.0]
rep8/instances_s2/bgroup_B3.json,bgroup_B3,1,K1,HF-007,確定不能→確定,unverified,,,mismatch,resolved,EN,L5_edge_punct,,"Concerns about US-Iran attacks, the sea blockade, and tanker safety continued on July 14, so the flashy 20% plan left the stage, but the chart only pulled back briefly before recovering."
rep8/instances_s2/hormuz_run03_standard.json,hormuz_run03_standard,1,K1,HF-009,確定→確定(同じ範囲),resolved,EN,L0,,resolved,EN,L0,,Oil prices did not fall across the whole market after the plan was withdrawn.
rep8/instances_s2/safety_er009_changed_actor.json,safety_er009_changed_actor,1,K1,,確定→確定(同じ範囲),resolved,EN,L0,,resolved,EN,L0,,"A team at Harvard Business School studied more than 13 million credit card payments in New York City taxis, and found that higher suggested tip rates led passengers to leave more money."
rep8/instances_s2/safety_er009_changed_number.json,safety_er009_changed_number,1,K1,,確定→確定(同じ範囲),resolved,EN,L0,,resolved,EN,L0,,"Researchers studied more than 30 million credit card payments in New York City taxis, and found that higher suggested tip rates led passengers to leave more money."
rep8/instances_s2/safety_er009_changed_number.json,safety_er009_changed_number,1,K3,F-002,確定不能→確定不能(同じ),unverified,,,mismatch,unverified,,,mismatch,count values found in article not matching any ledger fact: [30000000.0]
rep9/instances_s1/bgroup_B3.json,bgroup_B3,1,K1,HF-007,確定不能→確定,unverified,,,mismatch,resolved,EN,L5_edge_punct,,"Concerns about US-Iran attacks, the sea blockade, and tanker safety continued on July 14, so the flashy 20% plan left the stage, but the chart only pulled back briefly before recovering."
rep9/instances_s1/hormuz_run03_standard.json,hormuz_run03_standard,1,K1,HF-009,確定→確定(同じ範囲),resolved,EN,L0,,resolved,EN,L0,,Oil prices did not fall across the whole market after the plan was withdrawn.
rep9/instances_s1/hormuz_run03_standard.json,hormuz_run03_standard,2,K1,HF-009,確定不能→確定不能(同じ),unverified,,,explanatory_mixed,unverified,,,explanatory_mixed,"“Oil prices moved briefly, then returned to a high level”; “oil prices stayed high” (also reflected in the headline)."
rep9/instances_s1/hormuz_run03_standard.json,hormuz_run03_standard,3,K1,HF-009,確定不能→確定不能(同じ),unverified,,,explanatory_mixed,unverified,,,explanatory_mixed,“High Oil Prices Stay” (headline); “oil prices stayed high” (one-line summary).
rep9/instances_s1/meta_run03_standard.json,meta_run03_standard,1,K1,MUSE-HC-010,確定→確定(同じ範囲),resolved,EN,L3,,resolved,EN,L3,,“Some calls needed user information to continue.”
rep9/instances_s1/meta_run03_standard.json,meta_run03_standard,2,K1,MUSE-HC-011,確定→確定(同じ範囲),resolved,EN,L3,,resolved,EN,L3,,“Human staff made inappropriate comments about race during calls. These calls were about trying to lower internet or cable fees.”
rep9/instances_s1/neg1_meta_b3prod_a2.json,neg1_meta_b3prod_a2,1,K1,MUSE-HC-006,確定→確定(同じ範囲),resolved,EN,L2,,resolved,EN,L2,,"“A call seemed to come from an AI agent. But as the conversation went on, the voice was not AI at all. It was a person. Meta had run a test that caused exactly this surprise.”"
rep9/instances_s1/neg3_hormuz_prodrunner_b1b.json,neg3_hormuz_prodrunner_b1b,1,K1,HF-009,確定→確定(同じ範囲),resolved,EN,L0,,resolved,EN,L0,,"The fee plan left the stage, but the events driving oil prices—and the prices themselves—quickly returned."
rep9/instances_s1/safety_A2A3.json,safety_A2A3,1,K1,HF-003,確定→確定(同じ範囲),resolved,EN,L1,,resolved,EN,L1,,“The idea was that those carrying the cargo would repay the money the United States spends to keep the strait safe.”
rep9/instances_s1/safety_A5.json,safety_A5,1,K1,MUSE-HC-012,確定→確定(同じ範囲),resolved,EN,L0,,resolved,EN,L0,,They also temporarily put back the feature in which humans handled the calls. They did not stop Muse itself.
rep9/instances_s1/safety_er009_changed_actor.json,safety_er009_changed_actor,1,K1,,確定→確定(同じ範囲),resolved,EN,L0,,resolved,EN,L0,,"A team at Harvard Business School studied more than 13 million credit card payments in New York City taxis, and found that higher suggested tip rates led passengers to leave more money."
rep9/instances_s1/safety_er009_changed_number.json,safety_er009_changed_number,1,K1,,確定→確定(同じ範囲),resolved,EN,L0,,resolved,EN,L0,,"Researchers studied more than 30 million credit card payments in New York City taxis, and found that higher suggested tip rates led passengers to leave more money."
rep9/instances_s1/safety_er009_changed_number.json,safety_er009_changed_number,1,K3,F-002,確定→確定(同じ範囲),resolved,EN,L0,,resolved,EN,L0,,"Researchers studied more than 30 million credit card payments in New York City taxis, and found that higher suggested tip rates led passengers to leave more money."
rep9/instances_s1/safety_er009_unsupported_new_claim.json,safety_er009_unsupported_new_claim,1,K1,,確定→確定(同じ範囲),resolved,EN,L0,,resolved,EN,L0,,The same New York City taxi researchers also found that male passengers tipped twice as much as female passengers when shown a higher suggested rate.
rep9/instances_s2/bgroup_B3.json,bgroup_B3,1,K1,HF-007,確定不能→確定,unverified,,,mismatch,resolved,EN,L5_edge_punct,,"Concerns about US-Iran attacks, the sea blockade, and tanker safety continued on July 14, so the flashy 20% plan left the stage, but the chart only pulled back briefly before recovering."
rep9/instances_s2/hormuz_run03_standard.json,hormuz_run03_standard,1,K1,HF-009,確定→確定(同じ範囲),resolved,EN,L0,,resolved,EN,L0,,Oil prices did not fall across the whole market after the plan was withdrawn.
rep9/instances_s2/meta_run03_standard.json,meta_run03_standard,1,K1,MUSE-HC-010,確定→確定(同じ範囲),resolved,EN,L3,,resolved,EN,L3,,“Some calls needed user information to continue.”
rep9/instances_s2/meta_run03_standard.json,meta_run03_standard,2,K1,MUSE-HC-011,確定→確定(同じ範囲),resolved,EN,L3,,resolved,EN,L3,,“Human staff made inappropriate comments about race during calls. These calls were about trying to lower internet or cable fees.”
rep9/instances_s2/neg3_hormuz_prodrunner_b1b.json,neg3_hormuz_prodrunner_b1b,1,K1,HF-009,確定→確定(同じ範囲),resolved,EN,L0,,resolved,EN,L0,,"The fee plan left the stage, but the events driving oil prices—and the prices themselves—quickly returned."
rep9/instances_s2/safety_er009_changed_actor.json,safety_er009_changed_actor,1,K1,,確定→確定(同じ範囲),resolved,EN,L0,,resolved,EN,L0,,"A team at Harvard Business School studied more than 13 million credit card payments in New York City taxis, and found that higher suggested tip rates led passengers to leave more money."
rep9/instances_s2/safety_er009_changed_number.json,safety_er009_changed_number,1,K1,,確定→確定(同じ範囲),resolved,EN,L0,,resolved,EN,L0,,"Researchers studied more than 30 million credit card payments in New York City taxis, and found that higher suggested tip rates led passengers to leave more money."
rep9/instances_s2/safety_er009_changed_number.json,safety_er009_changed_number,1,K3,F-002,確定→確定(同じ範囲),resolved,EN,L0,,resolved,EN,L0,,"Researchers studied more than 30 million credit card payments in New York City taxis, and found that higher suggested tip rates led passengers to leave more money."
rep9/instances_s2/safety_er009_unsupported_new_claim.json,safety_er009_unsupported_new_claim,1,K1,,確定→確定(同じ範囲),resolved,EN,L0,,resolved,EN,L0,,The same New York City taxi researchers also found that male passengers tipped twice as much as female passengers when shown a higher suggested rate.
