method,run,final_state,stage4_reason,n_cycles,sentence_in_final_verbatim,HC010_BLOCKING_cycles,sentence_level_BLOCKING_cycles,target_pattern,calls,cost_jpy
new_rep22_T1,rep22/s1,RESOLVED_REWRITE_THEN_DOWNGRADE,,2,True,[],[],True,4,1.121
new_rep22_T1,rep22/s2,STAGE4_ESCALATION,cycle_limit_exhausted,3,False,[2],[2],False,7,2.1773
new_rep22_T1,rep22/s3,RESOLVED_REWRITE_THEN_DOWNGRADE,,2,True,[],[],True,4,1.314
new_rep22_T1,rep22/s4,RESOLVED_REWRITE_THEN_DOWNGRADE,,2,True,[],[],True,4,1.0118
old_fixed_input,iter8/instances_s1,STAGE4_ESCALATION,same_claim_fact_id_reblocked,3,False,[2],[2],False,17,5.1772
old_fixed_input,iter8/instances_s2,STAGE4_ESCALATION,target_not_locatable,2,True,[],[],False,14,2.9468
old_fixed_input,rep19/instances_s1,STAGE4_ESCALATION,cycle_limit_exhausted_after_recheck,3,False,[2],[2],False,31,6.2845
old_fixed_input,rep20/instances_s1,RESOLVED_REWRITE_THEN_DOWNGRADE,,3,False,[2],[2],False,7,2.0186
old_fixed_input,rep20/instances_s2,STAGE4_ESCALATION,ladder_exhausted_without_full_rewrite,2,True,[],[],False,7,1.8301
old_fixed_input,rep21/instances_s1,STAGE4_ESCALATION,cycle_limit_exhausted,3,True,[3],[3],False,8,2.1567
old_fixed_input,rep21/instances_s2,RESOLVED_REWRITE_THEN_DOWNGRADE,,2,True,[],[],True,4,1.2052
