detector,text,kind,k,failed,class_needed_user_information,class_raw_model_severity,class_user_information_phrase(補助),class_they_enjoyed_AI_convenience(参考),hit_fact_ids,hit_from_enumeration_expansion,hit_claims,n_major_total,n_minor_total,n_deviations_total,cost_jpy,error
A,N1,neg,1,False,none,none,none,MAJOR,[],[],[],1,0,1,0.3232,
A,N1,neg,2,False,none,none,none,MAJOR,[],[],[],1,0,1,0.3166,
A,N2,neg,1,False,none,none,none,none,[],[],[],1,0,1,0.3987,
A,N2,neg,2,False,none,none,none,MAJOR,[],[],[],1,0,1,0.3252,
A,P1,pos,1,False,MAJOR,MAJOR,MAJOR,MAJOR,"[""MUSE-HC-010""]",[false],"[""“Also, some calls needed user information to continue.”""]",2,0,2,0.5139,
A,P1,pos,2,False,MAJOR,MAJOR,MAJOR,MAJOR,"[""MUSE-HC-010""]",[false],"[""Also, some calls needed user information to continue.""]",2,0,2,0.3963,
A,P2,pos,1,False,MAJOR,MAJOR,MAJOR,none,"[""MUSE-HC-010""]",[false],"[""“Some calls needed user information to continue.”""]",2,0,2,0.6158,
A,P2,pos,2,False,none,none,none,MAJOR,[],[],[],1,0,1,0.3199,
A,P3,pos,1,False,none,none,none,MAJOR,[],[],[],1,0,1,0.3744,
A,P3,pos,2,False,none,none,none,none,[],[],[],0,1,1,0.4105,
A,P4,pos,1,False,none,none,none,MAJOR,[],[],[],1,0,1,0.3904,
A,P4,pos,2,False,none,none,none,none,[],[],[],1,0,1,0.3586,
B,N1,neg,1,False,none,none,none,MAJOR,[],[],[],3,0,3,0.3841,
B,N1,neg,2,False,none,none,none,MAJOR,[],[],[],4,0,4,0.4646,
B,N2,neg,1,False,none,none,none,MAJOR,[],[],[],4,0,4,0.4506,
B,N2,neg,2,False,none,none,none,MAJOR,[],[],[],5,0,5,0.4051,
B,N3,neg,1,False,none,none,none,none,[],[],[],7,0,7,0.8426,
B,N3,neg,2,False,none,none,none,none,[],[],[],5,0,5,0.451,
B,P1,pos,1,False,MAJOR,MAJOR,MAJOR,MAJOR,"[""MUSE-HC-010""]",[false],"[""“some calls needed user information to continue.”""]",4,0,4,0.6064,
B,P1,pos,2,False,none,none,none,MAJOR,[],[],[],6,0,6,0.4237,
B,P2,pos,1,False,none,none,none,none,[],[],[],0,0,0,0.3792,
B,P2,pos,2,False,MAJOR,MAJOR,MAJOR,MAJOR,"[""MUSE-HC-010""]",[false],"[""Also, some calls needed user information to continue.""]",5,0,5,0.5488,
B,P3,pos,1,False,none,none,none,none,[],[],[],0,0,0,0.0997,
B,P3,pos,2,False,none,none,none,MAJOR,[],[],[],5,0,5,0.3014,
B,P4,pos,1,False,none,none,none,MAJOR,[],[],[],4,0,4,0.5464,
B,P4,pos,2,False,none,none,none,MAJOR,[],[],[],4,0,4,0.4604,
B,P5,pos,1,False,none,none,none,MAJOR,[],[],[],5,0,5,0.5695,
B,P5,pos,2,False,none,none,none,MAJOR,[],[],[],2,0,2,0.3966,
C,N1,neg,1,False,none,none,none,MAJOR,[],[],[],6,0,6,0.541,
C,N1,neg,2,False,none,none,none,MAJOR,[],[],[],4,0,4,0.3423,
C,N2,neg,1,False,none,none,none,MINOR,[],[],[],0,7,7,0.541,
C,N2,neg,2,False,none,none,none,MINOR,[],[],[],0,4,4,0.3909,
C,N3,neg,1,False,none,none,none,none,[],[],[],0,4,4,0.4795,
C,N3,neg,2,False,none,none,none,none,[],[],[],4,0,4,0.4109,
C,P1,pos,1,False,MINOR,MINOR,MINOR,MINOR,"[""MUSE-HC-010""]",[false],"[""Also, some calls needed user information to continue.""]",0,4,4,0.7152,
C,P1,pos,2,False,MAJOR,MAJOR,MAJOR,MAJOR,"[""MUSE-HC-010""]",[false],"[""“Also, some calls needed user information to continue.”""]",6,0,6,0.6425,
C,P2,pos,1,False,MINOR,MINOR,MINOR,MINOR,"[""MUSE-HC-010""]",[false],"[""some calls needed user information to continue""]",0,5,5,0.7392,
C,P2,pos,2,False,MINOR,MINOR,MINOR,MINOR,"[""MUSE-HC-010""]",[false],"[""Some calls needed user information to continue.""]",0,6,6,0.5209,
C,P3,pos,1,False,none,none,none,none,[],[],[],0,4,4,0.4664,
C,P3,pos,2,False,MAJOR,MAJOR,MAJOR,MAJOR,"[""MUSE-HC-010""]",[false],"[""some calls needed user information to continue.""]",6,0,6,0.6411,
C,P4,pos,1,False,MAJOR,MAJOR,MAJOR,MAJOR,"[""MUSE-HC-010""]",[false],"[""Some calls needed user information to continue.""]",6,0,6,0.674,
C,P4,pos,2,False,MAJOR,MAJOR,MAJOR,MAJOR,"[""MUSE-HC-010""]",[false],"[""Also, some calls needed user information to continue.""]",7,0,7,0.5232,
C,P5,pos,1,False,none,none,none,none,[],[],[],7,0,7,0.6155,
C,P5,pos,2,False,MINOR,MINOR,MINOR,MINOR,"[""MUSE-HC-010""]",[false],"[""Some calls needed user information to continue.""]",3,6,9,0.6709,
